-27 3.525924956207086
-10 0.11753083187356952
-27 0.11753083187356952
-6 0.0
-10 0.11753083187356952
-27 0.11753083187356952
-3 0.0
-10 0.11753083187356952
-27 0.11753083187356952
-6 0.0
-10 0.11753083187356952
-27 0.11753083187356952
-3 0.0
-10 0.11753083187356952
-27 0.11753083187356952
-6 0.0
-10 0.11753083187356952
-27 0.11753083187356952
-3 0.0
-10 0.11753083187356952
-27 0.11753083187356952
-6 0.0
-10 0.11753083187356952
-27 0.11753083187356952
-3 0.0
-10 0.11753083187356952
-27 0.11753083187356952
-6 0.0
-10 0.11753083187356952
-27 0.11753083187356952
-3 0.0
-10 0.11753083187356952
-27 0.11753083187356952
-6 0.0
-10 0.11753083187356952
-27 0.11753083187356952
-3 0.0
-10 0.11753083187356952
-27 0.11753083187356952
-6 0.0
-10 0.11753083187356952
-27 0.11753083187356952
-3 0.0
-10 0.11753083187356952
-27 0.11753083187356952
-6 0.0
-10 0.11753083187356952
-27 0.11753083187356952
-3 0.0
-10 0.11753083187356952
-27 0.11753083187356952
-5 0.0
-10 0.11753083187356952
-27 0.11753083187356952
-2 0.0
-10 0.11753083187356952
-27 0.11753083187356952
-5 0.0
-10 0.11753083187356952
-27 0.11753083187356952
-2 0.0
-10 0.11753083187356952
-27 0.11753083187356952
-5 0.0
-10 0.11753083187356952
3 0.10283947788937334
-9 0.0
3 0.0
-9 0.0
3 0.0
-27 0.01469135398419619
-2 0.0
-10 0.11753083187356952
-27 0.11753083187356952
-5 0.0
-10 0.11753083187356952
-27 0.11753083187356952
-2 0.0
-10 0.11753083187356952
-27 0.11753083187356952
-5 0.0
-10 0.11753083187356952
-27 0.11753083187356952
-2 0.0
-10 0.11753083187356952
-7 0.11263371387883747
5 0.0
-7 0.0
5 0.0
-27 0.0048971179947320635
-5 0.0
-10 0.11753083187356952
-27 0.11753083187356952
-2 0.0
-10 0.11753083187356952
-27 0.11753083187356952
-5 0.0
-3 0.0068559651926248895
9 0.0
-3 0.0
9 0.0
-10 0.11067486668094464
-27 0.11753083187356952
-2 0.0
-10 0.11753083187356952
-27 0.11753083187356952
-5 0.0
-7 0.016650201182089017
5 0.0
-7 0.0
5 0.0
-10 0.10088063069148051
-27 0.11753083187356952
-2 0.0
-10 0.11753083187356952
-27 0.11753083187356952
-6 0.0
-10 0.11753083187356952
-27 0.11753083187356952
-3 0.0
-10 0.11753083187356952
-27 0.11753083187356952
-6 0.0
-10 0.11753083187356952
-27 0.11753083187356952
-3 0.0
-10 0.11753083187356952
-27 0.11753083187356952
-6 0.0
-10 0.11753083187356952
3 0.10283947788937334
-9 0.0
3 0.0
-9 0.0
3 0.0
-27 0.01469135398419619
-3 0.0
-10 0.11753083187356952
-27 0.11753083187356952
-6 0.0
-10 0.11753083187356952
-27 0.11753083187356952
-3 0.0
-10 0.11753083187356952
-27 0.11753083187356952
-6 0.0
-10 0.11753083187356952
-27 0.11753083187356952
-3 0.0
-10 0.11753083187356952
-7 0.11263371387883747
5 0.0
-7 0.0
5 0.0
-27 0.0048971179947320635
-6 0.0
-10 0.11753083187356952
-27 0.11753083187356952
-3 0.0
-10 0.11753083187356952
-27 0.11753083187356952
-6 0.0
-3 0.0068559651926248895
9 0.0
-3 0.0
9 0.0
-10 0.11067486668094464
-27 0.11753083187356952
-3 0.0
-10 0.11753083187356952
-27 0.11753083187356952
-6 0.0
-7 0.016650201182089017
5 0.0
-7 0.0
5 0.0
-10 0.10088063069148051
-27 0.11753083187356952
-3 0.0
-10 0.11753083187356952
-27 0.11753083187356952
-5 0.0
-10 0.11753083187356952
-27 0.11753083187356952
-2 0.0
-10 0.11753083187356952
-27 0.11753083187356952
-5 0.0
-10 0.11753083187356952
-27 0.11753083187356952
-2 0.0
-10 0.11753083187356952
-27 0.11753083187356952
-5 0.0
-10 0.11753083187356952
3 0.10283947788937334
-9 0.0
3 0.0
-9 0.0
3 0.0
-27 0.01469135398419619
-2 0.0
-10 0.11753083187356952
-27 0.11753083187356952
-5 0.0
-10 0.11753083187356952
-27 0.11753083187356952
-2 0.0
-10 0.11753083187356952
-27 0.11753083187356952
-5 0.0
-10 0.11753083187356952
-27 0.11753083187356952
-2 0.0
-10 0.11753083187356952
-7 0.11263371387883747
5 0.0
-7 0.0
5 0.0
-27 0.0048971179947320635
-5 0.0
-10 0.11753083187356952
-27 0.11753083187356952
-2 0.0
-10 0.11753083187356952
-27 0.11753083187356952
-5 0.0
-3 0.0068559651926248895
9 0.0
-3 0.0
9 0.0
-10 0.11067486668094464
-27 0.11753083187356952
-2 0.0
-10 0.11753083187356952
-27 0.11753083187356952
-5 0.0
-7 0.016650201182089017
5 0.0
-7 0.0
5 0.0
-10 0.10088063069148051
-27 0.11753083187356952
-2 0.0
-10 0.11753083187356952
-27 0.11753083187356952
2 0.0
-10 0.11753083187356952
-27 0.11753083187356952
0 0.0
-10 0.11753083187356952
-27 0.11753083187356952
-1 0.0
-10 0.11753083187356952
-27 0.11753083187356952
0 0.0
-10 0.11753083187356952
-27 0.11753083187356952
-1 0.0
-10 0.11753083187356952
3 0.10283947788937334
-9 0.0
3 0.0
-9 0.0
3 0.0
-9 0.0
3 0.0
-27 0.01469135398419619
-3 0.0
-10 0.11753083187356952
-27 0.11753083187356952
-1 0.0
-10 0.11753083187356952
-27 0.11753083187356952
-5 0.0
-10 0.11753083187356952
-27 0.11753083187356952
-3 0.0
-10 0.11753083187356952
-27 0.11753083187356952
-6 0.0
-10 0.11753083187356952
-7 0.11263371387883747
5 0.0
-7 0.0
5 0.0
-7 0.0
5 0.0
-27 0.0048971179947320635
-5 0.0
-10 0.11753083187356952
-27 0.11753083187356952
-6 0.0
-10 0.11753083187356952
-27 0.11753083187356952
-5 0.0
-3 0.0068559651926248895
9 0.0
-3 0.0
9 0.0
-3 0.0
9 0.0
-10 0.11067486668094464
-27 0.11753083187356952
-6 0.0
-10 0.11753083187356952
-27 0.11753083187356952
-5 0.0
-7 0.016650201182089017
5 0.0
-7 0.0
5 0.0
-7 0.0
5 0.0
-10 0.10088063069148051
-27 0.11753083187356952
-6 0.0
-10 0.11753083187356952
-27 0.11753083187356952
2 0.0
-10 0.11753083187356952
-27 0.11753083187356952
0 0.0
-10 0.11753083187356952
-27 0.11753083187356952
-1 0.0
-10 0.11753083187356952
-27 0.11753083187356952
0 0.0
-10 0.11753083187356952
-27 0.11753083187356952
-1 0.0
-10 0.11753083187356952
3 0.10283947788937334
-9 0.0
3 0.0
-9 0.0
3 0.0
-9 0.0
3 0.0
-27 0.01469135398419619
-3 0.0
-10 0.11753083187356952
-27 0.11753083187356952
-1 0.0
-10 0.11753083187356952
-27 0.11753083187356952
-5 0.0
-10 0.11753083187356952
-27 0.11753083187356952
-3 0.0
-10 0.11753083187356952
-27 0.11753083187356952
-6 0.0
-10 0.11753083187356952
-7 0.11263371387883747
5 0.0
-7 0.0
5 0.0
-7 0.0
5 0.0
-27 0.0048971179947320635
-5 0.0
-10 0.11753083187356952
-27 0.11753083187356952
-6 0.0
-10 0.11753083187356952
-27 0.11753083187356952
-5 0.0
-3 0.0068559651926248895
9 0.0
-3 0.0
9 0.0
-3 0.0
9 0.0
-10 0.11067486668094464
-27 0.11753083187356952
-6 0.0
-10 0.11753083187356952
-27 0.11753083187356952
-5 0.0
-7 0.016650201182089017
5 0.0
-7 0.0
5 0.0
-7 0.0
5 0.0
-10 0.10088063069148051
-27 0.11753083187356952
-6 0.0
-10 0.11753083187356952
-27 0.11753083187356952
2 0.0
-10 0.11753083187356952
-27 0.11753083187356952
0 0.0
-10 0.11753083187356952
-27 0.11753083187356952
-1 0.0
-10 0.11753083187356952
-27 0.11753083187356952
0 0.0
-10 0.11753083187356952
-27 0.11753083187356952
-1 0.0
-10 0.11753083187356952
3 0.10283947788937334
-9 0.0
3 0.0
-9 0.0
3 0.0
-9 0.0
3 0.0
-27 0.01469135398419619
-3 0.0
-10 0.11753083187356952
-27 0.11753083187356952
-1 0.0
-10 0.11753083187356952
-27 0.11753083187356952
-5 0.0
-10 0.11753083187356952
-27 0.11753083187356952
-3 0.0
-10 0.11753083187356952
-27 0.11753083187356952
-6 0.0
-10 0.11753083187356952
-7 0.11263371387883747
5 0.0
-7 0.0
5 0.0
-7 0.0
5 0.0
-27 0.0048971179947320635
-5 0.0
-10 0.11753083187356952
-27 0.11753083187356952
-6 0.0
-10 0.11753083187356952
-27 0.11753083187356952
-5 0.0
-3 0.0068559651926248895
9 0.0
-3 0.0
9 0.0
-3 0.0
9 0.0
-10 0.11067486668094464
-27 0.11753083187356952
-6 0.0
-10 0.11753083187356952
-27 0.11753083187356952
-5 0.0
-7 0.016650201182089017
5 0.0
-7 0.0
5 0.0
-7 0.0
5 0.0
-10 0.10088063069148051
-27 0.11753083187356952
-6 0.0
-10 0.11753083187356952
-27 0.11753083187356952
2 0.0
-10 0.11753083187356952
-27 0.11753083187356952
0 0.0
-10 0.11753083187356952
-27 0.11753083187356952
-1 0.0
-10 0.11753083187356952
-27 0.11753083187356952
0 0.0
-10 0.11753083187356952
-27 0.11753083187356952
-1 0.0
-10 0.11753083187356952
3 0.10283947788937334
-9 0.0
3 0.0
-9 0.0
3 0.0
-9 0.0
3 0.0
-27 0.01469135398419619
-3 0.0
-10 0.11753083187356952
-27 0.11753083187356952
-1 0.0
-10 0.11753083187356952
-27 0.11753083187356952
-5 0.0
-10 0.11753083187356952
-27 0.11753083187356952
-3 0.0
-10 0.11753083187356952
-27 0.11753083187356952
-6 0.0
-10 0.11753083187356952
-7 0.11263371387883747
5 0.0
-7 0.0
5 0.0
-7 0.0
5 0.0
-27 0.0048971179947320635
-5 0.0
-10 0.11753083187356952
-27 0.11753083187356952
-6 0.0
-10 0.11753083187356952
-27 0.11753083187356952
-5 0.0
-3 0.0068559651926248895
9 0.0
-3 0.0
9 0.0
-3 0.0
9 0.0
-10 0.11067486668094464
-27 0.11753083187356952
-6 0.0
-10 0.11753083187356952
-27 0.11753083187356952
-5 0.0
-7 0.016650201182089017
5 0.0
-7 0.0
5 0.0
-7 0.0
5 0.0
-10 0.10088063069148051
-27 0.11753083187356952
-6 0.0
-10 0.11753083187356952
2 0.11753083187356952
-10 0.0
-3 0.0
2 0.0
-28 0.0
-27 0.0
2 0.0
-10 0.0
-3 0.0
2 0.0
-10 0.11753083187356952
-27 0.11753083187356952
0 0.0
-10 0.11753083187356952
2 0.11753083187356952
-10 0.0
-3 0.0
2 0.0
-33 0.0
-28 0.0
-27 0.0
-1 0.0
-10 0.11753083187356952
-27 0.11753083187356952
0 0.0
-10 0.11753083187356952
-27 0.11753083187356952
-1 0.0
-10 0.11753083187356952
3 0.10283947788937334
-9 0.0
3 0.0
-9 0.0
3 0.0
-9 0.0
3 0.0
-27 0.01469135398419619
-3 0.0
-10 0.11753083187356952
-33 0.11753083187356952
-27 0.0
-1 0.0
-10 0.11753083187356952
-27 0.11753083187356952
-5 0.0
-10 0.11753083187356952
-27 0.11753083187356952
-3 0.0
-10 0.11753083187356952
-27 0.11753083187356952
-6 0.0
-10 0.11753083187356952
-7 0.11263371387883747
5 0.0
-7 0.0
5 0.0
-7 0.0
5 0.0
-33 0.0048971179947320635
-27 0.0
-5 0.0
-10 0.11753083187356952
-27 0.11753083187356952
-6 0.0
-10 0.11753083187356952
-27 0.11753083187356952
-5 0.0
-3 0.0068559651926248895
9 0.0
-3 0.0
9 0.0
-3 0.0
9 0.0
-10 0.11067486668094464
-27 0.11753083187356952
-6 0.0
-10 0.11753083187356952
-33 0.11753083187356952
-27 0.0
-5 0.0
-7 0.016650201182089017
5 0.0
-7 0.0
5 0.0
-7 0.0
5 0.0
-10 0.10088063069148051
-27 0.11753083187356952
-6 0.0
-10 0.11753083187356952
2 0.11753083187356952
-10 0.0
-3 0.0
2 0.0
-28 0.0
-27 0.0
2 0.0
-10 0.0
-3 0.0
2 0.0
-10 0.11753083187356952
-27 0.11753083187356952
0 0.0
-10 0.11753083187356952
2 0.11753083187356952
-10 0.0
-3 0.0
2 0.0
-33 0.0
-28 0.0
-27 0.0
-1 0.0
-10 0.11753083187356952
-27 0.11753083187356952
0 0.0
-10 0.11753083187356952
-27 0.11753083187356952
-1 0.0
-10 0.11753083187356952
3 0.10283947788937334
-9 0.0
3 0.0
-9 0.0
3 0.0
-9 0.0
3 0.0
-27 0.01469135398419619
-3 0.0
-10 0.11753083187356952
-33 0.11753083187356952
-27 0.0
-1 0.0
-10 0.11753083187356952
-27 0.11753083187356952
-5 0.0
-10 0.11753083187356952
-27 0.11753083187356952
-3 0.0
-10 0.11753083187356952
-27 0.11753083187356952
-6 0.0
-10 0.11753083187356952
-7 0.11263371387883747
5 0.0
-7 0.0
5 0.0
-7 0.0
5 0.0
-33 0.0048971179947320635
-27 0.0
-5 0.0
-10 0.11753083187356952
-27 0.11753083187356952
-6 0.0
-10 0.11753083187356952
-27 0.11753083187356952
-5 0.0
-3 0.0068559651926248895
9 0.0
-3 0.0
9 0.0
-3 0.0
9 0.0
-10 0.11067486668094464
-27 0.11753083187356952
-6 0.0
-10 0.11753083187356952
-33 0.11753083187356952
-27 0.0
-5 0.0
-7 0.016650201182089017
5 0.0
-7 0.0
5 0.0
-7 0.0
5 0.0
-10 0.10088063069148051
-27 0.11753083187356952
-6 0.0
-10 0.11753083187356952
-34 0.11753083187356952
2 0.0
-10 0.0
-3 0.0
2 0.0
-28 0.0
-27 0.0
2 0.0
-10 0.0
-3 0.0
2 0.0
-10 0.11753083187356952
-34 0.11753083187356952
-27 0.0
0 0.0
-10 0.11753083187356952
-34 0.11753083187356952
2 0.0
-10 0.0
-3 0.0
2 0.0
-33 0.0
-28 0.0
-27 0.0
-1 0.0
-10 0.11753083187356952
-34 0.11753083187356952
-27 0.0
0 0.0
-10 0.11753083187356952
-34 0.11753083187356952
-27 0.0
-1 0.0
-10 0.11753083187356952
3 0.10283947788937334
-9 0.0
3 0.0
-9 0.0
3 0.0
-9 0.0
3 0.0
-34 0.01469135398419619
-27 0.0
-3 0.0
-10 0.11753083187356952
-34 0.11753083187356952
-33 0.0
-27 0.0
-1 0.0
-10 0.11753083187356952
-34 0.11753083187356952
-27 0.0
-5 0.0
-10 0.11753083187356952
-34 0.11753083187356952
-27 0.0
-3 0.0
-10 0.11753083187356952
-34 0.11753083187356952
-27 0.0
-6 0.0
-10 0.11753083187356952
-7 0.11263371387883747
5 0.0
-7 0.0
5 0.0
-7 0.0
5 0.0
-34 0.0048971179947320635
-33 0.0
-27 0.0
-5 0.0
-10 0.11753083187356952
-34 0.11753083187356952
-27 0.0
-6 0.0
-10 0.11753083187356952
-34 0.11753083187356952
-27 0.0
-5 0.0
-3 0.0068559651926248895
9 0.0
-3 0.0
9 0.0
-3 0.0
9 0.0
-10 0.11067486668094464
-34 0.11753083187356952
-27 0.0
-6 0.0
-10 0.11753083187356952
-34 0.11753083187356952
-33 0.0
-27 0.0
-5 0.0
-7 0.016650201182089017
5 0.0
-7 0.0
5 0.0
-7 0.0
5 0.0
-10 0.10088063069148051
-34 0.11753083187356952
-27 0.0
-6 0.0
-10 0.11753083187356952
-34 0.11753083187356952
2 0.0
-10 0.0
-3 0.0
2 0.0
-28 0.0
-27 0.0
2 0.0
-10 0.0
-3 0.0
2 0.0
-10 0.11753083187356952
-34 0.11753083187356952
-27 0.0
0 0.0
-10 0.11753083187356952
-34 0.11753083187356952
2 0.0
-10 0.0
-3 0.0
2 0.0
-33 0.0
-28 0.0
-27 0.0
-1 0.0
-10 0.11753083187356952
-34 0.11753083187356952
-27 0.0
0 0.0
-10 0.11753083187356952
-34 0.11753083187356952
-27 0.0
-1 0.0
-10 0.11753083187356952
3 0.10283947788937334
-9 0.0
3 0.0
-9 0.0
3 0.0
-9 0.0
3 0.0
-34 0.01469135398419619
-27 0.0
-3 0.0
-10 0.11753083187356952
-34 0.11753083187356952
-33 0.0
-27 0.0
-1 0.0
-10 0.11753083187356952
-34 0.11753083187356952
-27 0.0
-5 0.0
-10 0.11753083187356952
-34 0.11753083187356952
-27 0.0
-3 0.0
-10 0.11753083187356952
-34 0.11753083187356952
-27 0.0
-6 0.0
-10 0.11753083187356952
-7 0.11263371387883747
5 0.0
-7 0.0
5 0.0
-7 0.0
5 0.0
-34 0.0048971179947320635
-33 0.0
-27 0.0
-5 0.0
-10 0.11753083187356952
-34 0.11753083187356952
-27 0.0
-6 0.0
-10 0.11753083187356952
-34 0.11753083187356952
-27 0.0
-5 0.0
-3 0.0068559651926248895
9 0.0
-3 0.0
9 0.0
-3 0.0
9 0.0
-10 0.11067486668094464
-34 0.11753083187356952
-27 0.0
-6 0.0
-10 0.11753083187356952
-34 0.11753083187356952
-33 0.0
-27 0.0
-5 0.0
-7 0.016650201182089017
5 0.0
-7 0.0
5 0.0
-7 0.0
5 0.0
-10 0.10088063069148051
-34 0.11753083187356952
-27 0.0
-6 0.0
-10 0.11753083187356952
-34 0.11753083187356952
2 0.0
-10 0.0
-3 0.0
2 0.0
-28 0.0
-27 0.0
2 0.0
-10 0.0
-3 0.0
2 0.0
-10 0.11753083187356952
-34 0.11753083187356952
-27 0.0
0 0.0
-10 0.11753083187356952
-34 0.11753083187356952
2 0.0
-10 0.0
-3 0.0
2 0.0
-33 0.0
-28 0.0
-27 0.0
-1 0.0
-10 0.11753083187356952
-34 0.11753083187356952
-27 0.0
0 0.0
-10 0.11753083187356952
-34 0.11753083187356952
-27 0.0
-1 0.0
-10 0.11753083187356952
3 0.10283947788937334
-9 0.0
3 0.0
-9 0.0
3 0.0
-9 0.0
3 0.0
-34 0.01469135398419619
-27 0.0
-3 0.0
-10 0.11753083187356952
-34 0.11753083187356952
-33 0.0
-27 0.0
-1 0.0
-10 0.11753083187356952
-34 0.11753083187356952
-27 0.0
-5 0.0
-10 0.11753083187356952
-34 0.11753083187356952
-27 0.0
-3 0.0
-10 0.11753083187356952
-34 0.11753083187356952
-27 0.0
-6 0.0
-10 0.11753083187356952
-7 0.11263371387883747
5 0.0
-7 0.0
5 0.0
-7 0.0
5 0.0
-34 0.0048971179947320635
-33 0.0
-27 0.0
-5 0.0
-10 0.11753083187356952
-34 0.11753083187356952
-27 0.0
-6 0.0
-10 0.11753083187356952
-34 0.11753083187356952
-27 0.0
-5 0.0
-3 0.0068559651926248895
9 0.0
-3 0.0
9 0.0
-3 0.0
9 0.0
-10 0.11067486668094464
-34 0.11753083187356952
-27 0.0
-6 0.0
-10 0.11753083187356952
-34 0.11753083187356952
-33 0.0
-27 0.0
-5 0.0
-7 0.016650201182089017
5 0.0
-7 0.0
5 0.0
-7 0.0
5 0.0
-10 0.10088063069148051
-34 0.11753083187356952
-27 0.0
-6 0.0
-10 0.11753083187356952
-34 0.11753083187356952
2 0.0
-10 0.0
-3 0.0
2 0.0
-28 0.0
-27 0.0
2 0.0
-10 0.0
-3 0.0
2 0.0
-10 0.11753083187356952
-34 0.11753083187356952
-27 0.0
0 0.0
-10 0.11753083187356952
-34 0.11753083187356952
2 0.0
-10 0.0
-3 0.0
2 0.0
-33 0.0
-28 0.0
-27 0.0
-1 0.0
-10 0.11753083187356952
-34 0.11753083187356952
-27 0.0
0 0.0
-10 0.11753083187356952
-34 0.11753083187356952
-27 0.0
-1 0.0
-10 0.11753083187356952
3 0.10283947788937334
-9 0.0
3 0.0
-9 0.0
3 0.0
-9 0.0
3 0.0
-34 0.01469135398419619
-27 0.0
-3 0.0
-10 0.11753083187356952
-34 0.11753083187356952
-33 0.0
-27 0.0
-1 0.0
-10 0.11753083187356952
-34 0.11753083187356952
-27 0.0
-5 0.0
-10 0.11753083187356952
-34 0.11753083187356952
-27 0.0
-3 0.0
-10 0.11753083187356952
-34 0.11753083187356952
-27 0.0
-6 0.0
-10 0.11753083187356952
-7 0.11263371387883747
5 0.0
-7 0.0
5 0.0
-7 0.0
5 0.0
-34 0.0048971179947320635
-33 0.0
-27 0.0
-5 0.0
-10 0.11753083187356952
-34 0.11753083187356952
-27 0.0
-6 0.0
-10 0.11753083187356952
-34 0.11753083187356952
-27 0.0
-5 0.0
-3 0.0068559651926248895
9 0.0
-3 0.0
9 0.0
-3 0.0
9 0.0
-10 0.11067486668094464
-34 0.11753083187356952
-27 0.0
-6 0.0
-10 0.11753083187356952
-34 0.11753083187356952
-33 0.0
-27 0.0
-5 0.0
-7 0.016650201182089017
5 0.0
-7 0.0
5 0.0
-7 0.0
5 0.0
-10 0.10088063069148051
-34 0.11753083187356952
-27 0.0
-6 0.0
-10 0.11753083187356952
-34 0.11753083187356952
14 0.0
2 0.0
-10 0.0
-3 0.0
2 0.0
-15 0.0
-10 0.0
-28 0.0
-27 0.0
2 0.0
-10 0.0
-3 0.0
2 0.0
-15 0.11753083187356952
-10 0.0
-10 0.0
-34 0.11753083187356952
-15 0.0
-10 0.0
-22 0.0
-27 0.0
0 0.0
-10 0.11753083187356952
-34 0.11753083187356952
14 0.0
2 0.0
-10 0.0
-3 0.0
2 0.0
-15 0.0
-10 0.0
-33 0.0
-28 0.0
-27 0.0
-1 0.0
-10 0.11753083187356952
-34 0.11753083187356952
-22 0.0
-15 0.0
-22 0.0
-27 0.0
0 0.0
-15 0.11753083187356952
-10 0.0
-10 0.0
-34 0.11753083187356952
-27 0.0
-1 0.0
-22 0.11753083187356952
-15 0.0
-10 0.0
-34 0.11753083187356952
-15 0.0
-10 0.0
-22 0.0
-27 0.0
-3 0.0
-10 0.11753083187356952
-34 0.11753083187356952
-15 0.0
-10 0.0
-33 0.0
-27 0.0
-1 0.0
-10 0.11753083187356952
-34 0.11753083187356952
-22 0.0
-27 0.0
-5 0.0
-10 0.11753083187356952
-34 0.11753083187356952
-15 0.0
-10 0.0
-27 0.0
-3 0.0
-15 0.11753083187356952
-10 0.0
-10 0.0
-34 0.11753083187356952
-15 0.0
-10 0.0
-22 0.0
-27 0.0
-6 0.0
-10 0.11753083187356952
-34 0.11753083187356952
-15 0.0
-10 0.0
-33 0.0
-27 0.0
-5 0.0
-10 0.11753083187356952
-34 0.11753083187356952
-22 0.0
-15 0.0
-22 0.0
-27 0.0
-6 0.0
-15 0.11753083187356952
-10 0.0
-10 0.0
-34 0.11753083187356952
-27 0.0
-5 0.0
-22 0.11753083187356952
-10 0.0
-10 0.0
-34 0.11753083187356952
-15 0.0
-10 0.0
-22 0.0
-27 0.0
-6 0.0
-10 0.11753083187356952
-34 0.11753083187356952
-15 0.0
-10 0.0
-33 0.0
-27 0.0
-5 0.0
-10 0.11753083187356952
-34 0.11753083187356952
-22 0.0
-27 0.0
-6 0.0
-10 0.11753083187356952
-34 0.11753083187356952
14 0.0
-10 0.0
-3 0.0
2 0.0
-15 0.0
-10 0.0
-28 0.0
-27 0.0
2 0.0
-10 0.0
-3 0.0
2 0.0
-15 0.11753083187356952
-10 0.0
-10 0.0
-34 0.11753083187356952
-15 0.0
-10 0.0
-22 0.0
-27 0.0
0 0.0
-10 0.11753083187356952
-34 0.11753083187356952
14 0.0
-10 0.0
-3 0.0
2 0.0
-15 0.0
-10 0.0
-33 0.0
-28 0.0
-27 0.0
-1 0.0
-10 0.11753083187356952
-34 0.11753083187356952
-22 0.0
-15 0.0
-22 0.0
-27 0.0
0 0.0
-15 0.11753083187356952
-10 0.0
-10 0.0
-34 0.11753083187356952
-27 0.0
-1 0.0
-22 0.11753083187356952
-15 0.0
-10 0.0
-34 0.11753083187356952
-15 0.0
-10 0.0
-22 0.0
-27 0.0
-3 0.0
-10 0.11753083187356952
-34 0.11753083187356952
-15 0.0
-10 0.0
-33 0.0
-27 0.0
-1 0.0
-10 0.11753083187356952
-34 0.11753083187356952
-22 0.0
-27 0.0
-5 0.0
-10 0.11753083187356952
-34 0.11753083187356952
-15 0.0
-10 0.0
-27 0.0
-3 0.0
-15 0.11753083187356952
-10 0.0
-10 0.0
-34 0.11753083187356952
-15 0.0
-10 0.0
-22 0.0
-27 0.0
-6 0.0
-10 0.11753083187356952
-34 0.11753083187356952
-15 0.0
-10 0.0
-33 0.0
-27 0.0
-5 0.0
-10 0.11753083187356952
-34 0.11753083187356952
-22 0.0
-15 0.0
-22 0.0
-27 0.0
-6 0.0
-15 0.11753083187356952
-10 0.0
-10 0.0
-34 0.11753083187356952
-27 0.0
-5 0.0
-22 0.11753083187356952
-10 0.0
-10 0.0
-34 0.11753083187356952
-15 0.0
-10 0.0
-22 0.0
-27 0.0
-6 0.0
-10 0.11753083187356952
-34 0.11753083187356952
-15 0.0
-10 0.0
-33 0.0
-27 0.0
-5 0.0
-10 0.11753083187356952
-34 0.11753083187356952
-22 0.0
-27 0.0
-6 0.0
-10 0.11753083187356952
-34 0.11753083187356952
14 0.0
-10 0.0
-3 0.0
2 0.0
-15 0.0
-10 0.0
-28 0.0
-27 0.0
2 0.0
-10 0.0
-3 0.0
2 0.0
-15 0.11753083187356952
-10 0.0
-10 0.0
-34 0.11753083187356952
-15 0.0
-10 0.0
-22 0.0
-27 0.0
0 0.0
-10 0.11753083187356952
-34 0.11753083187356952
14 0.0
-10 0.0
-3 0.0
2 0.0
-15 0.0
-10 0.0
-33 0.0
-28 0.0
-27 0.0
-1 0.0
-10 0.11753083187356952
-34 0.11753083187356952
-22 0.0
-15 0.0
-22 0.0
-27 0.0
0 0.0
-15 0.11753083187356952
-10 0.0
-10 0.0
-34 0.11753083187356952
-27 0.0
-1 0.0
-22 0.11753083187356952
-15 0.0
-10 0.0
-34 0.11753083187356952
-15 0.0
-10 0.0
-22 0.0
-27 0.0
-3 0.0
-10 0.11753083187356952
-34 0.11753083187356952
-15 0.0
-10 0.0
-33 0.0
-27 0.0
-1 0.0
-10 0.11753083187356952
-34 0.11753083187356952
-22 0.0
-27 0.0
-5 0.0
-10 0.11753083187356952
-34 0.11753083187356952
-15 0.0
-10 0.0
-27 0.0
-3 0.0
-15 0.11753083187356952
-10 0.0
-10 0.0
-34 0.11753083187356952
-15 0.0
-10 0.0
-22 0.0
-27 0.0
-6 0.0
-10 0.11753083187356952
-34 0.11753083187356952
-15 0.0
-10 0.0
-33 0.0
-27 0.0
-5 0.0
-10 0.11753083187356952
-34 0.11753083187356952
-22 0.0
-15 0.0
-22 0.0
-27 0.0
-6 0.0
-15 0.11753083187356952
-10 0.0
-10 0.0
-34 0.11753083187356952
-27 0.0
-5 0.0
-22 0.11753083187356952
-10 0.0
-10 0.0
-34 0.11753083187356952
-15 0.0
-10 0.0
-22 0.0
-27 0.0
-6 0.0
-10 0.11753083187356952
-34 0.11753083187356952
-15 0.0
-10 0.0
-33 0.0
-27 0.0
-5 0.0
-10 0.11753083187356952
-34 0.11753083187356952
-22 0.0
-27 0.0
-6 0.0
-10 0.11753083187356952
-34 0.11753083187356952
14 0.0
-10 0.0
-3 0.0
2 0.0
-15 0.0
-10 0.0
-28 0.0
-27 0.0
2 0.0
-10 0.0
-3 0.0
2 0.0
-15 0.11753083187356952
-10 0.0
-10 0.0
-34 0.11753083187356952
-15 0.0
-10 0.0
-22 0.0
-27 0.0
0 0.0
-10 0.11753083187356952
-34 0.11753083187356952
14 0.0
-10 0.0
-3 0.0
2 0.0
-15 0.0
-10 0.0
-33 0.0
-28 0.0
-27 0.0
-1 0.0
-10 0.11753083187356952
-34 0.11753083187356952
-22 0.0
-15 0.0
-22 0.0
-27 0.0
0 0.0
-15 0.11753083187356952
-10 0.0
-10 0.0
-34 0.11753083187356952
-27 0.0
-1 0.0
-22 0.11753083187356952
-15 0.0
-10 0.0
-34 0.11753083187356952
-15 0.0
-10 0.0
-22 0.0
-27 0.0
-3 0.0
-10 0.11753083187356952
-34 0.11753083187356952
-15 0.0
-10 0.0
-33 0.0
-27 0.0
-1 0.0
-10 0.11753083187356952
-34 0.11753083187356952
-22 0.0
-27 0.0
-5 0.0
-10 0.11753083187356952
-34 0.11753083187356952
-15 0.0
-10 0.0
-27 0.0
-3 0.0
-15 0.11753083187356952
-10 0.0
-10 0.0
-34 0.11753083187356952
-15 0.0
-10 0.0
-22 0.0
-27 0.0
-6 0.0
-10 0.11753083187356952
-34 0.11753083187356952
-15 0.0
-10 0.0
-33 0.0
-27 0.0
-5 0.0
-10 0.11753083187356952
-34 0.11753083187356952
-22 0.0
-15 0.0
-22 0.0
-27 0.0
-6 0.0
-15 0.11753083187356952
-10 0.0
-10 0.0
-34 0.11753083187356952
-27 0.0
-5 0.0
-22 0.11753083187356952
-10 0.0
-10 0.0
-34 0.11753083187356952
-15 0.0
-10 0.0
-22 0.0
-27 0.0
-6 0.0
14 0.0019588471978928255
-10 0.1155719846756767
14 0.1145925610767303
-34 0.0029382707968392385
-15 0.0
-10 0.0
-33 0.0
-27 0.0
-5 0.0
-10 0.11753083187356952
18 0.0999012070925341
-34 0.01762962478103543
-22 0.0
-27 0.0
-6 0.0
-10 0.11753083187356952
-34 0.11753083187356952
-15 0.0
-10 0.0
-27 0.0
2 0.0
-15 0.11753083187356952
-10 0.0
-10 0.0
-34 0.11753083187356952
-15 0.0
-10 0.0
-22 0.0
-27 0.0
0 0.0
-10 0.11753083187356952
-34 0.11753083187356952
-15 0.0
-10 0.0
-33 0.0
-27 0.0
-1 0.0
-10 0.11753083187356952
-34 0.11753083187356952
-22 0.0
-15 0.0
-22 0.0
-27 0.0
0 0.0
-15 0.11753083187356952
-10 0.0
-10 0.0
-34 0.11753083187356952
-27 0.0
-1 0.0
-22 0.11753083187356952
-15 0.0
-10 0.0
-34 0.11753083187356952
-15 0.0
-10 0.0
-22 0.0
-27 0.0
-3 0.0
14 0.0019588471978928255
-10 0.1155719846756767
-34 0.11753083187356952
-15 0.0
-10 0.0
-33 0.0
-27 0.0
-1 0.0
14 0.011753083187356954
-10 0.10577774868621258
-34 0.11753083187356952
-22 0.0
-27 0.0
-5 0.0
16 0.0048971179947320635
-10 0.11263371387883747
-34 0.11753083187356952
-15 0.0
-10 0.0
-27 0.0
-3 0.0
-15 0.11753083187356952
-10 0.0
-10 0.0
-34 0.11753083187356952
-15 0.0
-10 0.0
-22 0.0
-27 0.0
-6 0.0
14 0.02154731917682108
-10 0.09598351269674844
-34 0.11753083187356952
-15 0.0
-10 0.0
-33 0.0
-27 0.0
-5 0.0
-10 0.11753083187356952
-34 0.11753083187356952
18 0.0
-22 0.0
-15 0.0
-22 0.0
-27 0.0
-6 0.0
-15 0.11753083187356952
-10 0.0
-10 0.0
-34 0.11753083187356952
-27 0.0
-5 0.0
-22 0.11753083187356952
-10 0.0
-10 0.0
-34 0.11753083187356952
-15 0.0
-10 0.0
-22 0.0
-27 0.0
-6 0.0
14 0.03134155516628521
-10 0.08618927670728432
-34 0.11753083187356952
-15 0.0
-10 0.0
-33 0.0
-27 0.0
-5 0.0
-10 0.11753083187356952
-34 0.11753083187356952
-22 0.0
-27 0.0
-6 0.0
12 0.019588471978928254
-10 0.09794235989464127
-34 0.11753083187356952
-15 0.0
-10 0.0
-27 0.0
2 0.0
-15 0.11753083187356952
-10 0.0
-10 0.0
-34 0.11753083187356952
-15 0.0
-10 0.0
-22 0.0
-27 0.0
0 0.0
14 0.02154731917682108
-10 0.09598351269674844
-34 0.11753083187356952
-15 0.0
-10 0.0
-33 0.0
-27 0.0
-1 0.0
-10 0.11753083187356952
-34 0.11753083187356952
-22 0.0
-15 0.0
-22 0.0
-27 0.0
0 0.0
-15 0.11753083187356952
-10 0.0
-10 0.0
-34 0.11753083187356952
-27 0.0
-1 0.0
-22 0.11753083187356952
-15 0.0
-10 0.0
-34 0.11753083187356952
-15 0.0
-10 0.0
-22 0.0
-27 0.0
-3 0.0
-10 0.11753083187356952
-34 0.11753083187356952
-15 0.0
-10 0.0
-33 0.0
-27 0.0
-1 0.0
-10 0.11753083187356952
-34 0.11753083187356952
-22 0.0
-27 0.0
-5 0.0
-10 0.11753083187356952
-34 0.11753083187356952
14 0.0
-10 0.0
-3 0.0
2 0.0
-15 0.0
-10 0.0
-27 0.0
-3 0.0
-10 0.0
-3 0.0
2 0.0
-15 0.11753083187356952
-10 0.0
-10 0.0
-34 0.11753083187356952
-15 0.0
-10 0.0
-22 0.0
-27 0.0
-6 0.0
-10 0.11753083187356952
-34 0.11753083187356952
14 0.0
-10 0.0
-3 0.0
2 0.0
-15 0.0
-10 0.0
-33 0.0
-27 0.0
-5 0.0
-10 0.11753083187356952
-34 0.11753083187356952
-22 0.0
-15 0.0
-22 0.0
-27 0.0
-6 0.0
-15 0.11753083187356952
-10 0.0
-10 0.0
-34 0.11753083187356952
-27 0.0
-5 0.0
-22 0.11753083187356952
-10 0.0
-10 0.0
-34 0.11753083187356952
-15 0.0
-10 0.0
-22 0.0
-27 0.0
-6 0.0
14 0.0048971179947320635
-10 0.11263371387883747
14 0.11263371387883747
-34 0.0048971179947320635
-15 0.0
-10 0.0
-33 0.0
-27 0.0
-5 0.0
-10 0.11753083187356952
18 0.0999012070925341
-34 0.01762962478103543
-22 0.0
-27 0.0
-6 0.0
-10 0.11753083187356952
-34 0.11753083187356952
-15 0.0
-10 0.0
-27 0.0
2 0.0
-15 0.11753083187356952
-10 0.0
-10 0.0
-34 0.11753083187356952
-15 0.0
-10 0.0
-22 0.0
-27 0.0
0 0.0
-10 0.11753083187356952
-34 0.11753083187356952
-15 0.0
-10 0.0
-33 0.0
-27 0.0
-1 0.0
-10 0.11753083187356952
-34 0.11753083187356952
-22 0.0
-15 0.0
-22 0.0
-27 0.0
0 0.0
-15 0.11753083187356952
-10 0.0
-10 0.0
-34 0.11753083187356952
-27 0.0
-1 0.0
-22 0.11753083187356952
-15 0.0
-10 0.0
-34 0.11753083187356952
-15 0.0
-10 0.0
-22 0.0
-27 0.0
-3 0.0
14 0.0019588471978928255
-10 0.1155719846756767
-34 0.11753083187356952
-15 0.0
-10 0.0
-33 0.0
-27 0.0
-1 0.0
14 0.011753083187356954
-10 0.10577774868621258
-34 0.11753083187356952
-22 0.0
-27 0.0
-5 0.0
16 0.0048971179947320635
-10 0.11263371387883747
-34 0.11753083187356952
-15 0.0
-10 0.0
-27 0.0
-3 0.0
-15 0.11753083187356952
-10 0.0
-10 0.0
14 0.1145925610767303
-34 0.0029382707968392385
-15 0.0
-10 0.0
-22 0.0
-27 0.0
-6 0.0
-10 0.11753083187356952
-34 0.11753083187356952
-15 0.0
-10 0.0
-33 0.0
-27 0.0
-5 0.0
14 0.019588471978928254
-10 0.09794235989464127
-34 0.11753083187356952
-22 0.0
-15 0.0
-22 0.0
-27 0.0
-6 0.0
14 0.019588471978928254
-15 0.09794235989464127
-10 0.0
-10 0.0
-34 0.11753083187356952
-27 0.0
-5 0.0
-22 0.11753083187356952
-10 0.0
-10 0.0
-34 0.11753083187356952
-15 0.0
-10 0.0
-22 0.0
-27 0.0
-6 0.0
14 0.009794235989464127
-10 0.1077365958841054
-34 0.11753083187356952
-15 0.0
-10 0.0
-33 0.0
-27 0.0
-5 0.0
-10 0.11753083187356952
14 0.03427982596312445
-34 0.08325100591044508
-22 0.0
-27 0.0
-6 0.0
-10 0.11753083187356952
-34 0.11753083187356952
-15 0.0
-10 0.0
-27 0.0
2 0.0
14 0.024485589973660318
-15 0.09304524189990922
-10 0.0
-10 0.0
-34 0.11753083187356952
-15 0.0
-10 0.0
-22 0.0
-27 0.0
0 0.0
-10 0.11753083187356952
-34 0.11753083187356952
-15 0.0
-10 0.0
-33 0.0
-27 0.0
-1 0.0
-10 0.11753083187356952
-34 0.11753083187356952
-22 0.0
-15 0.0
-22 0.0
-27 0.0
0 0.0
-15 0.11753083187356952
-10 0.0
-10 0.0
-34 0.11753083187356952
-27 0.0
-1 0.0
-22 0.11753083187356952
-15 0.0
-10 0.0
-34 0.11753083187356952
-15 0.0
-10 0.0
-22 0.0
-27 0.0
-3 0.0
-10 0.11753083187356952
-34 0.11753083187356952
-15 0.0
-10 0.0
-33 0.0
-27 0.0
-1 0.0
-10 0.11753083187356952
-34 0.11753083187356952
-22 0.0
-27 0.0
-5 0.0
-10 0.11753083187356952
-34 0.11753083187356952
14 0.0
-10 0.0
-3 0.0
2 0.0
-15 0.0
-10 0.0
-27 0.0
-3 0.0
-10 0.0
-3 0.0
2 0.0
-15 0.11753083187356952
-10 0.0
-10 0.0
-34 0.11753083187356952
-15 0.0
-10 0.0
-22 0.0
-27 0.0
-6 0.0
-10 0.11753083187356952
-34 0.11753083187356952
14 0.0
-10 0.0
-3 0.0
2 0.0
-15 0.0
-10 0.0
-33 0.0
-27 0.0
-5 0.0
-10 0.11753083187356952
-34 0.11753083187356952
-22 0.0
-15 0.0
-22 0.0
-27 0.0
-6 0.0
-15 0.11753083187356952
-10 0.0
-10 0.0
-34 0.11753083187356952
-27 0.0
-5 0.0
-22 0.11753083187356952
-10 0.0
-10 0.0
14 0.10969544308199823
-34 0.007835388791571302
-15 0.0
-10 0.0
-22 0.0
-27 0.0
-6 0.0
-10 0.11753083187356952
-34 0.11753083187356952
-15 0.0
-10 0.0
-33 0.0
-27 0.0
-5 0.0
-10 0.11753083187356952
14 0.019588471978928254
-34 0.09794235989464127
-22 0.0
-27 0.0
-6 0.0
-10 0.11753083187356952
18 0.11263371387883747
-34 0.0048971179947320635
-15 0.0
-10 0.0
-27 0.0
2 0.0
-15 0.11753083187356952
-10 0.0
-10 0.0
-34 0.11753083187356952
-15 0.0
-10 0.0
-22 0.0
-27 0.0
0 0.0
-10 0.11753083187356952
-34 0.11753083187356952
-15 0.0
-10 0.0
-33 0.0
-27 0.0
-1 0.0
-10 0.11753083187356952
-34 0.11753083187356952
-22 0.0
-15 0.0
-22 0.0
-27 0.0
0 0.0
-15 0.11753083187356952
-10 0.0
-10 0.0
-34 0.11753083187356952
-27 0.0
-1 0.0
-22 0.11753083187356952
-15 0.0
-10 0.0
-34 0.11753083187356952
-15 0.0
-10 0.0
-22 0.0
-27 0.0
-3 0.0
14 0.0019588471978928255
-10 0.1155719846756767
-34 0.11753083187356952
-15 0.0
-10 0.0
-33 0.0
-27 0.0
-1 0.0
14 0.011753083187356954
-10 0.10577774868621258
-34 0.11753083187356952
-22 0.0
-27 0.0
-5 0.0
16 0.0048971179947320635
-10 0.11263371387883747
-34 0.11753083187356952
-15 0.0
-10 0.0
-27 0.0
-3 0.0
-15 0.11753083187356952
-10 0.0
-10 0.0
-34 0.11753083187356952
-15 0.0
-10 0.0
-22 0.0
-27 0.0
-6 0.0
-10 0.11753083187356952
-34 0.11753083187356952
-15 0.0
-10 0.0
-33 0.0
-27 0.0
-5 0.0
-10 0.11753083187356952
-34 0.11753083187356952
18 0.0
-22 0.0
-15 0.0
-22 0.0
-27 0.0
-6 0.0
-15 0.11753083187356952
-10 0.0
-10 0.0
-34 0.11753083187356952
-27 0.0
-5 0.0
-22 0.11753083187356952
-10 0.0
-10 0.0
-34 0.11753083187356952
-15 0.0
-10 0.0
-22 0.0
-27 0.0
-6 0.0
14 0.03134155516628521
-10 0.08618927670728432
-34 0.11753083187356952
-15 0.0
-10 0.0
-33 0.0
-27 0.0
-5 0.0
14 0.01469135398419619
-10 0.10283947788937334
-34 0.11753083187356952
-22 0.0
-27 0.0
-6 0.0
12 0.019588471978928254
-10 0.09794235989464127
-34 0.11753083187356952
-15 0.0
-10 0.0
-27 0.0
2 0.0
-15 0.11753083187356952
-10 0.0
-10 0.0
-34 0.11753083187356952
-15 0.0
-10 0.0
-22 0.0
-27 0.0
0 0.0
14 0.02154731917682108
-10 0.09598351269674844
-34 0.11753083187356952
-15 0.0
-10 0.0
-33 0.0
-27 0.0
-1 0.0
-10 0.11753083187356952
-34 0.11753083187356952
-22 0.0
-15 0.0
-22 0.0
-27 0.0
0 0.0
-15 0.11753083187356952
-10 0.0
-10 0.0
-34 0.11753083187356952
-27 0.0
-1 0.0
-22 0.11753083187356952
-15 0.0
-10 0.0
-34 0.11753083187356952
-15 0.0
-10 0.0
-22 0.0
-27 0.0
-3 0.0
-10 0.11753083187356952
-34 0.11753083187356952
-15 0.0
-10 0.0
-33 0.0
-27 0.0
-1 0.0
-10 0.11753083187356952
-34 0.11753083187356952
-22 0.0
-27 0.0
-5 0.0
-10 0.11753083187356952
-34 0.11753083187356952
14 0.0
-10 0.0
-3 0.0
2 0.0
-15 0.0
-10 0.0
-27 0.0
-3 0.0
-10 0.0
-3 0.0
2 0.0
-15 0.11753083187356952
-10 0.0
-10 0.0
-34 0.11753083187356952
-15 0.0
-10 0.0
-22 0.0
-27 0.0
-6 0.0
-10 0.11753083187356952
-34 0.11753083187356952
14 0.0
-10 0.0
-3 0.0
2 0.0
-15 0.0
-10 0.0
-33 0.0
-27 0.0
-5 0.0
-10 0.11753083187356952
-34 0.11753083187356952
-22 0.0
-15 0.0
-22 0.0
-27 0.0
-6 0.0
-15 0.11753083187356952
-10 0.0
-10 0.0
-34 0.11753083187356952
-27 0.0
-5 0.0
-22 0.11753083187356952
-10 0.0
-10 0.0
-34 0.11753083187356952
-15 0.0
-10 0.0
-22 0.0
-27 0.0
-6 0.0
16 0.0048971179947320635
-10 0.11263371387883747
14 0.11263371387883747
-34 0.0048971179947320635
-15 0.0
-10 0.0
-33 0.0
-27 0.0
-5 0.0
-10 0.11753083187356952
18 0.0999012070925341
-34 0.01762962478103543
-22 0.0
-27 0.0
-6 0.0
-10 0.11753083187356952
-34 0.11753083187356952
-15 0.0
-10 0.0
-27 0.0
2 0.0
-15 0.11753083187356952
-10 0.0
-10 0.0
-34 0.11753083187356952
-15 0.0
-10 0.0
-22 0.0
-27 0.0
0 0.0
-10 0.11753083187356952
-34 0.11753083187356952
-15 0.0
-10 0.0
-33 0.0
-27 0.0
-1 0.0
-10 0.11753083187356952
-34 0.11753083187356952
-22 0.0
-15 0.0
-22 0.0
-27 0.0
0 0.0
-15 0.11753083187356952
-10 0.0
-10 0.0
-34 0.11753083187356952
-27 0.0
-1 0.0
-22 0.11753083187356952
-15 0.0
-10 0.0
-34 0.11753083187356952
-15 0.0
-10 0.0
-22 0.0
-27 0.0
-3 0.0
14 0.0019588471978928255
-10 0.1155719846756767
-34 0.11753083187356952
-15 0.0
-10 0.0
-33 0.0
-27 0.0
-1 0.0
14 0.011753083187356954
-10 0.10577774868621258
-34 0.11753083187356952
-22 0.0
-27 0.0
-5 0.0
18 0.0048971179947320635
-10 0.11263371387883747
-34 0.11753083187356952
-15 0.0
-10 0.0
-27 0.0
-3 0.0
-15 0.11753083187356952
-10 0.0
-10 0.0
14 0.1145925610767303
-34 0.0029382707968392385
-15 0.0
-10 0.0
-22 0.0
-27 0.0
-6 0.0
-10 0.11753083187356952
-34 0.11753083187356952
-15 0.0
-10 0.0
-33 0.0
-27 0.0
-5 0.0
-10 0.11753083187356952
-34 0.11753083187356952
-22 0.0
-15 0.0
-22 0.0
-27 0.0
-6 0.0
-15 0.11753083187356952
-10 0.0
-10 0.0
-34 0.11753083187356952
-27 0.0
-5 0.0
18 0.011753083187356954
-22 0.10577774868621258
-10 0.0
-10 0.0
-34 0.11753083187356952
-15 0.0
-10 0.0
-22 0.0
-27 0.0
-6 0.0
14 0.10283947788937334
-10 0.01469135398419619
-34 0.11753083187356952
-15 0.0
-10 0.0
-33 0.0
-27 0.0
-5 0.0
-10 0.11753083187356952
14 0.07051849912414172
-34 0.047012332749427815
-22 0.0
-27 0.0
-6 0.0
-10 0.11753083187356952
-34 0.11753083187356952
-15 0.0
-10 0.0
-27 0.0
2 0.0
14 0.0048971179947320635
-15 0.11263371387883747
-10 0.0
-10 0.0
-34 0.11753083187356952
-15 0.0
-10 0.0
-22 0.0
-27 0.0
0 0.0
-10 0.11753083187356952
-34 0.11753083187356952
-15 0.0
-10 0.0
-33 0.0
-27 0.0
-1 0.0
-10 0.11753083187356952
-34 0.11753083187356952
-22 0.0
-15 0.0
-22 0.0
-27 0.0
0 0.0
-15 0.11753083187356952
-10 0.0
-10 0.0
-34 0.11753083187356952
-27 0.0
-1 0.0
-22 0.11753083187356952
-15 0.0
-10 0.0
-34 0.11753083187356952
-15 0.0
-10 0.0
-22 0.0
-27 0.0
-3 0.0
-10 0.11753083187356952
-34 0.11753083187356952
-15 0.0
-10 0.0
-33 0.0
-27 0.0
-1 0.0
-10 0.11753083187356952
-34 0.11753083187356952
-22 0.0
-27 0.0
-5 0.0
-10 0.11753083187356952
-34 0.11753083187356952
14 0.0
-10 0.0
-3 0.0
2 0.0
-15 0.0
-10 0.0
-27 0.0
-3 0.0
-10 0.0
-3 0.0
2 0.0
-15 0.11753083187356952
-10 0.0
-10 0.0
-34 0.11753083187356952
-15 0.0
-10 0.0
-22 0.0
-27 0.0
-6 0.0
-10 0.11753083187356952
-34 0.11753083187356952
14 0.0
-10 0.0
-3 0.0
2 0.0
-15 0.0
-10 0.0
-33 0.0
-27 0.0
-5 0.0
-10 0.11753083187356952
-34 0.11753083187356952
-22 0.0
-15 0.0
-22 0.0
-27 0.0
-6 0.0
-15 0.11753083187356952
-10 0.0
-10 0.0
-34 0.11753083187356952
14 0.0
-27 0.0
-5 0.0
-22 0.11753083187356952
-10 0.0
-10 0.0
-34 0.11753083187356952
-15 0.0
-10 0.0
-22 0.0
-27 0.0
-6 0.0
14 0.1077365958841054
-10 0.009794235989464127
-34 0.11753083187356952
-15 0.0
-10 0.0
-33 0.0
-27 0.0
-5 0.0
-10 0.11753083187356952
14 0.0685596519262489
-34 0.048971179947320635
-22 0.0
-27 0.0
-6 0.0
-10 0.11753083187356952
-34 0.11753083187356952
-15 0.0
-10 0.0
-22 0.0
-15 0.0
-27 0.0
2 0.0
18 0.0068559651926248895
-15 0.11067486668094464
-10 0.0
-10 0.0
-34 0.11753083187356952
-15 0.0
-10 0.0
-22 0.0
-27 0.0
0 0.0
-10 0.11753083187356952
-34 0.11753083187356952
-15 0.0
-10 0.0
-33 0.0
-27 0.0
-1 0.0
-10 0.11753083187356952
-34 0.11753083187356952
-22 0.0
-15 0.0
-22 0.0
-27 0.0
0 0.0
-15 0.11753083187356952
-10 0.0
-10 0.0
-34 0.11753083187356952
-24 0.0
-17 0.0
-27 0.0
-1 0.0
-22 0.11753083187356952
-15 0.0
-29 0.0
-22 0.0
-10 0.0
-34 0.11753083187356952
-15 0.0
-10 0.0
-22 0.0
-27 0.0
-3 0.0
-10 0.11753083187356952
-34 0.11753083187356952
-15 0.0
-10 0.0
-33 0.0
-27 0.0
-1 0.0
-10 0.11753083187356952
-34 0.11753083187356952
-22 0.0
-27 0.0
-5 0.0
-10 0.11753083187356952
-34 0.11753083187356952
-15 0.0
-10 0.0
-27 0.0
-3 0.0
-15 0.11753083187356952
-10 0.0
-10 0.0
-34 0.11753083187356952
-15 0.0
-10 0.0
-24 0.0
-17 0.0
-22 0.0
-27 0.0
-6 0.0
-10 0.11753083187356952
-34 0.11753083187356952
-15 0.0
-10 0.0
-33 0.0
-27 0.0
-5 0.0
-10 0.11753083187356952
-24 0.03917694395785651
-17 0.0
-34 0.07835388791571302
-22 0.0
-15 0.0
-22 0.0
-27 0.0
-6 0.0
-15 0.11753083187356952
-10 0.0
-10 0.0
-34 0.11753083187356952
-29 0.0
-22 0.0
-27 0.0
-5 0.0
17 0.0048971179947320635
-22 0.11263371387883747
-10 0.0
-10 0.0
-34 0.11753083187356952
-15 0.0
-10 0.0
-22 0.0
-27 0.0
-6 0.0
16 0.1145925610767303
-10 0.0029382707968392385
-34 0.11753083187356952
-15 0.0
-10 0.0
-33 0.0
-27 0.0
-5 0.0
-10 0.11753083187356952
17 0.08031273511360584
-34 0.03721809675996368
-22 0.0
-27 0.0
-6 0.0
-10 0.11753083187356952
-34 0.11753083187356952
-15 0.0
-10 0.0
-22 0.0
-15 0.0
-27 0.0
2 0.0
14 0.02938270796839238
-15 0.08814812390517715
-10 0.0
-10 0.0
-34 0.11753083187356952
-15 0.0
-10 0.0
-22 0.0
-27 0.0
0 0.0
-10 0.11753083187356952
-34 0.11753083187356952
-15 0.0
-10 0.0
-33 0.0
-27 0.0
-1 0.0
-10 0.11753083187356952
-34 0.11753083187356952
-22 0.0
-15 0.0
-22 0.0
-27 0.0
0 0.0
-15 0.11753083187356952
-10 0.0
-10 0.0
-34 0.11753083187356952
-24 0.0
-17 0.0
-27 0.0
-1 0.0
-22 0.11753083187356952
-15 0.0
-29 0.0
-22 0.0
-10 0.0
-34 0.11753083187356952
-15 0.0
-10 0.0
-22 0.0
-27 0.0
-3 0.0
-10 0.11753083187356952
-34 0.11753083187356952
-15 0.0
-10 0.0
-33 0.0
-27 0.0
-1 0.0
-10 0.11753083187356952
-34 0.11753083187356952
-22 0.0
-27 0.0
-5 0.0
-10 0.11753083187356952
-34 0.11753083187356952
-15 0.0
-10 0.0
-27 0.0
-3 0.0
-15 0.11753083187356952
-10 0.0
-10 0.0
-34 0.11753083187356952
-15 0.0
-10 0.0
-24 0.0
-17 0.0
-22 0.0
-27 0.0
-6 0.0
-10 0.11753083187356952
-34 0.11753083187356952
-15 0.0
-10 0.0
-33 0.0
-27 0.0
-5 0.0
-10 0.11753083187356952
-24 0.03917694395785651
-17 0.0
17 0.0048971179947320635
-34 0.07345676992098095
-22 0.0
-15 0.0
-22 0.0
-27 0.0
-6 0.0
-15 0.11753083187356952
-10 0.0
-10 0.0
17 0.1145925610767303
-34 0.0029382707968392385
-29 0.0
-22 0.0
-27 0.0
-5 0.0
-22 0.11753083187356952
-10 0.0
-10 0.0
-34 0.11753083187356952
-15 0.0
-10 0.0
-22 0.0
-27 0.0
-6 0.0
17 0.0999012070925341
-10 0.01762962478103543
-34 0.11753083187356952
-15 0.0
-10 0.0
-33 0.0
-27 0.0
-5 0.0
-10 0.11753083187356952
14 0.05582714513994553
-34 0.061703686733624
-22 0.0
-27 0.0
-6 0.0
-10 0.11753083187356952
-34 0.11753083187356952
-15 0.0
-10 0.0
-22 0.0
-15 0.0
-27 0.0
2 0.0
17 0.009794235989464127
-15 0.1077365958841054
-10 0.0
-10 0.0
-34 0.11753083187356952
-15 0.0
-10 0.0
-22 0.0
-27 0.0
0 0.0
-10 0.11753083187356952
-34 0.11753083187356952
-15 0.0
-10 0.0
-33 0.0
-28 0.0
-27 0.0
-1 0.0
-10 0.11753083187356952
-34 0.11753083187356952
-22 0.0
-15 0.0
-22 0.0
-27 0.0
0 0.0
-15 0.11753083187356952
-10 0.0
-10 0.0
-34 0.11753083187356952
-24 0.0
-17 0.0
-27 0.0
-1 0.0
-22 0.11753083187356952
-15 0.0
-29 0.0
-22 0.0
-10 0.0
-34 0.11753083187356952
-15 0.0
-10 0.0
-22 0.0
-27 0.0
-3 0.0
-10 0.11753083187356952
-34 0.11753083187356952
-15 0.0
-10 0.0
-33 0.0
-28 0.0
-27 0.0
-1 0.0
-10 0.11753083187356952
-34 0.11753083187356952
-22 0.0
-27 0.0
-5 0.0
-10 0.11753083187356952
-34 0.11753083187356952
-15 0.0
-10 0.0
-27 0.0
-3 0.0
-15 0.11753083187356952
-10 0.0
-10 0.0
-34 0.11753083187356952
-15 0.0
-10 0.0
-24 0.0
-17 0.0
-22 0.0
-27 0.0
-6 0.0
-10 0.11753083187356952
-34 0.11753083187356952
-15 0.0
-10 0.0
-33 0.0
-27 0.0
-5 0.0
-10 0.11753083187356952
-24 0.03917694395785651
-17 0.0
-34 0.07835388791571302
-22 0.0
-15 0.0
-22 0.0
-27 0.0
-6 0.0
-15 0.11753083187356952
-10 0.0
-10 0.0
17 0.10969544308199823
-34 0.007835388791571302
-29 0.0
-22 0.0
-27 0.0
-5 0.0
-22 0.11753083187356952
-10 0.0
-10 0.0
-34 0.11753083187356952
-15 0.0
-10 0.0
-22 0.0
-27 0.0
-6 0.0
14 0.0999012070925341
-10 0.01762962478103543
-34 0.11753083187356952
-15 0.0
-10 0.0
-33 0.0
-27 0.0
-5 0.0
-10 0.11753083187356952
14 0.0685596519262489
-34 0.048971179947320635
-22 0.0
-27 0.0
-6 0.0
-10 0.11753083187356952
-34 0.11753083187356952
-15 0.0
-10 0.0
-22 0.0
-15 0.0
-27 0.0
2 0.0
14 0.016650201182089017
-15 0.10088063069148051
-10 0.0
-10 0.0
-34 0.11753083187356952
-15 0.0
-10 0.0
-22 0.0
-27 0.0
0 0.0
-10 0.11753083187356952
-34 0.11753083187356952
-15 0.0
-10 0.0
-33 0.0
-27 0.0
-1 0.0
-10 0.11753083187356952
-34 0.11753083187356952
-22 0.0
-15 0.0
-22 0.0
-27 0.0
0 0.0
-15 0.11753083187356952
-10 0.0
-10 0.0
-34 0.11753083187356952
-24 0.0
-17 0.0
-27 0.0
-1 0.0
-22 0.11753083187356952
-15 0.0
-29 0.0
-22 0.0
-10 0.0
-34 0.11753083187356952
-15 0.0
-10 0.0
-22 0.0
-27 0.0
-3 0.0
-10 0.11753083187356952
-34 0.11753083187356952
-15 0.0
-10 0.0
-33 0.0
-27 0.0
-1 0.0
-10 0.11753083187356952
-34 0.11753083187356952
-22 0.0
-27 0.0
-5 0.0
-10 0.11753083187356952
-34 0.11753083187356952
-15 0.0
-10 0.0
-27 0.0
-3 0.0
-15 0.11753083187356952
-10 0.0
-10 0.0
-34 0.11753083187356952
-15 0.0
-10 0.0
-24 0.0
-17 0.0
-22 0.0
-27 0.0
-6 0.0
-10 0.11753083187356952
-34 0.11753083187356952
-15 0.0
-10 0.0
-33 0.0
-27 0.0
-5 0.0
-10 0.11753083187356952
-24 0.03917694395785651
-17 0.0
-34 0.07835388791571302
-22 0.0
-15 0.0
-22 0.0
-27 0.0
-6 0.0
-15 0.11753083187356952
-10 0.0
-10 0.0
-34 0.11753083187356952
-29 0.0
-22 0.0
-27 0.0
-5 0.0
-22 0.11753083187356952
-10 0.0
-10 0.0
-34 0.11753083187356952
-15 0.0
-10 0.0
-22 0.0
-27 0.0
-6 0.0
-10 0.11753083187356952
-34 0.11753083187356952
-15 0.0
-10 0.0
-33 0.0
-27 0.0
-5 0.0
-10 0.11753083187356952
-34 0.11753083187356952
-22 0.0
-27 0.0
-6 0.0
-10 0.11753083187356952
-34 0.11753083187356952
-15 0.0
-10 0.0
-27 0.0
2 0.0
-15 0.11753083187356952
-10 0.0
-10 0.0
-34 0.11753083187356952
-15 0.0
-10 0.0
-22 0.0
-27 0.0
0 0.0
-10 0.11753083187356952
-34 0.11753083187356952
-15 0.0
-10 0.0
-27 0.0
-1 0.0
-10 0.11753083187356952
-34 0.11753083187356952
-22 0.0
-15 0.0
-22 0.0
-27 0.0
0 0.0
-15 0.11753083187356952
-10 0.0
-10 0.0
-34 0.11753083187356952
-27 0.0
-1 0.0
-22 0.11753083187356952
-15 0.0
-10 0.0
-34 0.11753083187356952
-15 0.0
-10 0.0
-22 0.0
-27 0.0
-3 0.0
16 0.041135791155749335
-10 0.07639504071782019
-34 0.11753083187356952
-15 0.0
-10 0.0
-27 0.0
-1 0.0
-10 0.11753083187356952
17 0.05876541593678476
-34 0.05876541593678476
-22 0.0
-27 0.0
-5 0.0
-10 0.11753083187356952
-34 0.11753083187356952
-15 0.0
-10 0.0
-27 0.0
-3 0.0
-15 0.11753083187356952
-10 0.0
-10 0.0
-34 0.11753083187356952
-15 0.0
-10 0.0
-22 0.0
-6 0.0
-31 0.0685596519262489
-31 0.009794235989464127
-10 0.03917694395785651
-34 0.11753083187356952
-15 0.0
-10 0.0
-25 0.0
-5 0.0
-10 0.11753083187356952
-33 0.03917694395785651
-34 0.07835388791571302
-22 0.0
-15 0.0
-22 0.0
-6 0.0
-15 0.11753083187356952
-10 0.0
-10 0.0
-31 0.1077365958841054
-34 0.009794235989464127
-31 0.0
-25 0.0
-5 0.0
-22 0.11753083187356952
-10 0.0
-10 0.0
-34 0.11753083187356952
-15 0.0
-10 0.0
-22 0.0
-6 0.0
17 0.041135791155749335
-33 0.03721809675996368
-10 0.03917694395785651
-34 0.11753083187356952
-15 0.0
-10 0.0
-25 0.0
-5 0.0
-10 0.11753083187356952
-31 0.02938270796839238
-31 0.009794235989464127
14 0.01469135398419619
-34 0.06366253393151683
-22 0.0
-6 0.0
-10 0.11753083187356952
-34 0.11753083187356952
-15 0.0
-10 0.0
-22 0.0
-15 0.0
-10 0.0
-33 0.0
-20 0.0
2 0.0
14 0.0068559651926248895
-15 0.11067486668094464
-10 0.0
-10 0.0
-34 0.11753083187356952
-15 0.0
-10 0.0
-22 0.0
-27 0.0
0 0.0
-10 0.11753083187356952
-34 0.11753083187356952
-15 0.0
-10 0.0
-31 0.0
-27 0.0
-1 0.0
-10 0.11753083187356952
-34 0.11753083187356952
-22 0.0
-15 0.0
-22 0.0
-27 0.0
0 0.0
-15 0.11753083187356952
-10 0.0
-10 0.0
-34 0.11753083187356952
-33 0.0
-27 0.0
-1 0.0
-22 0.11753083187356952
-15 0.0
-10 0.0
-34 0.11753083187356952
-15 0.0
-10 0.0
-22 0.0
-27 0.0
-3 0.0
-10 0.11753083187356952
-34 0.11753083187356952
-15 0.0
-10 0.0
-31 0.0
-27 0.0
-1 0.0
-10 0.11753083187356952
-34 0.11753083187356952
-22 0.0
-27 0.0
-5 0.0
-10 0.11753083187356952
-34 0.11753083187356952
-15 0.0
-10 0.0
-33 0.0
-27 0.0
-3 0.0
-15 0.11753083187356952
-10 0.0
-10 0.0
-34 0.11753083187356952
-15 0.0
-10 0.0
-22 0.0
-27 0.0
-6 0.0
-10 0.11753083187356952
-34 0.11753083187356952
-15 0.0
-10 0.0
-31 0.0
-27 0.0
-5 0.0
-10 0.11753083187356952
-34 0.11753083187356952
-22 0.0
-15 0.0
-22 0.0
-27 0.0
-6 0.0
-15 0.11753083187356952
-10 0.0
-10 0.0
-34 0.11753083187356952
-33 0.0
-27 0.0
-5 0.0
-22 0.11753083187356952
-10 0.0
-10 0.0
-34 0.11753083187356952
-15 0.0
-10 0.0
-22 0.0
-27 0.0
-6 0.0
-10 0.11753083187356952
-34 0.11753083187356952
-15 0.0
-10 0.0
-31 0.0
-27 0.0
-5 0.0
-10 0.11753083187356952
-34 0.11753083187356952
-22 0.0
-27 0.0
-6 0.0
-10 0.11753083187356952
-34 0.11753083187356952
-15 0.0
-10 0.0
-33 0.0
-27 0.0
2 0.0
-15 0.11753083187356952
-10 0.0
-10 0.0
-34 0.11753083187356952
-15 0.0
-10 0.0
-22 0.0
-27 0.0
0 0.0
-10 0.11753083187356952
-34 0.11753083187356952
-15 0.0
-10 0.0
-31 0.0
-27 0.0
-1 0.0
-10 0.11753083187356952
-34 0.11753083187356952
-22 0.0
-15 0.0
-22 0.0
-27 0.0
0 0.0
-15 0.11753083187356952
-10 0.0
-10 0.0
-34 0.11753083187356952
-33 0.0
-27 0.0
-1 0.0
-22 0.11753083187356952
-15 0.0
-10 0.0
-34 0.11753083187356952
-15 0.0
-10 0.0
-22 0.0
-27 0.0
-3 0.0
-10 0.11753083187356952
-34 0.11753083187356952
-15 0.0
-10 0.0
-31 0.0
-27 0.0
-1 0.0
-10 0.11753083187356952
-34 0.11753083187356952
-22 0.0
-27 0.0
-5 0.0
-10 0.11753083187356952
-34 0.11753083187356952
-15 0.0
-10 0.0
-33 0.0
-27 0.0
-3 0.0
-15 0.11753083187356952
-10 0.0
-10 0.0
-34 0.11753083187356952
-15 0.0
-10 0.0
-22 0.0
-27 0.0
-6 0.0
-10 0.11753083187356952
-34 0.11753083187356952
-15 0.0
-10 0.0
-31 0.0
-27 0.0
-5 0.0
-10 0.11753083187356952
-34 0.11753083187356952
-22 0.0
-15 0.0
-22 0.0
-27 0.0
-6 0.0
-15 0.11753083187356952
-10 0.0
-10 0.0
-34 0.11753083187356952
18 0.0
-33 0.0
-27 0.0
-5 0.0
-22 0.11753083187356952
-10 0.0
-10 0.0
-34 0.11753083187356952
-15 0.0
-10 0.0
-22 0.0
-27 0.0
-6 0.0
19 0.1077365958841054
-10 0.009794235989464127
-34 0.11753083187356952
-15 0.0
-10 0.0
-31 0.0
-27 0.0
-5 0.0
-10 0.11753083187356952
18 0.0685596519262489
-34 0.048971179947320635
-22 0.0
-31 0.0
-27 0.0
-6 0.0
-31 0.11753083187356952
-10 0.0
-34 0.11753083187356952
-15 0.0
-10 0.0
-22 0.0
-15 0.0
-10 0.0
-33 0.0
-20 0.0
2 0.0
21 0.0068559651926248895
-15 0.11067486668094464
-10 0.0
-10 0.0
-34 0.11753083187356952
-15 0.0
-10 0.0
-22 0.0
-27 0.0
0 0.0
-10 0.11753083187356952
-34 0.11753083187356952
-15 0.0
-10 0.0
-31 0.0
-27 0.0
-1 0.0
21 0.019588471978928254
-10 0.09794235989464127
-34 0.11753083187356952
-22 0.0
-15 0.0
-22 0.0
-27 0.0
0 0.0
-15 0.11753083187356952
-10 0.0
-10 0.0
-34 0.11753083187356952
-33 0.0
-27 0.0
-1 0.0
-22 0.11753083187356952
-15 0.0
-10 0.0
-34 0.11753083187356952
-15 0.0
-10 0.0
-22 0.0
-27 0.0
-3 0.0
14 0.009794235989464127
-10 0.1077365958841054
-34 0.11753083187356952
-15 0.0
-10 0.0
-31 0.0
-27 0.0
-1 0.0
-10 0.11753083187356952
14 0.03917694395785651
-34 0.07835388791571302
-22 0.0
-27 0.0
-5 0.0
-10 0.11753083187356952
18 0.08814812390517715
-34 0.02938270796839238
-15 0.0
-10 0.0
-33 0.0
-27 0.0
-3 0.0
-15 0.11753083187356952
-10 0.0
-10 0.0
-34 0.11753083187356952
-15 0.0
-10 0.0
-22 0.0
-27 0.0
-6 0.0
18 0.08814812390517715
-10 0.02938270796839238
-34 0.11753083187356952
-15 0.0
-10 0.0
-31 0.0
-27 0.0
-5 0.0
-10 0.11753083187356952
-34 0.11753083187356952
-22 0.0
-15 0.0
-22 0.0
-27 0.0
-6 0.0
-15 0.11753083187356952
-10 0.0
-10 0.0
-34 0.11753083187356952
18 0.0
-33 0.0
-27 0.0
-5 0.0
-22 0.11753083187356952
-10 0.0
-10 0.0
-34 0.11753083187356952
-15 0.0
-10 0.0
-22 0.0
-27 0.0
-6 0.0
19 0.1077365958841054
-10 0.009794235989464127
-34 0.11753083187356952
-15 0.0
-10 0.0
-31 0.0
-27 0.0
-5 0.0
-10 0.11753083187356952
18 0.0685596519262489
-34 0.048971179947320635
-22 0.0
-27 0.0
-6 0.0
-10 0.11753083187356952
-34 0.11753083187356952
-15 0.0
-10 0.0
-33 0.0
-27 0.0
2 0.0
21 0.0068559651926248895
-15 0.11067486668094464
-10 0.0
-10 0.0
-34 0.11753083187356952
-15 0.0
-10 0.0
-22 0.0
-27 0.0
0 0.0
-10 0.11753083187356952
-34 0.11753083187356952
-15 0.0
-10 0.0
-31 0.0
-27 0.0
-1 0.0
-10 0.11753083187356952
-34 0.11753083187356952
-22 0.0
-15 0.0
-22 0.0
-27 0.0
0 0.0
-15 0.11753083187356952
-10 0.0
-10 0.0
-34 0.11753083187356952
-33 0.0
-27 0.0
-1 0.0
-22 0.11753083187356952
-15 0.0
-10 0.0
-34 0.11753083187356952
-15 0.0
-10 0.0
-22 0.0
-27 0.0
-3 0.0
-10 0.11753083187356952
-34 0.11753083187356952
-15 0.0
-10 0.0
-31 0.0
-27 0.0
-1 0.0
-10 0.11753083187356952
-34 0.11753083187356952
-22 0.0
-27 0.0
-5 0.0
-10 0.11753083187356952
-34 0.11753083187356952
-15 0.0
-10 0.0
-33 0.0
-27 0.0
-3 0.0
-15 0.11753083187356952
-10 0.0
-10 0.0
-34 0.11753083187356952
-15 0.0
-10 0.0
-22 0.0
-27 0.0
-6 0.0
-10 0.11753083187356952
-34 0.11753083187356952
-15 0.0
-10 0.0
-31 0.0
-27 0.0
-5 0.0
-10 0.11753083187356952
9 0.08325100591044508
-34 0.03427982596312445
-22 0.0
-15 0.0
-22 0.0
-27 0.0
-6 0.0
-15 0.11753083187356952
-10 0.0
-10 0.0
-34 0.11753083187356952
18 0.0
-33 0.0
-27 0.0
-5 0.0
-22 0.11753083187356952
-10 0.0
-10 0.0
-34 0.11753083187356952
-15 0.0
-10 0.0
-22 0.0
-27 0.0
-6 0.0
19 0.1077365958841054
-10 0.009794235989464127
-34 0.11753083187356952
-15 0.0
-10 0.0
-31 0.0
-27 0.0
-5 0.0
-10 0.11753083187356952
18 0.0685596519262489
-34 0.048971179947320635
-22 0.0
-27 0.0
-6 0.0
-10 0.11753083187356952
-34 0.11753083187356952
-15 0.0
-10 0.0
-22 0.0
-15 0.0
-10 0.0
-33 0.0
-27 0.0
2 0.0
21 0.0068559651926248895
-15 0.11067486668094464
-10 0.0
-10 0.0
-34 0.11753083187356952
-15 0.0
-10 0.0
-22 0.0
-27 0.0
0 0.0
21 0.11753083187356952
-10 0.0
-34 0.11753083187356952
-15 0.0
-10 0.0
-31 0.0
-27 0.0
-1 0.0
-10 0.11753083187356952
-34 0.11753083187356952
-22 0.0
-15 0.0
-22 0.0
-27 0.0
0 0.0
-15 0.11753083187356952
-10 0.0
-10 0.0
-34 0.11753083187356952
-33 0.0
-27 0.0
-1 0.0
-22 0.11753083187356952
-15 0.0
-10 0.0
-34 0.11753083187356952
-15 0.0
-10 0.0
-22 0.0
-27 0.0
-3 0.0
-10 0.11753083187356952
19 0.10479832508726616
-34 0.012732506786303366
-15 0.0
-10 0.0
-31 0.0
-27 0.0
-1 0.0
-10 0.11753083187356952
-34 0.11753083187356952
-22 0.0
-27 0.0
-5 0.0
-10 0.11753083187356952
-34 0.11753083187356952
-15 0.0
-10 0.0
-33 0.0
-27 0.0
-3 0.0
21 0.0068559651926248895
-15 0.11067486668094464
-10 0.0
-10 0.0
-34 0.11753083187356952
-15 0.0
-10 0.0
-22 0.0
-27 0.0
-6 0.0
21 0.10479832508726616
-10 0.012732506786303366
-34 0.11753083187356952
-15 0.0
-10 0.0
-31 0.0
-27 0.0
-5 0.0
-10 0.11753083187356952
19 0.07345676992098095
-34 0.044074061952588575
-22 0.0
-15 0.0
-22 0.0
-27 0.0
-6 0.0
-15 0.11753083187356952
-10 0.0
-10 0.0
-34 0.11753083187356952
-33 0.0
-27 0.0
-5 0.0
21 0.01469135398419619
-22 0.10283947788937334
-10 0.0
-10 0.0
-34 0.11753083187356952
-15 0.0
-10 0.0
-22 0.0
-27 0.0
-6 0.0
19 0.1077365958841054
-10 0.009794235989464127
-34 0.11753083187356952
-15 0.0
-10 0.0
-31 0.0
-27 0.0
-5 0.0
-10 0.11753083187356952
18 0.0685596519262489
-34 0.048971179947320635
-22 0.0
-27 0.0
-6 0.0
-10 0.11753083187356952
-34 0.11753083187356952
-15 0.0
-10 0.0
-33 0.0
-27 0.0
2 0.0
14 0.0068559651926248895
-15 0.11067486668094464
-10 0.0
-10 0.0
-34 0.11753083187356952
-15 0.0
-10 0.0
-22 0.0
-27 0.0
0 0.0
-10 0.11753083187356952
-34 0.11753083187356952
-15 0.0
-10 0.0
-31 0.0
-27 0.0
-1 0.0
-10 0.11753083187356952
-34 0.11753083187356952
-22 0.0
-15 0.0
-22 0.0
-27 0.0
0 0.0
-15 0.11753083187356952
-10 0.0
-10 0.0
-34 0.11753083187356952
-33 0.0
-27 0.0
-1 0.0
-22 0.11753083187356952
-15 0.0
-10 0.0
-34 0.11753083187356952
-15 0.0
-10 0.0
-22 0.0
-27 0.0
-3 0.0
-10 0.11753083187356952
-34 0.11753083187356952
-15 0.0
-10 0.0
-31 0.0
-27 0.0
-1 0.0
-10 0.11753083187356952
-34 0.11753083187356952
-22 0.0
-27 0.0
-5 0.0
-10 0.11753083187356952
-34 0.11753083187356952
-15 0.0
-10 0.0
-33 0.0
-27 0.0
-3 0.0
-15 0.11753083187356952
-10 0.0
-10 0.0
-34 0.11753083187356952
-15 0.0
-10 0.0
-22 0.0
-27 0.0
-6 0.0
-10 0.11753083187356952
-34 0.11753083187356952
-15 0.0
-10 0.0
-31 0.0
-27 0.0
-5 0.0
-10 0.11753083187356952
-34 0.11753083187356952
-22 0.0
-15 0.0
-22 0.0
-27 0.0
-6 0.0
-15 0.11753083187356952
-10 0.0
-10 0.0
-34 0.11753083187356952
18 0.0
-33 0.0
-27 0.0
-5 0.0
-22 0.11753083187356952
-10 0.0
-10 0.0
-34 0.11753083187356952
-15 0.0
-10 0.0
-22 0.0
-27 0.0
-6 0.0
19 0.1077365958841054
-10 0.009794235989464127
-34 0.11753083187356952
-15 0.0
-10 0.0
-31 0.0
-27 0.0
-5 0.0
-10 0.11753083187356952
18 0.0685596519262489
-34 0.048971179947320635
-22 0.0
-27 0.0
-6 0.0
-10 0.11753083187356952
-34 0.11753083187356952
-15 0.0
-10 0.0
-22 0.0
-15 0.0
-10 0.0
-33 0.0
-27 0.0
2 0.0
21 0.0068559651926248895
-15 0.11067486668094464
-10 0.0
-10 0.0
-34 0.11753083187356952
-15 0.0
-10 0.0
-22 0.0
-27 0.0
0 0.0
-10 0.11753083187356952
-34 0.11753083187356952
-15 0.0
-10 0.0
-31 0.0
-27 0.0
-1 0.0
-10 0.11753083187356952
-34 0.11753083187356952
-22 0.0
-15 0.0
-22 0.0
-27 0.0
0 0.0
-15 0.11753083187356952
-10 0.0
-10 0.0
-34 0.11753083187356952
-33 0.0
-27 0.0
-1 0.0
-22 0.11753083187356952
-15 0.0
-10 0.0
-34 0.11753083187356952
-15 0.0
-10 0.0
-22 0.0
-27 0.0
-3 0.0
-10 0.11753083187356952
-34 0.11753083187356952
-15 0.0
-10 0.0
-31 0.0
-27 0.0
-1 0.0
-10 0.11753083187356952
14 0.08325100591044508
-34 0.03427982596312445
-22 0.0
-27 0.0
-5 0.0
-10 0.11753083187356952
-34 0.11753083187356952
-15 0.0
-10 0.0
-33 0.0
-27 0.0
-3 0.0
18 0.0068559651926248895
-15 0.11067486668094464
-10 0.0
-10 0.0
-34 0.11753083187356952
-15 0.0
-10 0.0
-22 0.0
-27 0.0
-6 0.0
19 0.10479832508726616
-10 0.012732506786303366
-34 0.11753083187356952
-15 0.0
-10 0.0
-31 0.0
-27 0.0
-5 0.0
-10 0.11753083187356952
18 0.07345676992098095
-34 0.044074061952588575
-22 0.0
-15 0.0
-22 0.0
-27 0.0
-6 0.0
-15 0.11753083187356952
-10 0.0
-10 0.0
-34 0.11753083187356952
-33 0.0
-27 0.0
-5 0.0
19 0.01469135398419619
-22 0.10283947788937334
-10 0.0
-10 0.0
-34 0.11753083187356952
-15 0.0
-10 0.0
-22 0.0
-27 0.0
-6 0.0
18 0.1077365958841054
-10 0.009794235989464127
-34 0.11753083187356952
-15 0.0
-10 0.0
-31 0.0
-27 0.0
-5 0.0
-10 0.11753083187356952
18 0.0685596519262489
-34 0.048971179947320635
-22 0.0
-27 0.0
-6 0.0
-10 0.11753083187356952
-34 0.11753083187356952
-15 0.0
-10 0.0
-33 0.0
-27 0.0
2 0.0
21 0.0068559651926248895
-15 0.11067486668094464
-10 0.0
-10 0.0
-34 0.11753083187356952
-15 0.0
-10 0.0
-22 0.0
-27 0.0
0 0.0
-10 0.11753083187356952
-34 0.11753083187356952
-15 0.0
-10 0.0
-31 0.0
-27 0.0
-1 0.0
-10 0.11753083187356952
-34 0.11753083187356952
-22 0.0
-15 0.0
-22 0.0
-27 0.0
0 0.0
-15 0.11753083187356952
-10 0.0
-10 0.0
-34 0.11753083187356952
-33 0.0
-27 0.0
-1 0.0
-22 0.11753083187356952
-15 0.0
-10 0.0
-34 0.11753083187356952
-15 0.0
-10 0.0
-22 0.0
-27 0.0
-3 0.0
-10 0.11753083187356952
-34 0.11753083187356952
-15 0.0
-10 0.0
-31 0.0
-27 0.0
-1 0.0
-10 0.11753083187356952
-34 0.11753083187356952
-22 0.0
-27 0.0
-5 0.0
-10 0.11753083187356952
-34 0.11753083187356952
-15 0.0
-10 0.0
-33 0.0
-27 0.0
-3 0.0
-15 0.11753083187356952
-10 0.0
-10 0.0
-34 0.11753083187356952
-15 0.0
-10 0.0
-22 0.0
-27 0.0
-6 0.0
-10 0.11753083187356952
-34 0.11753083187356952
-15 0.0
-10 0.0
-31 0.0
-27 0.0
-5 0.0
-10 0.11753083187356952
-34 0.11753083187356952
-22 0.0
-15 0.0
-22 0.0
-27 0.0
-6 0.0
-15 0.11753083187356952
-10 0.0
-10 0.0
-34 0.11753083187356952
18 0.0
-33 0.0
-27 0.0
-5 0.0
-22 0.11753083187356952
-10 0.0
-10 0.0
-34 0.11753083187356952
-15 0.0
-10 0.0
-22 0.0
-27 0.0
-6 0.0
19 0.1077365958841054
-10 0.009794235989464127
-34 0.11753083187356952
-15 0.0
-10 0.0
-31 0.0
-27 0.0
-5 0.0
-10 0.11753083187356952
18 0.0685596519262489
-34 0.048971179947320635
-22 0.0
-27 0.0
-6 0.0
-10 0.11753083187356952
-34 0.11753083187356952
-15 0.0
-10 0.0
-22 0.0
-15 0.0
-10 0.0
-33 0.0
-27 0.0
2 0.0
21 0.0068559651926248895
-15 0.11067486668094464
-10 0.0
-10 0.0
-34 0.11753083187356952
-15 0.0
-10 0.0
-22 0.0
-27 0.0
0 0.0
-10 0.11753083187356952
-34 0.11753083187356952
-15 0.0
-10 0.0
-31 0.0
-27 0.0
-1 0.0
-10 0.11753083187356952
-34 0.11753083187356952
-22 0.0
-15 0.0
-22 0.0
-27 0.0
0 0.0
-15 0.11753083187356952
-10 0.0
-10 0.0
-34 0.11753083187356952
18 0.0
-33 0.0
-27 0.0
-1 0.0
-22 0.11753083187356952
-15 0.0
-10 0.0
-34 0.11753083187356952
-15 0.0
-10 0.0
-22 0.0
-27 0.0
-3 0.0
19 0.1077365958841054
-10 0.009794235989464127
-34 0.11753083187356952
-15 0.0
-10 0.0
-31 0.0
-27 0.0
-1 0.0
-10 0.11753083187356952
18 0.0685596519262489
-34 0.048971179947320635
-22 0.0
-27 0.0
-5 0.0
-10 0.11753083187356952
-34 0.11753083187356952
-15 0.0
-10 0.0
-33 0.0
-27 0.0
-3 0.0
21 0.0068559651926248895
-15 0.11067486668094464
-10 0.0
-10 0.0
-34 0.11753083187356952
-15 0.0
-10 0.0
-22 0.0
-27 0.0
-6 0.0
-10 0.11753083187356952
-34 0.11753083187356952
-15 0.0
-10 0.0
-31 0.0
-27 0.0
-5 0.0
-10 0.11753083187356952
-34 0.11753083187356952
-22 0.0
-15 0.0
-22 0.0
-27 0.0
-6 0.0
-15 0.11753083187356952
-10 0.0
-10 0.0
18 0.10479832508726616
-34 0.012732506786303366
-33 0.0
-27 0.0
-5 0.0
-22 0.11753083187356952
-10 0.0
-10 0.0
-34 0.11753083187356952
-15 0.0
-10 0.0
-22 0.0
-27 0.0
-6 0.0
-10 0.11753083187356952
-34 0.11753083187356952
-15 0.0
-10 0.0
-31 0.0
-27 0.0
-5 0.0
19 0.0048971179947320635
-10 0.11263371387883747
-34 0.11753083187356952
-22 0.0
-27 0.0
-6 0.0
-10 0.11753083187356952
21 0.11263371387883747
-34 0.0048971179947320635
-15 0.0
-10 0.0
-33 0.0
-27 0.0
2 0.0
-15 0.11753083187356952
-10 0.0
-10 0.0
-34 0.11753083187356952
-15 0.0
-10 0.0
-22 0.0
-27 0.0
0 0.0
-10 0.11753083187356952
-34 0.11753083187356952
-15 0.0
-10 0.0
-31 0.0
-27 0.0
-1 0.0
-10 0.11753083187356952
-34 0.11753083187356952
-22 0.0
-15 0.0
-22 0.0
-27 0.0
0 0.0
-15 0.11753083187356952
-10 0.0
-10 0.0
21 0.11263371387883747
-34 0.0048971179947320635
-33 0.0
-27 0.0
-1 0.0
-22 0.11753083187356952
-15 0.0
-10 0.0
-34 0.11753083187356952
-15 0.0
-10 0.0
-22 0.0
-27 0.0
-3 0.0
-10 0.11753083187356952
-34 0.11753083187356952
-15 0.0
-10 0.0
-31 0.0
-27 0.0
-1 0.0
-10 0.11753083187356952
-34 0.11753083187356952
-22 0.0
-27 0.0
-5 0.0
-10 0.11753083187356952
-34 0.11753083187356952
-15 0.0
-10 0.0
-33 0.0
-27 0.0
-3 0.0
21 0.009794235989464127
-15 0.1077365958841054
-10 0.0
-10 0.0
-34 0.11753083187356952
-15 0.0
-10 0.0
-22 0.0
-27 0.0
-6 0.0
21 0.09500408909780203
-10 0.022526742775767494
-34 0.11753083187356952
-15 0.0
-10 0.0
-31 0.0
-27 0.0
-5 0.0
-10 0.11753083187356952
19 0.048971179947320635
-34 0.0685596519262489
-22 0.0
-15 0.0
-22 0.0
-27 0.0
-6 0.0
-15 0.11753083187356952
-10 0.0
-10 0.0
17 0.11263371387883747
-34 0.0048971179947320635
-33 0.0
-27 0.0
-5 0.0
-22 0.11753083187356952
-10 0.0
-10 0.0
-34 0.11753083187356952
-15 0.0
-10 0.0
-22 0.0
-27 0.0
-6 0.0
-10 0.11753083187356952
-34 0.11753083187356952
-15 0.0
-10 0.0
-31 0.0
-27 0.0
-5 0.0
14 0.019588471978928254
-10 0.09794235989464127
-34 0.11753083187356952
-22 0.0
-27 0.0
-6 0.0
-10 0.11753083187356952
-34 0.11753083187356952
-22 0.0
-15 0.0
-10 0.0
-33 0.0
-26 0.0
2 0.0
-10 0.11753083187356952
0 0.11753083187356952
-10 0.11753083187356952
-36 0.11753083187356952
-24 0.0
-17 0.0
-12 0.0
-33 0.0
-26 0.0
-1 0.0
-10 0.11753083187356952
0 0.11753083187356952
-10 0.11753083187356952
-41 0.11753083187356952
-29 0.0
-22 0.0
-17 0.0
-33 0.0
-28 0.0
-1 0.0
-10 0.11753083187356952
-3 0.11753083187356952
-10 0.11753083187356952
-1 0.11753083187356952
14 0.019588471978928254
-10 0.09794235989464127
-5 0.11753083187356952
14 0.019588471978928254
-10 0.09794235989464127
-3 0.11753083187356952
17 0.009794235989464127
-10 0.1077365958841054
-6 0.11753083187356952
17 0.009794235989464127
-10 0.1077365958841054
-5 0.11753083187356952
19 0.009794235989464127
-10 0.1077365958841054
-6 0.11753083187356952
17 0.0048971179947320635
-10 0.11263371387883747
-5 0.11753083187356952
21 0.0048971179947320635
-10 0.11263371387883747
-6 0.11753083187356952
-10 0.11753083187356952
-36 0.11753083187356952
-24 0.0
-17 0.0
-12 0.0
-33 0.0
-26 0.0
-5 0.0
-10 0.11753083187356952
-6 0.11753083187356952
-10 0.11753083187356952
-34 0.11753083187356952
-22 0.0
-15 0.0
-10 0.0
-33 0.0
-26 0.0
2 0.0
-10 0.11753083187356952
0 0.11753083187356952
-10 0.11753083187356952
-36 0.11753083187356952
-24 0.0
-17 0.0
-12 0.0
-33 0.0
-26 0.0
-1 0.0
-10 0.11753083187356952
0 0.11753083187356952
-10 0.11753083187356952
-41 0.11753083187356952
-29 0.0
-22 0.0
-17 0.0
-33 0.0
-28 0.0
-1 0.0
-10 0.11753083187356952
12 0.11263371387883747
-3 0.0048971179947320635
-10 0.11753083187356952
-1 0.11753083187356952
14 0.024485589973660318
-10 0.09304524189990922
-5 0.11753083187356952
14 0.03427982596312445
-10 0.08325100591044508
-3 0.11753083187356952
17 0.024485589973660318
-10 0.09304524189990922
-6 0.11753083187356952
14 0.026444437171553144
-10 0.09108639470201639
-5 0.11753083187356952
14 0.019588471978928254
-10 0.09794235989464127
-6 0.11753083187356952
12 0.019588471978928254
-10 0.09794235989464127
-5 0.11753083187356952
14 0.02154731917682108
-10 0.09598351269674844
-6 0.11753083187356952
-10 0.11753083187356952
-36 0.11753083187356952
-24 0.0
-17 0.0
-12 0.0
-33 0.0
-26 0.0
-5 0.0
-10 0.11753083187356952
-6 0.11753083187356952
-10 0.11753083187356952
-34 0.11753083187356952
-22 0.0
-15 0.0
-10 0.0
-33 0.0
-26 0.0
2 0.0
-10 0.11753083187356952
0 0.11753083187356952
-10 0.11753083187356952
-36 0.11753083187356952
-24 0.0
-17 0.0
-12 0.0
-33 0.0
-26 0.0
-1 0.0
-10 0.11753083187356952
0 0.11753083187356952
-10 0.11753083187356952
-41 0.11753083187356952
-29 0.0
-22 0.0
-17 0.0
-33 0.0
-28 0.0
-1 0.0
-10 0.11753083187356952
-3 0.11753083187356952
-10 0.11753083187356952
-1 0.11753083187356952
14 0.019588471978928254
-10 0.09794235989464127
-5 0.11753083187356952
14 0.019588471978928254
-10 0.09794235989464127
-3 0.11753083187356952
17 0.009794235989464127
-10 0.1077365958841054
-6 0.11753083187356952
17 0.009794235989464127
-10 0.1077365958841054
-5 0.11753083187356952
19 0.009794235989464127
-10 0.1077365958841054
-6 0.11753083187356952
17 0.0048971179947320635
-10 0.11263371387883747
-5 0.11753083187356952
21 0.0048971179947320635
-10 0.11263371387883747
-6 0.11753083187356952
-10 0.11753083187356952
-36 0.11753083187356952
-24 0.0
-17 0.0
-12 0.0
-33 0.0
-26 0.0
-5 0.0
-10 0.11753083187356952
-6 0.11753083187356952
-10 0.11753083187356952
-34 0.11753083187356952
-22 0.0
-15 0.0
-10 0.0
-33 0.0
-26 0.0
2 0.0
-10 0.11753083187356952
0 0.11753083187356952
-10 0.11753083187356952
-36 0.11753083187356952
-24 0.0
-17 0.0
-12 0.0
-33 0.0
-26 0.0
-1 0.0
-10 0.11753083187356952
0 0.11753083187356952
-10 0.11753083187356952
-41 0.11753083187356952
-29 0.0
-22 0.0
-17 0.0
-33 0.0
-28 0.0
-1 0.0
5 0.3496542248238694
2 0.34083941243335164
17 1.4661971276227799
14 0.36532500240701193
-34 0.2987241976786559
-22 0.0
-15 0.0
-10 0.0
-33 0.0
-20 0.0
2 0.0
14 0.0068559651926248895
-10 0.11067486668094464
-34 0.11753083187356952
-27 0.0
0 0.0
-10 0.11753083187356952
-31 0.11753083187356952
-27 0.0
-1 0.0
-10 0.11753083187356952
-36 0.11753083187356952
-24 0.0
-17 0.0
-12 0.0
-27 0.0
0 0.0
-10 0.11753083187356952
-33 0.11753083187356952
-27 0.0
-1 0.0
-10 0.11753083187356952
-36 0.11753083187356952
-27 0.0
-3 0.0
-10 0.11753083187356952
-31 0.11753083187356952
-19 0.0
-12 0.0
-7 0.0
-31 0.0
-27 0.0
-1 0.0
-10 0.11753083187356952
-41 0.11753083187356952
-29 0.0
-22 0.0
-17 0.0
-27 0.0
-5 0.0
-10 0.11753083187356952
-36 0.11753083187356952
-24 0.0
-17 0.0
-12 0.0
-33 0.0
-27 0.0
-3 0.0
-10 0.11753083187356952
-36 0.11753083187356952
-27 0.0
-6 0.0
-10 0.11753083187356952
-31 0.11753083187356952
-27 0.0
-5 0.0
-10 0.11753083187356952
-41 0.11753083187356952
-29 0.0
-22 0.0
-17 0.0
-27 0.0
-6 0.0
-10 0.11753083187356952
-33 0.11753083187356952
-27 0.0
-5 0.0
-10 0.11753083187356952
-41 0.11753083187356952
-27 0.0
-6 0.0
17 0.041135791155749335
-10 0.07639504071782019
-41 0.11753083187356952
-31 0.0
-27 0.0
-5 0.0
-10 0.11753083187356952
14 0.0538682979420527
-41 0.06366253393151683
-27 0.0
-6 0.0
-10 0.11753083187356952
-34 0.11753083187356952
-22 0.0
-15 0.0
-10 0.0
-33 0.0
-20 0.0
2 0.0
14 0.0068559651926248895
-10 0.11067486668094464
-34 0.11753083187356952
-27 0.0
0 0.0
-10 0.11753083187356952
-31 0.11753083187356952
-27 0.0
-1 0.0
-10 0.11753083187356952
-36 0.11753083187356952
-24 0.0
-17 0.0
-12 0.0
-27 0.0
0 0.0
17 0.0048971179947320635
-10 0.11263371387883747
-33 0.11753083187356952
-27 0.0
-1 0.0
-10 0.11753083187356952
-36 0.11753083187356952
-27 0.0
-3 0.0
-10 0.11753083187356952
-31 0.11753083187356952
-19 0.0
-12 0.0
-7 0.0
-31 0.0
-27 0.0
-1 0.0
-10 0.11753083187356952
-41 0.11753083187356952
-29 0.0
-22 0.0
-17 0.0
-27 0.0
-5 0.0
-10 0.11753083187356952
20 0.10479832508726616
-36 0.012732506786303366
-24 0.0
-17 0.0
-12 0.0
-33 0.0
-27 0.0
-3 0.0
-10 0.11753083187356952
-36 0.11753083187356952
-27 0.0
-6 0.0
-10 0.11753083187356952
-31 0.11753083187356952
-27 0.0
-5 0.0
19 0.019588471978928254
-10 0.09794235989464127
-41 0.11753083187356952
-29 0.0
-22 0.0
-17 0.0
-27 0.0
-6 0.0
-10 0.11753083187356952
-33 0.11753083187356952
-27 0.0
-5 0.0
17 0.0019588471978928255
-10 0.1155719846756767
-41 0.11753083187356952
-27 0.0
-6 0.0
17 0.06072426313467759
-10 0.05680656873889194
-41 0.11753083187356952
-31 0.0
-27 0.0
-5 0.0
-10 0.11753083187356952
14 0.011753083187356954
-41 0.10577774868621258
-27 0.0
-6 0.0
-10 0.11753083187356952
14 0.10283947788937334
-34 0.01469135398419619
-22 0.0
-15 0.0
-10 0.0
-33 0.0
-20 0.0
2 0.0
-10 0.11753083187356952
-34 0.11753083187356952
-27 0.0
0 0.0
-10 0.11753083187356952
-31 0.11753083187356952
-27 0.0
-1 0.0
-10 0.11753083187356952
-36 0.11753083187356952
-24 0.0
-17 0.0
-12 0.0
-27 0.0
0 0.0
-10 0.11753083187356952
-33 0.11753083187356952
-27 0.0
-1 0.0
-10 0.11753083187356952
-36 0.11753083187356952
-27 0.0
-3 0.0
-10 0.11753083187356952
-31 0.11753083187356952
-19 0.0
-12 0.0
-7 0.0
-31 0.0
-27 0.0
-1 0.0
-10 0.11753083187356952
-41 0.11753083187356952
-29 0.0
-22 0.0
-17 0.0
-27 0.0
-5 0.0
-10 0.11753083187356952
-36 0.11753083187356952
-24 0.0
-17 0.0
-12 0.0
-33 0.0
-27 0.0
-3 0.0
-10 0.11753083187356952
-36 0.11753083187356952
-27 0.0
-6 0.0
17 0.01469135398419619
-10 0.10283947788937334
-31 0.11753083187356952
-27 0.0
-5 0.0
-10 0.11753083187356952
-41 0.11753083187356952
-29 0.0
-22 0.0
-17 0.0
-27 0.0
-6 0.0
-10 0.11753083187356952
-33 0.11753083187356952
-27 0.0
-5 0.0
-10 0.11753083187356952
-41 0.11753083187356952
-27 0.0
-6 0.0
17 0.07541561711887378
-10 0.04211521475469575
-41 0.11753083187356952
-31 0.0
-27 0.0
-5 0.0
-10 0.11753083187356952
17 0.048971179947320635
-41 0.0685596519262489
-27 0.0
-6 0.0
-10 0.11753083187356952
-34 0.11753083187356952
-22 0.0
-15 0.0
-10 0.0
-33 0.0
-20 0.0
2 0.0
14 0.0048971179947320635
-10 0.11263371387883747
-34 0.11753083187356952
-27 0.0
0 0.0
-10 0.11753083187356952
-31 0.11753083187356952
-27 0.0
-1 0.0
-10 0.11753083187356952
-36 0.11753083187356952
-24 0.0
-17 0.0
-12 0.0
-27 0.0
0 0.0
-10 0.11753083187356952
-33 0.11753083187356952
-27 0.0
-1 0.0
-10 0.11753083187356952
-36 0.11753083187356952
-27 0.0
-3 0.0
-10 0.11753083187356952
-31 0.11753083187356952
-19 0.0
-12 0.0
-7 0.0
-31 0.0
-27 0.0
-1 0.0
-10 0.11753083187356952
-41 0.11753083187356952
-29 0.0
-22 0.0
-17 0.0
-27 0.0
-5 0.0
-10 0.11753083187356952
-36 0.11753083187356952
-24 0.0
-17 0.0
-12 0.0
-33 0.0
-27 0.0
-3 0.0
-10 0.11753083187356952
-36 0.11753083187356952
-27 0.0
-6 0.0
-10 0.11753083187356952
-31 0.11753083187356952
-27 0.0
-5 0.0
-10 0.11753083187356952
-41 0.11753083187356952
-29 0.0
-22 0.0
-17 0.0
-27 0.0
-6 0.0
-10 0.11753083187356952
-33 0.11753083187356952
-27 0.0
-5 0.0
-10 0.11753083187356952
-41 0.11753083187356952
-27 0.0
-6 0.0
-10 0.11753083187356952
-41 0.11753083187356952
-31 0.0
-27 0.0
-5 0.0
-10 0.11753083187356952
-41 0.11753083187356952
-27 0.0
-6 0.0
-10 0.11753083187356952
-34 0.11753083187356952
-22 0.0
-15 0.0
-10 0.0
-33 0.0
-20 0.0
2 0.0
-10 0.11753083187356952
-34 0.11753083187356952
-27 0.0
0 0.0
-10 0.11753083187356952
-34 0.11753083187356952
-31 0.0
-27 0.0
-1 0.0
-10 0.11753083187356952
-34 0.11753083187356952
-27 0.0
0 0.0
-10 0.11753083187356952
-34 0.11753083187356952
-33 0.0
-27 0.0
-1 0.0
-10 0.11753083187356952
-34 0.11753083187356952
-27 0.0
-3 0.0
-10 0.11753083187356952
-34 0.11753083187356952
-31 0.0
-27 0.0
-1 0.0
-10 0.11753083187356952
-34 0.11753083187356952
-27 0.0
-5 0.0
-10 0.11753083187356952
-34 0.11753083187356952
-33 0.0
-27 0.0
-3 0.0
-10 0.11753083187356952
-34 0.11753083187356952
-27 0.0
-6 0.0
-10 0.11753083187356952
-34 0.11753083187356952
-31 0.0
-27 0.0
-5 0.0
-10 0.11753083187356952
-34 0.11753083187356952
-27 0.0
-6 0.0
-10 0.11753083187356952
-34 0.11753083187356952
-33 0.0
-27 0.0
-5 0.0
-10 0.11753083187356952
-34 0.11753083187356952
-27 0.0
-6 0.0
-10 0.11753083187356952
-34 0.11753083187356952
-31 0.0
-27 0.0
-5 0.0
-10 0.11753083187356952
-34 0.11753083187356952
-27 0.0
-6 0.0
-10 0.11753083187356952
-34 0.11753083187356952
-22 0.0
-15 0.0
-10 0.0
-33 0.0
-20 0.0
2 0.0
-10 0.11753083187356952
-34 0.11753083187356952
-27 0.0
0 0.0
-10 0.11753083187356952
-34 0.11753083187356952
-31 0.0
-27 0.0
-1 0.0
-10 0.11753083187356952
-34 0.11753083187356952
-27 0.0
0 0.0
-10 0.11753083187356952
-34 0.11753083187356952
-33 0.0
-27 0.0
-1 0.0
-10 0.11753083187356952
-34 0.11753083187356952
-27 0.0
-3 0.0
-10 0.11753083187356952
-34 0.11753083187356952
-31 0.0
-27 0.0
-1 0.0
-10 0.11753083187356952
-34 0.11753083187356952
-27 0.0
-5 0.0
-10 0.11753083187356952
-34 0.11753083187356952
-33 0.0
-27 0.0
-3 0.0
-10 0.11753083187356952
-34 0.11753083187356952
-27 0.0
-6 0.0
-10 0.11753083187356952
-34 0.11753083187356952
-31 0.0
-27 0.0
-5 0.0
-10 0.11753083187356952
-34 0.11753083187356952
-27 0.0
-6 0.0
-10 0.11753083187356952
-34 0.11753083187356952
-33 0.0
-27 0.0
-5 0.0
-10 0.11753083187356952
-34 0.11753083187356952
-27 0.0
-6 0.0
-10 0.11753083187356952
-34 0.11753083187356952
-31 0.0
-27 0.0
-5 0.0
-10 0.11753083187356952
-34 0.11753083187356952
-27 0.0
-6 0.0
-10 0.11753083187356952
-34 0.11753083187356952
-15 0.0
-33 0.0
-20 0.0
2 0.0
-10 0.11753083187356952
-34 0.11753083187356952
-17 0.0
-27 0.0
0 0.0
-10 0.11753083187356952
-34 0.11753083187356952
-31 0.0
-27 0.0
-1 0.0
-18 0.11753083187356952
-10 0.0
-34 0.11753083187356952
-22 0.0
-15 0.0
-10 0.0
-27 0.0
0 0.0
-10 0.11753083187356952
-34 0.11753083187356952
-33 0.0
-27 0.0
-1 0.0
-10 0.11753083187356952
-34 0.11753083187356952
-27 0.0
-3 0.0
-10 0.11753083187356952
14 0.10969544308199823
-34 0.007835388791571302
-31 0.0
-27 0.0
-1 0.0
-10 0.11753083187356952
-34 0.11753083187356952
-27 0.0
-5 0.0
-10 0.11753083187356952
-34 0.11753083187356952
-33 0.0
-27 0.0
-3 0.0
18 0.0068559651926248895
18 0.10283947788937334
-10 0.007835388791571302
19 0.09794235989464127
-34 0.019588471978928254
-27 0.0
-6 0.0
-10 0.11753083187356952
-34 0.11753083187356952
-31 0.0
-27 0.0
-5 0.0
-10 0.11753083187356952
18 0.03917694395785651
-34 0.07835388791571302
-27 0.0
-6 0.0
-10 0.11753083187356952
-34 0.11753083187356952
-33 0.0
-27 0.0
-5 0.0
21 0.026444437171553144
-10 0.09108639470201639
-34 0.11753083187356952
-27 0.0
-6 0.0
-10 0.11753083187356952
-34 0.11753083187356952
-31 0.0
-27 0.0
-5 0.0
-10 0.11753083187356952
-34 0.11753083187356952
-27 0.0
-6 0.0
-10 0.11753083187356952
-34 0.11753083187356952
-15 0.0
-33 0.0
-20 0.0
2 0.0
-10 0.11753083187356952
-34 0.11753083187356952
-17 0.0
-27 0.0
0 0.0
-10 0.11753083187356952
-34 0.11753083187356952
-31 0.0
-27 0.0
-1 0.0
-18 0.11753083187356952
-10 0.0
-34 0.11753083187356952
-22 0.0
-15 0.0
-10 0.0
-27 0.0
0 0.0
-10 0.11753083187356952
-34 0.11753083187356952
-33 0.0
-27 0.0
-1 0.0
-10 0.11753083187356952
-34 0.11753083187356952
-27 0.0
-3 0.0
-10 0.11753083187356952
-34 0.11753083187356952
-31 0.0
-27 0.0
-1 0.0
14 0.024485589973660318
-10 0.09304524189990922
-34 0.11753083187356952
-27 0.0
-5 0.0
14 0.03427982596312445
-10 0.08325100591044508
-34 0.11753083187356952
17 0.0
-33 0.0
-27 0.0
-3 0.0
-10 0.11753083187356952
14 0.01469135398419619
-34 0.10283947788937334
-27 0.0
-6 0.0
14 0.01469135398419619
-10 0.10283947788937334
-34 0.11753083187356952
-31 0.0
-27 0.0
-5 0.0
-10 0.11753083187356952
-34 0.11753083187356952
-27 0.0
-6 0.0
12 0.019588471978928254
-10 0.09794235989464127
-34 0.11753083187356952
-33 0.0
-27 0.0
-5 0.0
14 0.02154731917682108
-10 0.09598351269674844
-34 0.11753083187356952
-27 0.0
-6 0.0
-10 0.11753083187356952
-34 0.11753083187356952
-31 0.0
-27 0.0
-5 0.0
-10 0.11753083187356952
-34 0.11753083187356952
-31 0.0
-27 0.0
-6 0.0
-31 0.11753083187356952
-10 0.0
-41 0.11753083187356952
-29 0.0
-22 0.0
-17 0.0
-33 0.0
-20 0.0
2 0.0
-13 0.02938270796839238
-10 0.08814812390517715
-41 0.11753083187356952
-29 0.0
-22 0.0
-17 0.0
-27 0.0
0 0.0
-13 0.036238673161017275
-10 0.08129215871255226
-31 0.11753083187356952
-27 0.0
-1 0.0
-10 0.11753083187356952
-34 0.11753083187356952
-22 0.0
-15 0.0
-10 0.0
-27 0.0
0 0.0
-10 0.009794235989464127
-10 0.1077365958841054
-33 0.11753083187356952
-27 0.0
-1 0.0
-10 0.11753083187356952
-41 0.11753083187356952
-29 0.0
-22 0.0
-17 0.0
-27 0.0
-3 0.0
-10 0.11753083187356952
-39 0.11753083187356952
-27 0.0
-20 0.0
-15 0.0
-31 0.0
-27 0.0
-1 0.0
-10 0.11753083187356952
-36 0.11753083187356952
-24 0.0
-17 0.0
-12 0.0
-27 0.0
-5 0.0
-10 0.11753083187356952
-36 0.11753083187356952
-24 0.0
-17 0.0
-12 0.0
-33 0.0
-12 0.0
-3 0.0
-8 0.016650201182089017
-10 0.10088063069148051
-36 0.11753083187356952
-27 0.0
-6 0.0
-8 0.02938270796839238
-10 0.08814812390517715
-31 0.11753083187356952
-27 0.0
-5 0.0
-10 0.11753083187356952
-5 0.11263371387883747
-41 0.0048971179947320635
-29 0.0
-22 0.0
-17 0.0
-27 0.0
-6 0.0
-10 0.11753083187356952
-33 0.11753083187356952
-27 0.0
-5 0.0
-10 0.11753083187356952
-3 0.10479832508726616
-41 0.012732506786303366
-27 0.0
-6 0.0
-10 0.11753083187356952
-41 0.11753083187356952
-31 0.0
-27 0.0
-5 0.0
-10 0.11753083187356952
-41 0.11753083187356952
-27 0.0
-6 0.0
-10 0.11753083187356952
-41 0.11753083187356952
2 0.0
-29 0.0
-22 0.0
-17 0.0
-33 0.0
-20 0.0
2 0.0
0 0.1077365958841054
-10 0.009794235989464127
-3 0.09794235989464127
-41 0.019588471978928254
-29 0.0
-22 0.0
-17 0.0
-27 0.0
0 0.0
-10 0.11753083187356952
-31 0.11753083187356952
-27 0.0
-1 0.0
-7 0.009794235989464127
-10 0.1077365958841054
-10 0.11263371387883747
-34 0.0048971179947320635
-22 0.0
-15 0.0
-10 0.0
-27 0.0
0 0.0
-10 0.11753083187356952
-33 0.11753083187356952
-27 0.0
-1 0.0
-10 0.11753083187356952
-41 0.11753083187356952
-29 0.0
-22 0.0
-17 0.0
-27 0.0
-3 0.0
-10 0.11753083187356952
-39 0.11753083187356952
-27 0.0
-20 0.0
-15 0.0
-31 0.0
-27 0.0
-1 0.0
-15 0.024485589973660318
-10 0.09304524189990922
-36 0.11753083187356952
-24 0.0
-17 0.0
-12 0.0
-27 0.0
-5 0.0
-12 0.024485589973660318
-10 0.09304524189990922
-36 0.11753083187356952
-24 0.0
-17 0.0
-12 0.0
-33 0.0
-12 0.0
-3 0.0
-10 0.11753083187356952
-36 0.11753083187356952
-27 0.0
-6 0.0
-10 0.11753083187356952
-15 0.1145925610767303
-31 0.0029382707968392385
-27 0.0
-5 0.0
-10 0.11753083187356952
-41 0.11753083187356952
-10 0.0
-29 0.0
-22 0.0
-17 0.0
-27 0.0
-6 0.0
-10 0.11753083187356952
-33 0.11753083187356952
-27 0.0
-5 0.0
-10 0.11753083187356952
-41 0.11753083187356952
-27 0.0
-6 0.0
-10 0.11753083187356952
-41 0.11753083187356952
-31 0.0
-27 0.0
-5 0.0
-3 0.0048971179947320635
-10 0.11263371387883747
-41 0.11753083187356952
-27 0.0
-6 0.0
-10 0.11753083187356952
-41 0.11753083187356952
-29 0.0
-22 0.0
-17 0.0
-33 0.0
-20 0.0
2 0.0
-10 0.11753083187356952
-41 0.11753083187356952
-7 0.0
-29 0.0
-22 0.0
-17 0.0
-27 0.0
0 0.0
-10 0.11263371387883747
-10 0.0048971179947320635
-31 0.11753083187356952
-27 0.0
-1 0.0
-5 0.009794235989464127
-10 0.1077365958841054
-34 0.11753083187356952
-22 0.0
-15 0.0
-10 0.0
-27 0.0
0 0.0
-5 0.0048971179947320635
-10 0.11263371387883747
-33 0.11753083187356952
-27 0.0
-1 0.0
-3 0.10479832508726616
-10 0.012732506786303366
-5 0.1145925610767303
-41 0.0029382707968392385
-29 0.0
-22 0.0
-17 0.0
-27 0.0
-3 0.0
-7 0.11263371387883747
-10 0.0048971179947320635
-39 0.11753083187356952
-5 0.0
-27 0.0
-20 0.0
-15 0.0
-31 0.0
-27 0.0
-1 0.0
-10 0.11753083187356952
-36 0.11753083187356952
-24 0.0
-17 0.0
-12 0.0
-27 0.0
-5 0.0
-7 0.0048971179947320635
-10 0.11263371387883747
-10 0.0068559651926248895
-36 0.11067486668094464
-24 0.0
-17 0.0
-12 0.0
-33 0.0
-12 0.0
-3 0.0
-5 0.0068559651926248895
-10 0.11067486668094464
-36 0.11753083187356952
-27 0.0
-6 0.0
-10 0.11753083187356952
-31 0.11753083187356952
-27 0.0
-5 0.0
-7 0.0048971179947320635
-10 0.11263371387883747
-10 0.1077365958841054
-41 0.009794235989464127
-29 0.0
-22 0.0
-17 0.0
-27 0.0
-6 0.0
-10 0.11753083187356952
-33 0.11753083187356952
-27 0.0
-5 0.0
-10 0.11753083187356952
-41 0.11753083187356952
-27 0.0
-6 0.0
-10 0.11753083187356952
-41 0.11753083187356952
-31 0.0
-27 0.0
-5 0.0
-10 0.11753083187356952
14 0.10479832508726616
-41 0.012732506786303366
-27 0.0
-6 0.0
-10 0.11753083187356952
-41 0.11753083187356952
-29 0.0
-22 0.0
-17 0.0
-33 0.0
-20 0.0
2 0.0
-10 0.11753083187356952
12 0.048971179947320635
-41 0.0685596519262489
-29 0.0
-22 0.0
-17 0.0
-27 0.0
0 0.0
9 0.08325100591044508
-10 0.03427982596312445
-31 0.11753083187356952
-27 0.0
-1 0.0
7 0.009794235989464127
-10 0.1077365958841054
7 0.048971179947320635
-34 0.0685596519262489
-22 0.0
-15 0.0
-10 0.0
-27 0.0
0 0.0
5 0.07541561711887378
-10 0.04211521475469575
-33 0.11753083187356952
-27 0.0
-1 0.0
9 0.0019588471978928255
-10 0.1155719846756767
-41 0.11753083187356952
-29 0.0
-22 0.0
-17 0.0
-27 0.0
-3 0.0
12 0.01469135398419619
-10 0.10283947788937334
9 0.016650201182089017
-39 0.10088063069148051
-27 0.0
-20 0.0
-15 0.0
-31 0.0
-27 0.0
-1 0.0
7 0.0048971179947320635
-10 0.11263371387883747
-36 0.11753083187356952
-24 0.0
-17 0.0
-12 0.0
-27 0.0
-5 0.0
6 0.1077365958841054
-10 0.009794235989464127
5 0.10479832508726616
-36 0.012732506786303366
-24 0.0
-17 0.0
-12 0.0
-33 0.0
-12 0.0
-3 0.0
2 0.09794235989464127
-10 0.019588471978928254
-36 0.11753083187356952
-27 0.0
-6 0.0
-10 0.11753083187356952
2 0.024485589973660318
-31 0.09304524189990922
-27 0.0
-5 0.0
7 0.026444437171553144
-10 0.09108639470201639
-41 0.11753083187356952
-29 0.0
-22 0.0
-17 0.0
-27 0.0
-6 0.0
7 0.019588471978928254
-10 0.09794235989464127
-33 0.11753083187356952
-27 0.0
-5 0.0
-10 0.11753083187356952
-41 0.11753083187356952
-27 0.0
-6 0.0
-10 0.11753083187356952
-41 0.11753083187356952
-31 0.0
-27 0.0
-5 0.0
-10 0.11753083187356952
-41 0.11753083187356952
-27 0.0
-6 0.0
-10 0.11753083187356952
-34 0.11753083187356952
-15 0.0
-10 0.0
-22 0.0
-15 0.0
-10 0.0
-27 0.0
2 0.0
-10 0.11753083187356952
-34 0.11753083187356952
-27 0.0
0 0.0
-10 0.11753083187356952
-34 0.11753083187356952
-33 0.0
-27 0.0
-1 0.0
-10 0.11753083187356952
-34 0.11753083187356952
-17 0.0
-12 0.0
-24 0.0
-17 0.0
-12 0.0
-27 0.0
0 0.0
-10 0.11753083187356952
-34 0.11753083187356952
-27 0.0
-1 0.0
-10 0.11753083187356952
-34 0.11753083187356952
-27 0.0
-3 0.0
-10 0.0048971179947320635
-10 0.0
-10 0.0
2 0.0
-10 0.0
2 0.0
-10 0.0
2 0.0
-10 0.11263371387883747
-7 0.10969544308199823
-7 0.0
-7 0.0
5 0.0
-7 0.0
5 0.0
-7 0.0
5 0.0
-34 0.007835388791571302
-33 0.0
-27 0.0
-1 0.0
-10 0.11753083187356952
-10 0.11263371387883747
-10 0.0
-10 0.0
2 0.0
-10 0.0
2 0.0
-10 0.0
2 0.0
-34 0.0048971179947320635
-27 0.0
-5 0.0
-10 0.11753083187356952
-7 0.10479832508726616
-7 0.0
-7 0.0
5 0.0
-7 0.0
5 0.0
-7 0.0
5 0.0
-34 0.012732506786303366
-27 0.0
-3 0.0
-10 0.11753083187356952
-34 0.11753083187356952
-27 0.0
-6 0.0
-10 0.11753083187356952
-34 0.11753083187356952
-33 0.0
-27 0.0
-5 0.0
-5 0.0068559651926248895
-5 0.0
-5 0.0
7 0.0
-5 0.0
7 0.0
-5 0.0
7 0.0
-10 0.11067486668094464
-7 0.11263371387883747
-7 0.0
-7 0.0
5 0.0
-7 0.0
5 0.0
-7 0.0
5 0.0
-34 0.0048971179947320635
-27 0.0
-6 0.0
-10 0.11753083187356952
-4 0.1145925610767303
-4 0.0
-4 0.0
8 0.0
-4 0.0
8 0.0
-4 0.0
8 0.0
-34 0.0029382707968392385
-27 0.0
-5 0.0
-10 0.11753083187356952
-34 0.11753083187356952
-27 0.0
-6 0.0
-10 0.11753083187356952
-34 0.11753083187356952
-33 0.0
-27 0.0
-5 0.0
-5 0.009794235989464127
-5 0.0
-5 0.0
7 0.0
-5 0.0
7 0.0
-5 0.0
7 0.0
-7 0.09010697110306998
-7 0.0
-7 0.0
5 0.0
-7 0.0
5 0.0
-7 0.0
5 0.0
-10 0.01762962478103543
-10 0.1145925610767303
-10 0.0
-10 0.0
2 0.0
-10 0.0
2 0.0
-10 0.0
2 0.0
-34 0.0029382707968392385
-27 0.0
-6 0.0
-10 0.11753083187356952
-34 0.11753083187356952
-15 0.0
-10 0.0
-22 0.0
-15 0.0
-10 0.0
-27 0.0
2 0.0
-10 0.11753083187356952
-34 0.11753083187356952
-27 0.0
0 0.0
-10 0.11753083187356952
-34 0.11753083187356952
-33 0.0
-27 0.0
-1 0.0
-10 0.11753083187356952
-34 0.11753083187356952
-17 0.0
-12 0.0
-24 0.0
-17 0.0
-12 0.0
-27 0.0
0 0.0
-10 0.11753083187356952
-34 0.11753083187356952
-27 0.0
-1 0.0
-10 0.11753083187356952
-34 0.11753083187356952
-27 0.0
-3 0.0
-10 0.0048971179947320635
-10 0.0
-10 0.0
2 0.0
-10 0.0
2 0.0
-10 0.0
2 0.0
-10 0.11263371387883747
-7 0.10969544308199823
-7 0.0
-7 0.0
5 0.0
-7 0.0
5 0.0
-7 0.0
5 0.0
-34 0.007835388791571302
-33 0.0
-27 0.0
-1 0.0
-10 0.11753083187356952
-10 0.11263371387883747
-10 0.0
-10 0.0
2 0.0
-10 0.0
2 0.0
-10 0.0
2 0.0
-34 0.0048971179947320635
-27 0.0
-5 0.0
-10 0.11753083187356952
-7 0.10479832508726616
-7 0.0
-7 0.0
5 0.0
-7 0.0
5 0.0
-7 0.0
5 0.0
-34 0.012732506786303366
-27 0.0
-3 0.0
-10 0.11753083187356952
-34 0.11753083187356952
-27 0.0
-6 0.0
-10 0.11753083187356952
-34 0.11753083187356952
-33 0.0
-27 0.0
-5 0.0
-5 0.0068559651926248895
-5 0.0
-5 0.0
7 0.0
-5 0.0
7 0.0
-5 0.0
7 0.0
-10 0.11067486668094464
-7 0.11263371387883747
-7 0.0
-7 0.0
5 0.0
-7 0.0
5 0.0
-7 0.0
5 0.0
-34 0.0048971179947320635
-27 0.0
-6 0.0
-10 0.11753083187356952
-4 0.1145925610767303
-4 0.0
-4 0.0
8 0.0
-4 0.0
8 0.0
-4 0.0
8 0.0
-34 0.0029382707968392385
-27 0.0
-5 0.0
-10 0.11753083187356952
-34 0.11753083187356952
-27 0.0
-6 0.0
-10 0.11753083187356952
-34 0.11753083187356952
-33 0.0
-27 0.0
-5 0.0
-5 0.009794235989464127
-5 0.0
-5 0.0
7 0.0
-5 0.0
7 0.0
-5 0.0
7 0.0
-7 0.09010697110306998
-7 0.0
-7 0.0
5 0.0
-7 0.0
5 0.0
-7 0.0
5 0.0
-10 0.01762962478103543
-10 0.1145925610767303
-10 0.0
-10 0.0
2 0.0
-10 0.0
2 0.0
-10 0.0
2 0.0
-34 0.0029382707968392385
-27 0.0
-6 0.0
-10 0.11753083187356952
-34 0.11753083187356952
-15 0.0
-10 0.0
-22 0.0
-15 0.0
-10 0.0
-27 0.0
2 0.0
-10 0.11753083187356952
-34 0.11753083187356952
-27 0.0
0 0.0
-10 0.11753083187356952
-34 0.11753083187356952
-33 0.0
-27 0.0
-1 0.0
-10 0.11753083187356952
-34 0.11753083187356952
-17 0.0
-12 0.0
-24 0.0
-17 0.0
-12 0.0
-27 0.0
0 0.0
-10 0.11753083187356952
-34 0.11753083187356952
-27 0.0
-1 0.0
-10 0.11753083187356952
-34 0.11753083187356952
-27 0.0
-3 0.0
-10 0.0048971179947320635
-10 0.0
-10 0.0
2 0.0
-10 0.0
2 0.0
-10 0.0
2 0.0
-10 0.11263371387883747
-7 0.10969544308199823
-7 0.0
-7 0.0
5 0.0
-7 0.0
5 0.0
-7 0.0
5 0.0
-34 0.007835388791571302
-33 0.0
-27 0.0
-1 0.0
-10 0.11753083187356952
-10 0.11263371387883747
-10 0.0
-10 0.0
2 0.0
-10 0.0
2 0.0
-10 0.0
2 0.0
-34 0.0048971179947320635
-27 0.0
-5 0.0
-10 0.11753083187356952
-7 0.10479832508726616
-7 0.0
-7 0.0
5 0.0
-7 0.0
5 0.0
-7 0.0
5 0.0
-34 0.012732506786303366
-27 0.0
-3 0.0
-10 0.11753083187356952
-34 0.11753083187356952
-27 0.0
-6 0.0
-10 0.11753083187356952
-34 0.11753083187356952
-33 0.0
-27 0.0
-5 0.0
-5 0.0068559651926248895
-5 0.0
-5 0.0
7 0.0
-5 0.0
7 0.0
-5 0.0
7 0.0
-10 0.11067486668094464
-7 0.11263371387883747
-7 0.0
-7 0.0
5 0.0
-7 0.0
5 0.0
-7 0.0
5 0.0
-34 0.0048971179947320635
-27 0.0
-6 0.0
-10 0.11753083187356952
-4 0.1145925610767303
-4 0.0
-4 0.0
8 0.0
-4 0.0
8 0.0
-4 0.0
8 0.0
-34 0.0029382707968392385
-27 0.0
-5 0.0
-10 0.11753083187356952
-34 0.11753083187356952
-27 0.0
-6 0.0
-10 0.11753083187356952
-34 0.11753083187356952
-33 0.0
-27 0.0
-5 0.0
-5 0.009794235989464127
-5 0.0
-5 0.0
7 0.0
-5 0.0
7 0.0
-5 0.0
7 0.0
-7 0.09010697110306998
-7 0.0
-7 0.0
5 0.0
-7 0.0
5 0.0
-7 0.0
5 0.0
-10 0.01762962478103543
-10 0.1145925610767303
-10 0.0
-10 0.0
2 0.0
-10 0.0
2 0.0
-10 0.0
2 0.0
-34 0.0029382707968392385
-27 0.0
-6 0.0
-10 0.11753083187356952
-34 0.11753083187356952
-15 0.0
-10 0.0
-22 0.0
-15 0.0
-10 0.0
-27 0.0
2 0.0
-10 0.11753083187356952
-34 0.11753083187356952
-27 0.0
0 0.0
-10 0.11753083187356952
-34 0.11753083187356952
-33 0.0
-27 0.0
-1 0.0
-10 0.11753083187356952
-34 0.11753083187356952
-17 0.0
-12 0.0
-24 0.0
-17 0.0
-12 0.0
-27 0.0
0 0.0
-10 0.11753083187356952
-34 0.11753083187356952
-27 0.0
-1 0.0
-10 0.11753083187356952
-34 0.11753083187356952
-27 0.0
-3 0.0
-10 0.0048971179947320635
-10 0.0
-10 0.0
2 0.0
-10 0.0
2 0.0
-10 0.0
2 0.0
-10 0.11263371387883747
-7 0.10969544308199823
-7 0.0
-7 0.0
5 0.0
-7 0.0
5 0.0
-7 0.0
5 0.0
-34 0.007835388791571302
-33 0.0
-27 0.0
-1 0.0
-10 0.11753083187356952
-10 0.11263371387883747
-10 0.0
-10 0.0
2 0.0
-10 0.0
2 0.0
-10 0.0
2 0.0
-34 0.0048971179947320635
-27 0.0
-5 0.0
-10 0.11753083187356952
-7 0.10479832508726616
-7 0.0
-7 0.0
5 0.0
-7 0.0
5 0.0
-7 0.0
5 0.0
-34 0.012732506786303366
-27 0.0
-3 0.0
-10 0.11753083187356952
-34 0.11753083187356952
-27 0.0
-6 0.0
-10 0.11753083187356952
-34 0.11753083187356952
-33 0.0
-27 0.0
-5 0.0
-5 0.0068559651926248895
-5 0.0
-5 0.0
7 0.0
-5 0.0
7 0.0
-5 0.0
7 0.0
-10 0.11067486668094464
-7 0.11263371387883747
-7 0.0
-7 0.0
5 0.0
-7 0.0
5 0.0
-7 0.0
5 0.0
-34 0.0048971179947320635
-27 0.0
-6 0.0
-10 0.11753083187356952
-4 0.1145925610767303
-4 0.0
-4 0.0
8 0.0
-4 0.0
8 0.0
-4 0.0
8 0.0
-34 0.0029382707968392385
-27 0.0
-5 0.0
-10 0.11753083187356952
-34 0.11753083187356952
-27 0.0
-6 0.0
-10 0.11753083187356952
-34 0.11753083187356952
-27 0.0
-5 0.0
-5 0.009794235989464127
-5 0.0
-5 0.0
7 0.0
-5 0.0
7 0.0
-5 0.0
7 0.0
-7 0.09010697110306998
-7 0.0
-7 0.0
5 0.0
-7 0.0
5 0.0
-7 0.0
5 0.0
-10 0.01762962478103543
-10 0.1145925610767303
-10 0.0
-10 0.0
2 0.0
-10 0.0
2 0.0
-10 0.0
2 0.0
-34 0.0029382707968392385
-27 0.0
-6 0.0
-10 0.11753083187356952
-34 0.11753083187356952
-27 0.0
2 0.0
-10 0.11753083187356952
-34 0.11753083187356952
-27 0.0
0 0.0
-10 0.11753083187356952
-34 0.11753083187356952
-27 0.0
-1 0.0
-10 0.11753083187356952
-34 0.11753083187356952
-27 0.0
0 0.0
-10 0.11753083187356952
-34 0.11753083187356952
-27 0.0
-1 0.0
-10 0.11753083187356952
-34 0.11753083187356952
-27 0.0
-3 0.0
-10 0.11753083187356952
-34 0.11753083187356952
-27 0.0
-1 0.0
-10 0.11753083187356952
-31 0.10479832508726616
-34 0.012732506786303366
-31 0.0
-27 0.0
-5 0.0
-10 0.11753083187356952
-34 0.11753083187356952
-27 0.0
-3 0.0
-10 0.11753083187356952
-34 0.11753083187356952
-33 0.0
-27 0.0
-6 0.0
-10 0.11753083187356952
-34 0.11753083187356952
-27 0.0
-5 0.0
-10 0.11753083187356952
-34 0.11753083187356952
-33 0.0
-27 0.0
-6 0.0
-10 0.11753083187356952
-34 0.11753083187356952
-27 0.0
-5 0.0
-10 0.11753083187356952
-34 0.11753083187356952
-33 0.0
-27 0.0
-6 0.0
17 0.041135791155749335
-7 0.0
5 0.0
-7 0.0
5 0.0
-7 0.0
5 0.0
-10 0.07639504071782019
-31 0.10479832508726616
-34 0.012732506786303366
-31 0.0
-27 0.0
-5 0.0
-10 0.11753083187356952
14 0.0538682979420527
-10 0.0
2 0.0
-10 0.0
2 0.0
-10 0.0
2 0.0
-34 0.06366253393151683
-27 0.0
-6 0.0
-10 0.11753083187356952
-34 0.11753083187356952
-22 0.0
-15 0.0
-10 0.0
-33 0.0
-20 0.0
2 0.0
14 0.0068559651926248895
-10 0.0
2 0.0
-10 0.0
2 0.0
-10 0.11067486668094464
-34 0.11753083187356952
-27 0.0
0 0.0
-10 0.11753083187356952
-31 0.11753083187356952
-27 0.0
-1 0.0
-10 0.11753083187356952
-36 0.11753083187356952
-24 0.0
-17 0.0
-12 0.0
-27 0.0
0 0.0
-10 0.11753083187356952
-33 0.11753083187356952
-27 0.0
-1 0.0
-10 0.11753083187356952
-36 0.11753083187356952
-27 0.0
-3 0.0
-10 0.11753083187356952
-31 0.11753083187356952
-19 0.0
-12 0.0
-7 0.0
-31 0.0
-27 0.0
-1 0.0
-10 0.11753083187356952
-41 0.11753083187356952
-29 0.0
-22 0.0
-17 0.0
-27 0.0
-5 0.0
-10 0.11753083187356952
-36 0.11753083187356952
-24 0.0
-17 0.0
-12 0.0
-33 0.0
-27 0.0
-3 0.0
-10 0.11753083187356952
-36 0.11753083187356952
-27 0.0
-6 0.0
-10 0.11753083187356952
-31 0.11753083187356952
-27 0.0
-5 0.0
-10 0.11753083187356952
-41 0.11753083187356952
-29 0.0
-22 0.0
-17 0.0
-27 0.0
-6 0.0
-10 0.11753083187356952
-33 0.11753083187356952
-27 0.0
-5 0.0
-10 0.11753083187356952
-41 0.11753083187356952
-27 0.0
-6 0.0
17 0.041135791155749335
-7 0.0
5 0.0
-7 0.0
5 0.0
-7 0.0
5 0.0
-10 0.07639504071782019
-41 0.11753083187356952
-31 0.0
-27 0.0
-5 0.0
-10 0.11753083187356952
14 0.0538682979420527
-10 0.0
2 0.0
-10 0.0
2 0.0
-10 0.0
2 0.0
-41 0.06366253393151683
-27 0.0
-6 0.0
-10 0.11753083187356952
-34 0.11753083187356952
-22 0.0
-15 0.0
-10 0.0
-33 0.0
-20 0.0
2 0.0
14 0.0068559651926248895
-10 0.0
2 0.0
-10 0.0
2 0.0
-10 0.11067486668094464
-34 0.11753083187356952
-27 0.0
0 0.0
-10 0.11753083187356952
-31 0.11753083187356952
-27 0.0
-1 0.0
-10 0.11753083187356952
-36 0.11753083187356952
-24 0.0
-17 0.0
-12 0.0
-27 0.0
0 0.0
17 0.0048971179947320635
-7 0.0
5 0.0
-7 0.0
5 0.0
-7 0.0
5 0.0
-10 0.11263371387883747
-33 0.11753083187356952
-27 0.0
-1 0.0
-10 0.11753083187356952
-36 0.11753083187356952
-27 0.0
-3 0.0
-10 0.11753083187356952
-31 0.11753083187356952
-19 0.0
-12 0.0
-7 0.0
-31 0.0
-27 0.0
-1 0.0
-10 0.11753083187356952
-41 0.11753083187356952
-29 0.0
-22 0.0
-17 0.0
-27 0.0
-5 0.0
-10 0.11753083187356952
17 0.10479832508726616
-36 0.012732506786303366
-24 0.0
-17 0.0
-12 0.0
-33 0.0
-27 0.0
-3 0.0
-10 0.11753083187356952
-36 0.11753083187356952
-27 0.0
-6 0.0
-10 0.11753083187356952
-31 0.11753083187356952
-27 0.0
-5 0.0
17 0.019588471978928254
-10 0.09794235989464127
-41 0.11753083187356952
-29 0.0
-22 0.0
-17 0.0
-27 0.0
-6 0.0
-10 0.11753083187356952
-33 0.11753083187356952
-27 0.0
-5 0.0
14 0.0019588471978928255
-10 0.1155719846756767
-41 0.11753083187356952
-27 0.0
-6 0.0
-7 0.041135791155749335
5 0.0
-7 0.0
5 0.0
-7 0.0
5 0.0
17 0.019588471978928254
-10 0.05680656873889194
-41 0.11753083187356952
-31 0.0
-27 0.0
-5 0.0
-10 0.11753083187356952
14 0.011753083187356954
-10 0.04211521475469575
2 0.0
-10 0.0
2 0.0
-10 0.0
2 0.0
-41 0.06366253393151683
-27 0.0
-6 0.0
-10 0.11753083187356952
14 0.10283947788937334
-34 0.01469135398419619
-22 0.0
-15 0.0
-10 0.0
-33 0.0
-20 0.0
2 0.0
-10 0.0068559651926248895
2 0.0
-10 0.0
2 0.0
-10 0.11067486668094464
-34 0.11753083187356952
-27 0.0
0 0.0
-10 0.11753083187356952
-31 0.11753083187356952
-27 0.0
-1 0.0
-10 0.11753083187356952
-36 0.11753083187356952
-24 0.0
-17 0.0
-12 0.0
-27 0.0
0 0.0
-10 0.11753083187356952
-33 0.11753083187356952
-27 0.0
-1 0.0
-10 0.11753083187356952
-36 0.11753083187356952
-27 0.0
-3 0.0
-10 0.11753083187356952
-31 0.11753083187356952
-19 0.0
-12 0.0
-7 0.0
-31 0.0
-27 0.0
-1 0.0
-10 0.11753083187356952
-41 0.11753083187356952
-29 0.0
-22 0.0
-17 0.0
-27 0.0
-5 0.0
-10 0.11753083187356952
-36 0.11753083187356952
-24 0.0
-17 0.0
-12 0.0
-33 0.0
-27 0.0
-3 0.0
-10 0.11753083187356952
-36 0.11753083187356952
-27 0.0
-6 0.0
-10 0.11753083187356952
-31 0.11753083187356952
-27 0.0
-5 0.0
-10 0.11753083187356952
-41 0.11753083187356952
-29 0.0
-22 0.0
-17 0.0
-27 0.0
-6 0.0
-10 0.11753083187356952
-33 0.11753083187356952
-27 0.0
-5 0.0
-10 0.11753083187356952
-41 0.11753083187356952
-27 0.0
-6 0.0
17 0.041135791155749335
-7 0.0
5 0.0
-7 0.0
5 0.0
-7 0.0
5 0.0
-10 0.07639504071782019
-41 0.11753083187356952
-31 0.0
-27 0.0
-5 0.0
-10 0.11753083187356952
14 0.0538682979420527
-10 0.0
2 0.0
-10 0.0
2 0.0
-10 0.0
2 0.0
-41 0.06366253393151683
-27 0.0
-6 0.0
-10 0.11753083187356952
-34 0.11753083187356952
-22 0.0
-15 0.0
-10 0.0
-33 0.0
-20 0.0
2 0.0
14 0.0068559651926248895
-10 0.0
2 0.0
-10 0.0
2 0.0
-10 0.11067486668094464
-34 0.11753083187356952
-27 0.0
0 0.0
-10 0.11753083187356952
-31 0.11753083187356952
-27 0.0
-1 0.0
-10 0.11753083187356952
-36 0.11753083187356952
-24 0.0
-17 0.0
-12 0.0
-27 0.0
0 0.0
17 0.0048971179947320635
-7 0.0
5 0.0
-7 0.0
5 0.0
-7 0.0
5 0.0
-10 0.11263371387883747
-33 0.11753083187356952
-27 0.0
-1 0.0
-10 0.11753083187356952
-36 0.11753083187356952
-27 0.0
-3 0.0
-10 0.11753083187356952
-31 0.11753083187356952
-19 0.0
-12 0.0
-7 0.0
-31 0.0
-27 0.0
-1 0.0
-10 0.11753083187356952
-41 0.11753083187356952
-29 0.0
-22 0.0
-17 0.0
-27 0.0
-5 0.0
-10 0.11753083187356952
17 0.10479832508726616
-36 0.012732506786303366
-24 0.0
-17 0.0
-12 0.0
-33 0.0
-27 0.0
-3 0.0
-10 0.11753083187356952
-36 0.11753083187356952
-27 0.0
-6 0.0
-10 0.11753083187356952
-31 0.11753083187356952
-27 0.0
-5 0.0
17 0.0068559651926248895
-10 0.11067486668094464
-41 0.11753083187356952
-29 0.0
-22 0.0
-17 0.0
-27 0.0
-6 0.0
-10 0.11753083187356952
-33 0.11753083187356952
-27 0.0
-5 0.0
17 0.0019588471978928255
-10 0.1155719846756767
-41 0.11753083187356952
-27 0.0
-6 0.0
-10 0.11753083187356952
-41 0.11753083187356952
-31 0.0
-27 0.0
-5 0.0
14 0.019588471978928254
-10 0.09794235989464127
-41 0.11753083187356952
-27 0.0
-6 0.0
-10 0.11753083187356952
17 0.10479832508726616
-10 0.0
2 0.0
-10 0.0
2 0.0
-10 0.0
2 0.0
-34 0.012732506786303366
-22 0.0
-15 0.0
-10 0.0
-33 0.0
-20 0.0
2 0.0
-10 0.11753083187356952
-34 0.11753083187356952
-27 0.0
0 0.0
-10 0.11753083187356952
-34 0.11753083187356952
-31 0.0
-27 0.0
-1 0.0
-10 0.11753083187356952
-34 0.11753083187356952
-27 0.0
0 0.0
-10 0.11753083187356952
-34 0.11753083187356952
-33 0.0
-27 0.0
-1 0.0
-10 0.11753083187356952
17 0.10479832508726616
-15 0.0
-3 0.0
-15 0.0
-3 0.0
-15 0.0
-3 0.0
-39 0.012732506786303366
-27 0.0
-20 0.0
-15 0.0
-27 0.0
-3 0.0
-10 0.11753083187356952
16 0.11263371387883747
-13 0.0
-1 0.0
-13 0.0
-1 0.0
-13 0.0
-1 0.0
-37 0.0048971179947320635
-25 0.0
-18 0.0
-13 0.0
-31 0.0
-27 0.0
-1 0.0
-10 0.11753083187356952
14 0.10479832508726616
-10 0.0
2 0.0
-10 0.0
2 0.0
-10 0.0
2 0.0
-41 0.012732506786303366
-29 0.0
-22 0.0
-17 0.0
-27 0.0
-5 0.0
-10 0.11753083187356952
-41 0.11753083187356952
-33 0.0
-27 0.0
-3 0.0
-10 0.11753083187356952
-41 0.11753083187356952
-27 0.0
-6 0.0
-10 0.11753083187356952
-41 0.11753083187356952
-31 0.0
-27 0.0
-5 0.0
-10 0.11753083187356952
-41 0.11753083187356952
-27 0.0
-6 0.0
-10 0.11753083187356952
-41 0.11753083187356952
-33 0.0
-27 0.0
-5 0.0
-10 0.11753083187356952
-41 0.11753083187356952
-27 0.0
-6 0.0
-10 0.11753083187356952
-41 0.11753083187356952
-31 0.0
-27 0.0
-5 0.0
-10 0.11753083187356952
-41 0.11753083187356952
-27 0.0
-6 0.0
-10 0.11753083187356952
17 0.10479832508726616
-10 0.0
2 0.0
-10 0.0
2 0.0
-34 0.012732506786303366
-22 0.0
-15 0.0
-10 0.0
-33 0.0
-20 0.0
2 0.0
-10 0.11753083187356952
-34 0.11753083187356952
-27 0.0
0 0.0
-10 0.11753083187356952
-34 0.11753083187356952
-31 0.0
-27 0.0
-1 0.0
-10 0.11753083187356952
-34 0.11753083187356952
-27 0.0
0 0.0
-10 0.11753083187356952
-34 0.11753083187356952
-33 0.0
-27 0.0
-1 0.0
-10 0.11753083187356952
17 0.10479832508726616
-15 0.0
-3 0.0
-15 0.0
-3 0.0
-15 0.0
-3 0.0
-39 0.012732506786303366
-27 0.0
-20 0.0
-15 0.0
-27 0.0
-3 0.0
-10 0.11753083187356952
16 0.11263371387883747
-13 0.0
-1 0.0
-13 0.0
-1 0.0
-13 0.0
-1 0.0
-37 0.0048971179947320635
-25 0.0
-18 0.0
-13 0.0
-31 0.0
-27 0.0
-1 0.0
-10 0.11753083187356952
14 0.10479832508726616
-10 0.0
2 0.0
-10 0.0
2 0.0
-10 0.0
2 0.0
-41 0.012732506786303366
-29 0.0
-22 0.0
-17 0.0
-27 0.0
-5 0.0
-10 0.11753083187356952
-41 0.11753083187356952
-33 0.0
-27 0.0
-3 0.0
-10 0.11753083187356952
-41 0.11753083187356952
-27 0.0
-6 0.0
-10 0.11753083187356952
-41 0.11753083187356952
-31 0.0
-27 0.0
-5 0.0
-10 0.11753083187356952
-41 0.11753083187356952
-27 0.0
-6 0.0
-10 0.11753083187356952
-41 0.11753083187356952
-33 0.0
-27 0.0
-5 0.0
-10 0.11753083187356952
-41 0.11753083187356952
-27 0.0
-6 0.0
-10 0.11753083187356952
-41 0.11753083187356952
-31 0.0
-27 0.0
-5 0.0
-10 0.11753083187356952
-41 0.11753083187356952
-27 0.0
-6 0.0
-10 0.11753083187356952
17 0.10479832508726616
-10 0.0
2 0.0
-10 0.0
2 0.0
-34 0.012732506786303366
-22 0.0
-15 0.0
-10 0.0
-33 0.0
-20 0.0
2 0.0
-10 0.11753083187356952
-34 0.11753083187356952
-27 0.0
0 0.0
-10 0.11753083187356952
-34 0.11753083187356952
-31 0.0
-27 0.0
-1 0.0
-10 0.11753083187356952
-34 0.11753083187356952
-27 0.0
0 0.0
-10 0.11753083187356952
-34 0.11753083187356952
-33 0.0
-27 0.0
-1 0.0
-10 0.11753083187356952
17 0.10479832508726616
-15 0.0
-3 0.0
-15 0.0
-3 0.0
-15 0.0
-3 0.0
-39 0.012732506786303366
-27 0.0
-20 0.0
-15 0.0
-27 0.0
-3 0.0
-10 0.11753083187356952
16 0.11263371387883747
-13 0.0
-1 0.0
-13 0.0
-1 0.0
-13 0.0
-1 0.0
-37 0.0048971179947320635
-25 0.0
-18 0.0
-13 0.0
-31 0.0
-27 0.0
-1 0.0
-10 0.11753083187356952
14 0.10479832508726616
-10 0.0
2 0.0
-10 0.0
2 0.0
-10 0.0
2 0.0
-41 0.012732506786303366
-29 0.0
-22 0.0
-17 0.0
-27 0.0
-5 0.0
-10 0.11753083187356952
-41 0.11753083187356952
-33 0.0
-27 0.0
-3 0.0
-10 0.11753083187356952
-41 0.11753083187356952
-27 0.0
-6 0.0
-10 0.11753083187356952
-41 0.11753083187356952
-31 0.0
-27 0.0
-5 0.0
-10 0.11753083187356952
-41 0.11753083187356952
-27 0.0
-6 0.0
-10 0.11753083187356952
-41 0.11753083187356952
-33 0.0
-27 0.0
-5 0.0
-10 0.11753083187356952
-41 0.11753083187356952
-27 0.0
-6 0.0
-10 0.11753083187356952
-41 0.11753083187356952
-31 0.0
-27 0.0
-5 0.0
-10 0.11753083187356952
-41 0.11753083187356952
-27 0.0
-6 0.0
-10 0.11753083187356952
17 0.10479832508726616
-10 0.0
2 0.0
-10 0.0
2 0.0
-34 0.012732506786303366
-22 0.0
-15 0.0
-10 0.0
-33 0.0
-20 0.0
2 0.0
-10 0.11753083187356952
-34 0.11753083187356952
-27 0.0
0 0.0
-10 0.11753083187356952
-34 0.11753083187356952
-31 0.0
-27 0.0
-1 0.0
-10 0.11753083187356952
-34 0.11753083187356952
-27 0.0
0 0.0
-10 0.11753083187356952
-34 0.11753083187356952
-33 0.0
-27 0.0
-1 0.0
-10 0.11753083187356952
17 0.10479832508726616
-15 0.0
-3 0.0
-15 0.0
-3 0.0
-15 0.0
-3 0.0
-39 0.012732506786303366
-27 0.0
-20 0.0
-15 0.0
-27 0.0
-3 0.0
-10 0.11753083187356952
16 0.11263371387883747
-13 0.0
-1 0.0
-13 0.0
-1 0.0
-13 0.0
-1 0.0
-37 0.0048971179947320635
-25 0.0
-18 0.0
-13 0.0
-31 0.0
-27 0.0
-1 0.0
-10 0.11753083187356952
17 0.10479832508726616
-10 0.0
2 0.0
-10 0.0
2 0.0
-10 0.0
2 0.0
-41 0.012732506786303366
-29 0.0
-22 0.0
-17 0.0
-27 0.0
-5 0.0
-10 0.11753083187356952
-41 0.11753083187356952
-33 0.0
-27 0.0
-3 0.0
-10 0.11753083187356952
-41 0.11753083187356952
-27 0.0
-6 0.0
17 0.0068559651926248895
-10 0.11067486668094464
-41 0.11753083187356952
-31 0.0
-27 0.0
-5 0.0
-10 0.11753083187356952
-41 0.11753083187356952
-27 0.0
-6 0.0
17 0.0019588471978928255
-10 0.1155719846756767
-41 0.11753083187356952
-33 0.0
-27 0.0
-5 0.0
-10 0.11753083187356952
-41 0.11753083187356952
-27 0.0
-6 0.0
17 0.026444437171553144
-7 0.01469135398419619
5 0.0
-7 0.0
5 0.0
-7 0.0
5 0.0
-10 0.07639504071782019
-41 0.11753083187356952
-31 0.0
-27 0.0
-5 0.0
-10 0.11753083187356952
14 0.0538682979420527
-10 0.0
2 0.0
-10 0.0
2 0.0
-10 0.0
2 0.0
-41 0.06366253393151683
-27 0.0
-6 0.0
-10 0.11753083187356952
-34 0.11753083187356952
-22 0.0
-15 0.0
-10 0.0
-33 0.0
-20 0.0
2 0.0
14 0.0068559651926248895
-10 0.0
2 0.0
-10 0.0
2 0.0
-10 0.11067486668094464
2 0.1077365958841054
-34 0.009794235989464127
-27 0.0
0 0.0
-10 0.11753083187356952
5 0.10283947788937334
-31 0.01469135398419619
-27 0.0
-1 0.0
-10 0.11753083187356952
7 0.09794235989464127
-36 0.019588471978928254
-24 0.0
-17 0.0
-12 0.0
-27 0.0
0 0.0
-10 0.11753083187356952
5 0.10969544308199823
-33 0.007835388791571302
-27 0.0
-1 0.0
-10 0.11753083187356952
2 0.1077365958841054
-36 0.009794235989464127
-27 0.0
-3 0.0
-10 0.11753083187356952
-31 0.11753083187356952
-19 0.0
-12 0.0
-7 0.0
-31 0.0
-27 0.0
-1 0.0
-10 0.11753083187356952
-41 0.11753083187356952
-29 0.0
-22 0.0
-17 0.0
-27 0.0
-5 0.0
-10 0.11753083187356952
17 0.10479832508726616
-36 0.012732506786303366
-24 0.0
-17 0.0
-12 0.0
-33 0.0
-27 0.0
-3 0.0
-10 0.11753083187356952
-36 0.11753083187356952
-27 0.0
-6 0.0
-10 0.11753083187356952
-31 0.11753083187356952
-27 0.0
-5 0.0
17 0.019588471978928254
-10 0.09794235989464127
-41 0.11753083187356952
-29 0.0
-22 0.0
-17 0.0
-27 0.0
-6 0.0
-10 0.11753083187356952
-33 0.11753083187356952
-27 0.0
-5 0.0
17 0.0019588471978928255
-10 0.1155719846756767
-41 0.11753083187356952
-27 0.0
-6 0.0
-7 0.041135791155749335
5 0.0
-7 0.0
5 0.0
-7 0.0
5 0.0
17 0.019588471978928254
-10 0.05680656873889194
-41 0.11753083187356952
-31 0.0
-27 0.0
-5 0.0
-10 0.11753083187356952
14 0.011753083187356954
-10 0.04211521475469575
2 0.0
-10 0.0
2 0.0
-10 0.0
2 0.0
-41 0.06366253393151683
-27 0.0
-6 0.0
-10 0.11753083187356952
14 0.10283947788937334
-34 0.01469135398419619
-22 0.0
-15 0.0
-10 0.0
-33 0.0
-20 0.0
2 0.0
-10 0.0068559651926248895
2 0.0
-10 0.0
2 0.0
-10 0.11067486668094464
-34 0.11753083187356952
-27 0.0
0 0.0
9 0.011753083187356954
-10 0.10577774868621258
-31 0.11753083187356952
-27 0.0
-1 0.0
-10 0.11753083187356952
-36 0.11753083187356952
-24 0.0
-17 0.0
-12 0.0
-27 0.0
0 0.0
-7 0.0048971179947320635
5 0.0
-7 0.0
5 0.0
-7 0.0
5 0.0
-10 0.11263371387883747
-33 0.11753083187356952
-27 0.0
-1 0.0
-10 0.11753083187356952
-36 0.11753083187356952
5 0.0
-27 0.0
-3 0.0
-10 0.11753083187356952
2 0.1145925610767303
-31 0.0029382707968392385
-19 0.0
-12 0.0
-7 0.0
-31 0.0
-27 0.0
-1 0.0
-10 0.11753083187356952
5 0.1145925610767303
-41 0.0029382707968392385
-29 0.0
-22 0.0
-17 0.0
-27 0.0
-5 0.0
-10 0.11753083187356952
-36 0.11753083187356952
-24 0.0
-17 0.0
-12 0.0
-33 0.0
-27 0.0
-3 0.0
19 0.009794235989464127
-10 0.1077365958841054
5 0.044074061952588575
-36 0.07345676992098095
-27 0.0
-6 0.0
2 0.019588471978928254
20 0.024485589973660318
-10 0.07345676992098095
-31 0.11753083187356952
-27 0.0
-5 0.0
-10 0.11753083187356952
21 0.09794235989464127
-41 0.019588471978928254
-29 0.0
-22 0.0
-17 0.0
-27 0.0
-6 0.0
-10 0.11753083187356952
-33 0.11753083187356952
-27 0.0
-5 0.0
-10 0.11753083187356952
-41 0.11753083187356952
-27 0.0
-6 0.0
5 0.041135791155749335
5 0.0
-7 0.0
5 0.0
-7 0.0
5 0.0
-10 0.07639504071782019
-41 0.11753083187356952
-31 0.0
-27 0.0
-5 0.0
-10 0.11753083187356952
2 0.0538682979420527
2 0.0
-10 0.0
2 0.0
-10 0.0
2 0.0
-41 0.06366253393151683
-27 0.0
-6 0.0
-10 0.11753083187356952
-34 0.11753083187356952
-22 0.0
-15 0.0
-10 0.0
-33 0.0
-20 0.0
2 0.0
2 0.0068559651926248895
2 0.0
-10 0.0
2 0.0
-10 0.11067486668094464
-34 0.11753083187356952
-27 0.0
0 0.0
-10 0.11753083187356952
12 0.01469135398419619
14 0.09794235989464127
-31 0.0048971179947320635
-27 0.0
-1 0.0
-10 0.11753083187356952
19 0.10479832508726616
-36 0.012732506786303366
-24 0.0
-17 0.0
-12 0.0
-27 0.0
0 0.0
-10 0.11753083187356952
-33 0.11753083187356952
-27 0.0
-1 0.0
-10 0.11753083187356952
-36 0.11753083187356952
-27 0.0
-3 0.0
9 0.019588471978928254
-10 0.09794235989464127
-31 0.11753083187356952
-19 0.0
-12 0.0
-7 0.0
-31 0.0
-27 0.0
-1 0.0
7 0.0048971179947320635
-10 0.11263371387883747
-41 0.11753083187356952
5 0.0
-29 0.0
-22 0.0
-17 0.0
-27 0.0
-5 0.0
-10 0.11753083187356952
17 0.09010697110306998
-36 0.027423860770499558
7 0.0
-24 0.0
-17 0.0
-12 0.0
-33 0.0
-27 0.0
-3 0.0
-10 0.11753083187356952
-36 0.11753083187356952
-27 0.0
-6 0.0
19 0.0999012070925341
-10 0.01762962478103543
-31 0.11753083187356952
-27 0.0
-5 0.0
-10 0.11753083187356952
17 0.048971179947320635
-41 0.0685596519262489
-29 0.0
-22 0.0
-17 0.0
-27 0.0
-6 0.0
-10 0.11753083187356952
5 0.08814812390517715
-33 0.02938270796839238
-27 0.0
-5 0.0
14 0.0068559651926248895
-10 0.11067486668094464
-41 0.11753083187356952
-27 0.0
-6 0.0
5 0.041135791155749335
-7 0.0
5 0.0
-7 0.0
5 0.0
-7 0.0
5 0.0
5 0.027423860770499558
-10 0.048971179947320635
-41 0.11753083187356952
-31 0.0
-27 0.0
-5 0.0
-10 0.11753083187356952
2 0.0538682979420527
-10 0.0
2 0.0
-10 0.0
2 0.0
-10 0.0
2 0.0
2 0.0068559651926248895
-41 0.05680656873889194
-27 0.0
-6 0.0
-10 0.11753083187356952
-34 0.11753083187356952
-22 0.0
-15 0.0
-10 0.0
-33 0.0
-20 0.0
2 0.0
2 0.0068559651926248895
-10 0.0
2 0.0
-10 0.0
2 0.0
-10 0.11067486668094464
-34 0.11753083187356952
-27 0.0
0 0.0
-10 0.11753083187356952
9 0.11753083187356952
-31 0.0
-27 0.0
-1 0.0
-10 0.11753083187356952
-36 0.11753083187356952
-24 0.0
-17 0.0
-12 0.0
-27 0.0
0 0.0
-7 0.0048971179947320635
5 0.0
-7 0.0
5 0.0
-7 0.0
5 0.0
-10 0.11263371387883747
-33 0.11753083187356952
-27 0.0
-1 0.0
-10 0.11753083187356952
-36 0.11753083187356952
-27 0.0
-3 0.0
-10 0.11753083187356952
-31 0.11753083187356952
-19 0.0
-12 0.0
-7 0.0
-31 0.0
-27 0.0
-1 0.0
5 0.0048971179947320635
-10 0.11263371387883747
9 0.09794235989464127
-41 0.019588471978928254
-29 0.0
-22 0.0
-17 0.0
-27 0.0
-5 0.0
-10 0.11753083187356952
17 0.10479832508726616
-36 0.012732506786303366
-24 0.0
-17 0.0
-12 0.0
-33 0.0
-27 0.0
-3 0.0
-10 0.11753083187356952
-36 0.11753083187356952
-27 0.0
-6 0.0
-10 0.11753083187356952
9 0.11263371387883747
-31 0.0048971179947320635
-27 0.0
-5 0.0
17 0.019588471978928254
-10 0.09794235989464127
-41 0.11753083187356952
-29 0.0
-22 0.0
-17 0.0
-27 0.0
-6 0.0
14 0.026444437171553144
-10 0.09108639470201639
-33 0.11753083187356952
-27 0.0
-5 0.0
-10 0.11753083187356952
9 0.1077365958841054
-41 0.009794235989464127
-27 0.0
-6 0.0
-7 0.041135791155749335
5 0.0
-7 0.0
5 0.0
-7 0.0
5 0.0
17 0.019588471978928254
-10 0.05680656873889194
-41 0.11753083187356952
-31 0.0
-27 0.0
-5 0.0
9 0.011753083187356954
-10 0.10577774868621258
17 0.011753083187356954
-10 0.04211521475469575
2 0.0
-10 0.0
2 0.0
-10 0.0
2 0.0
-41 0.06366253393151683
-27 0.0
-6 0.0
12 0.0048971179947320635
-10 0.11263371387883747
14 0.10283947788937334
-34 0.01469135398419619
-22 0.0
-15 0.0
-10 0.0
-33 0.0
-20 0.0
2 0.0
9 0.0068559651926248895
-10 0.0
2 0.0
-10 0.0
2 0.0
12 0.10577774868621258
-10 0.0048971179947320635
9 0.1145925610767303
-34 0.0029382707968392385
-27 0.0
0 0.0
12 0.10969544308199823
-10 0.007835388791571302
9 0.11263371387883747
-31 0.0048971179947320635
-27 0.0
-1 0.0
12 0.10479832508726616
-10 0.012732506786303366
9 0.1077365958841054
-36 0.009794235989464127
-24 0.0
-17 0.0
-12 0.0
-27 0.0
0 0.0
12 0.11263371387883747
-10 0.0048971179947320635
9 0.11263371387883747
-33 0.0048971179947320635
-27 0.0
-1 0.0
12 0.10969544308199823
-10 0.007835388791571302
9 0.11263371387883747
-36 0.0048971179947320635
-27 0.0
-3 0.0
12 0.10283947788937334
-10 0.01469135398419619
9 0.11263371387883747
-31 0.0048971179947320635
-19 0.0
-12 0.0
-7 0.0
-31 0.0
-27 0.0
-1 0.0
12 0.11263371387883747
-10 0.0048971179947320635
9 0.11263371387883747
-41 0.0048971179947320635
-29 0.0
-22 0.0
-17 0.0
-27 0.0
-5 0.0
12 0.1077365958841054
-10 0.009794235989464127
-36 0.11753083187356952
-24 0.0
-17 0.0
-12 0.0
-33 0.0
-27 0.0
-3 0.0
9 0.01469135398419619
-10 0.10283947788937334
-36 0.11753083187356952
-27 0.0
-6 0.0
7 0.01469135398419619
-10 0.10283947788937334
5 0.01469135398419619
-31 0.10283947788937334
-27 0.0
-5 0.0
2 0.016650201182089017
-10 0.10088063069148051
-41 0.11753083187356952
-29 0.0
-22 0.0
-17 0.0
-27 0.0
-6 0.0
-10 0.11753083187356952
-33 0.11753083187356952
-27 0.0
-5 0.0
-10 0.11753083187356952
5 0.1077365958841054
-41 0.009794235989464127
-27 0.0
-6 0.0
5 0.041135791155749335
-7 0.0
5 0.0
-7 0.0
5 0.0
-7 0.0
5 0.0
-10 0.07639504071782019
-41 0.11753083187356952
-31 0.0
-27 0.0
-5 0.0
-10 0.11753083187356952
7 0.01469135398419619
2 0.03917694395785651
-10 0.0
2 0.0
-10 0.0
2 0.0
-10 0.0
2 0.0
-41 0.06366253393151683
-27 0.0
-6 0.0
-10 0.11753083187356952
7 0.01469135398419619
-34 0.10283947788937334
-22 0.0
-15 0.0
-10 0.0
-33 0.0
-20 0.0
2 0.0
2 0.0068559651926248895
-10 0.0
2 0.0
-10 0.0
2 0.0
5 0.11067486668094464
-10 0.0
-34 0.11753083187356952
2 0.0
-27 0.0
0 0.0
-10 0.11753083187356952
-31 0.11753083187356952
-27 0.0
-1 0.0
7 0.016650201182089017
-10 0.10088063069148051
5 0.0019588471978928255
7 0.11263371387883747
-36 0.0029382707968392385
-24 0.0
-17 0.0
-12 0.0
-27 0.0
0 0.0
-7 0.0048971179947320635
5 0.0
-7 0.0
5 0.0
-7 0.0
5 0.0
-10 0.11263371387883747
-33 0.11753083187356952
-27 0.0
-1 0.0
5 0.0068559651926248895
-10 0.11067486668094464
-36 0.11753083187356952
-27 0.0
-3 0.0
-10 0.0048971179947320635
2 0.0
-10 0.0
2 0.0
-10 0.0
2 0.0
-10 0.11263371387883747
-7 0.10969544308199823
5 0.0
-7 0.0
5 0.0
-7 0.0
5 0.0
-31 0.007835388791571302
-19 0.0
-12 0.0
-7 0.0
-31 0.0
-27 0.0
-1 0.0
9 0.024485589973660318
-10 0.09304524189990922
-10 0.11263371387883747
2 0.0
-10 0.0
2 0.0
-10 0.0
2 0.0
-41 0.0048971179947320635
-29 0.0
-22 0.0
-17 0.0
-27 0.0
-5 0.0
12 0.019588471978928254
-10 0.09794235989464127
9 0.02938270796839238
-7 0.07541561711887378
5 0.0
-7 0.0
5 0.0
-7 0.0
5 0.0
-36 0.012732506786303366
-24 0.0
-17 0.0
-12 0.0
-33 0.0
-27 0.0
-3 0.0
-10 0.11753083187356952
-36 0.11753083187356952
-27 0.0
-6 0.0
12 0.03134155516628521
-10 0.08618927670728432
-31 0.11753083187356952
-27 0.0
-5 0.0
-5 0.0068559651926248895
7 0.0
-5 0.0
7 0.0
-5 0.0
7 0.0
9 0.009794235989464127
-10 0.10088063069148051
-7 0.11263371387883747
5 0.0
-7 0.0
5 0.0
-7 0.0
5 0.0
-41 0.0048971179947320635
-29 0.0
-22 0.0
-17 0.0
-27 0.0
-6 0.0
9 0.0048971179947320635
-10 0.11263371387883747
-4 0.1145925610767303
8 0.0
-4 0.0
8 0.0
-4 0.0
8 0.0
-33 0.0029382707968392385
-27 0.0
-5 0.0
-10 0.11753083187356952
17 0.1077365958841054
-41 0.009794235989464127
-27 0.0
-6 0.0
-10 0.11753083187356952
17 0.1077365958841054
-41 0.009794235989464127
-31 0.0
-27 0.0
-5 0.0
-5 0.009794235989464127
7 0.0
-5 0.0
7 0.0
-5 0.0
7 0.0
-7 0.09010697110306998
5 0.0
-7 0.0
5 0.0
-7 0.0
5 0.0
-10 0.01762962478103543
21 0.1077365958841054
-10 0.0068559651926248895
2 0.0
-10 0.0
2 0.0
-10 0.0
2 0.0
-41 0.0029382707968392385
-27 0.0
-6 0.0
-10 0.11753083187356952
14 0.0048971179947320635
-34 0.11263371387883747
-22 0.0
-15 0.0
-10 0.0
-33 0.0
-20 0.0
2 0.0
-10 0.11753083187356952
12 0.01469135398419619
-34 0.10283947788937334
-27 0.0
0 0.0
9 0.024485589973660318
-10 0.09304524189990922
12 0.019588471978928254
-31 0.09794235989464127
-27 0.0
-1 0.0
14 0.01469135398419619
-10 0.10283947788937334
12 0.0048971179947320635
9 0.0999012070925341
-36 0.012732506786303366
-24 0.0
-17 0.0
-12 0.0
-27 0.0
0 0.0
12 0.1145925610767303
-10 0.0029382707968392385
-33 0.11753083187356952
-27 0.0
-1 0.0
14 0.0068559651926248895
-10 0.11067486668094464
12 0.01469135398419619
-36 0.10283947788937334
9 0.0
-27 0.0
-3 0.0
-10 0.0048971179947320635
2 0.0
-10 0.0
2 0.0
12 0.11263371387883747
-10 0.0
-7 0.10969544308199823
5 0.0
-7 0.0
5 0.0
-7 0.0
5 0.0
-31 0.007835388791571302
-19 0.0
-12 0.0
-7 0.0
-31 0.0
-27 0.0
-1 0.0
14 0.011753083187356954
-10 0.10577774868621258
12 0.01469135398419619
-10 0.09794235989464127
2 0.0
-10 0.0
2 0.0
-10 0.0
2 0.0
-41 0.0048971179947320635
-29 0.0
-22 0.0
-17 0.0
-27 0.0
-5 0.0
9 0.01469135398419619
-10 0.10283947788937334
12 0.0048971179947320635
-7 0.0999012070925341
5 0.0
-7 0.0
5 0.0
-7 0.0
5 0.0
-36 0.012732506786303366
-24 0.0
-17 0.0
-12 0.0
-33 0.0
-27 0.0
-3 0.0
14 0.016650201182089017
-10 0.10088063069148051
-36 0.11753083187356952
-27 0.0
-6 0.0
-10 0.11753083187356952
-31 0.11753083187356952
-27 0.0
-5 0.0
-5 0.0068559651926248895
7 0.0
-5 0.0
7 0.0
-5 0.0
7 0.0
14 0.022526742775767494
-10 0.08814812390517715
-7 0.11263371387883747
5 0.0
-7 0.0
5 0.0
-7 0.0
5 0.0
-41 0.0048971179947320635
-29 0.0
-22 0.0
-17 0.0
-27 0.0
-6 0.0
14 0.0019588471978928255
-10 0.1155719846756767
-4 0.1145925610767303
8 0.0
-4 0.0
8 0.0
-4 0.0
8 0.0
-33 0.0029382707968392385
-27 0.0
-5 0.0
-10 0.11753083187356952
16 0.1077365958841054
-41 0.009794235989464127
-27 0.0
-6 0.0
17 0.02938270796839238
-10 0.08814812390517715
17 0.1077365958841054
-41 0.009794235989464127
-31 0.0
-27 0.0
-5 0.0
19 0.0019588471978928255
-5 0.007835388791571302
7 0.0
-5 0.0
7 0.0
-5 0.0
7 0.0
-7 0.09010697110306998
5 0.0
-7 0.0
5 0.0
-7 0.0
5 0.0
-10 0.01762962478103543
21 0.1077365958841054
-10 0.0068559651926248895
2 0.0
-10 0.0
2 0.0
-10 0.0
2 0.0
-41 0.0029382707968392385
-27 0.0
-6 0.0
-10 0.11753083187356952
-34 0.11753083187356952
-22 0.0
-15 0.0
-10 0.0
-33 0.0
-20 0.0
2 0.0
-10 0.11753083187356952
17 0.1145925610767303
-34 0.0029382707968392385
-27 0.0
0 0.0
-10 0.11753083187356952
14 0.11753083187356952
-31 0.0
-27 0.0
-1 0.0
-10 0.11753083187356952
12 0.10479832508726616
-36 0.012732506786303366
-24 0.0
-17 0.0
-12 0.0
-27 0.0
0 0.0
9 0.09794235989464127
-10 0.019588471978928254
-33 0.11753083187356952
-27 0.0
-1 0.0
7 0.0019588471978928255
-10 0.1155719846756767
-36 0.11753083187356952
-27 0.0
-3 0.0
5 0.0048971179947320635
-10 0.0
2 0.0
-10 0.0
2 0.0
-10 0.11263371387883747
-7 0.10969544308199823
5 0.0
-7 0.0
5 0.0
-7 0.0
5 0.0
-31 0.007835388791571302
-19 0.0
-12 0.0
-7 0.0
-31 0.0
-27 0.0
-1 0.0
-10 0.11753083187356952
-10 0.11263371387883747
2 0.0
-10 0.0
2 0.0
-10 0.0
2 0.0
-41 0.0048971179947320635
-29 0.0
-22 0.0
-17 0.0
-27 0.0
-5 0.0
2 0.009794235989464127
-10 0.1077365958841054
17 0.10479832508726616
-7 0.0
5 0.0
-7 0.0
5 0.0
-7 0.0
5 0.0
-36 0.012732506786303366
-24 0.0
-17 0.0
-12 0.0
-33 0.0
-27 0.0
-3 0.0
9 0.0048971179947320635
-10 0.11263371387883747
-36 0.11753083187356952
-27 0.0
-6 0.0
-10 0.11753083187356952
-31 0.11753083187356952
-27 0.0
-5 0.0
-5 0.0068559651926248895
7 0.0
-5 0.0
7 0.0
-5 0.0
7 0.0
17 0.012732506786303366
12 0.016650201182089017
-10 0.08129215871255226
-7 0.11263371387883747
5 0.0
-7 0.0
5 0.0
-7 0.0
5 0.0
-41 0.0048971179947320635
-29 0.0
-22 0.0
-17 0.0
-27 0.0
-6 0.0
9 0.02938270796839238
-10 0.08814812390517715
-4 0.1145925610767303
8 0.0
-4 0.0
8 0.0
-4 0.0
8 0.0
-33 0.0029382707968392385
-27 0.0
-5 0.0
17 0.009794235989464127
-10 0.1077365958841054
-41 0.11753083187356952
-27 0.0
-6 0.0
-10 0.11753083187356952
-31 0.10479832508726616
-41 0.012732506786303366
-31 0.0
-27 0.0
-5 0.0
-5 0.009794235989464127
7 0.0
-5 0.0
7 0.0
-5 0.0
7 0.0
17 0.0048971179947320635
-7 0.08520985310833791
5 0.0
-7 0.0
5 0.0
-7 0.0
5 0.0
-10 0.01762962478103543
-10 0.1145925610767303
2 0.0
-10 0.0
2 0.0
-10 0.0
2 0.0
-41 0.0029382707968392385
-27 0.0
-6 0.0
-10 0.11753083187356952
-34 0.11753083187356952
-22 0.0
-15 0.0
-10 0.0
-33 0.0
-20 0.0
2 0.0
17 0.01469135398419619
-10 0.10283947788937334
0 0.11753083187356952
-10 0.11753083187356952
-1 0.11753083187356952
-10 0.11753083187356952
0 0.11753083187356952
-10 0.11753083187356952
-1 0.11753083187356952
-10 0.11753083187356952
-3 0.11753083187356952
-10 0.11753083187356952
-1 0.11753083187356952
-10 0.11753083187356952
-5 0.11753083187356952
-10 0.11753083187356952
-3 0.11753083187356952
-10 0.11753083187356952
-6 0.11753083187356952
-10 0.11753083187356952
-5 0.11753083187356952
-10 0.11753083187356952
-6 0.11753083187356952
-10 0.11753083187356952
-5 0.11753083187356952
-10 0.11753083187356952
-6 0.11753083187356952
-10 0.11753083187356952
-5 0.11753083187356952
-10 0.11753083187356952
-6 0.11753083187356952
-10 0.11753083187356952
-34 0.11753083187356952
-22 0.0
-15 0.0
-10 0.0
-33 0.0
-20 0.0
2 0.0
-10 0.11753083187356952
0 0.11753083187356952
-10 0.11753083187356952
-1 0.11753083187356952
-10 0.11753083187356952
0 0.11753083187356952
-10 0.11753083187356952
-1 0.11753083187356952
-10 0.11753083187356952
-3 0.11753083187356952
-10 0.11753083187356952
-1 0.11753083187356952
-10 0.11753083187356952
-5 0.11753083187356952
-10 0.11753083187356952
-3 0.11753083187356952
-10 0.11753083187356952
-6 0.11753083187356952
-10 0.11753083187356952
-5 0.11753083187356952
-10 0.11753083187356952
-6 0.11753083187356952
-10 0.11753083187356952
-5 0.11753083187356952
-10 0.11753083187356952
-6 0.11753083187356952
-10 0.11753083187356952
-5 0.11753083187356952
-10 0.11753083187356952
-6 0.11753083187356952
-10 0.11753083187356952
-34 0.11753083187356952
-22 0.0
-15 0.0
-10 0.0
-33 0.0
-20 0.0
2 0.0
