5 2.039236191751743
-4 1.0196180958758716
-12 0.0
-19 0.0
4 1.0196180958758716
-5 0.0
-13 0.0
-17 0.0
0 0.6797453972505811
-7 0.0
0 0.33987269862529057
-8 0.0
-17 0.0
-24 0.0
12 0.0
3 1.0196180958758716
-2 0.0
-5 0.0
10 1.0196180958758716
1 0.0
-4 0.0
-7 0.0
7 0.6797453972505811
7 0.33987269862529057
0 0.0
-5 0.0
-8 0.0
-1 1.0196180958758716
-7 0.0
-10 0.0
10 1.0196180958758716
-2 0.0
-8 0.0
-12 0.0
-2 0.0
8 0.6797453972505811
7 0.33987269862529057
-19 0.0
-12 0.0
8 0.33987269862529057
5 0.33987269862529057
-7 0.0
-4 0.0
5 0.33987269862529057
-11 0.0
-14 0.0
-4 0.0
-7 0.0
-10 1.0196180958758716
-13 0.0
7 0.6797453972505811
-5 0.0
-5 0.0
7 0.33987269862529057
-1 0.0
-7 0.0
-10 0.0
-5 0.0
0 1.0196180958758716
-5 0.0
-8 0.0
-1 0.6797453972505811
0 0.33987269862529057
8 0.33987269862529057
7 0.33987269862529057
12 0.33987269862529057
12 0.0
3 1.0196180958758716
-2 0.0
-5 0.0
10 0.33987269862529057
10 0.0
12 0.33987269862529057
12 0.0
10 0.33987269862529057
10 0.0
1 0.0
-4 0.0
-7 0.0
7 0.6797453972505811
7 0.0
-5 0.0
7 0.33987269862529057
7 0.0
0 0.0
-5 0.0
-8 0.0
-1 1.0196180958758716
-7 0.0
-10 0.0
-11 0.6797453972505811
10 0.33987269862529057
10 0.0
-2 0.0
-8 0.0
-12 0.0
-2 0.0
8 0.6797453972505811
8 0.0
-4 0.0
-4 0.0
7 0.33987269862529057
7 0.0
-4 0.0
-19 0.0
-4 0.0
-12 0.0
8 0.33987269862529057
8 0.0
5 0.33987269862529057
5 0.0
-7 0.0
5 0.33987269862529057
5 0.0
-11 0.0
-14 0.0
-7 0.0
-10 1.0196180958758716
-13 0.0
-5 0.0
7 0.6797453972505811
7 0.0
-7 0.0
7 0.33987269862529057
7 0.0
-1 0.0
-5 0.0
-7 0.0
-10 0.0
0 1.0196180958758716
-5 0.0
-8 0.0
0 1.0196180958758716
5 1.0196180958758716
-4 1.0196180958758716
-12 0.0
-19 0.0
3 1.0196180958758716
-2 0.0
-9 0.0
-18 0.0
1 0.33987269862529057
0 0.33987269862529057
0 0.33987269862529057
-9 0.0
-16 0.0
-2 1.0196180958758716
-18 0.0
3 1.0196180958758716
-3 0.0
-7 0.0
-19 0.0
-7 0.0
1 0.6797453972505811
0 0.33987269862529057
-4 0.0
-11 0.0
-26 0.0
-8 0.0
1 0.33987269862529057
-2 0.33987269862529057
-2 0.33987269862529057
-5 0.0
-14 0.0
-21 0.0
-9 0.0
-7 1.0196180958758716
-17 0.0
-23 0.0
-14 0.0
0 0.6797453972505811
0 0.33987269862529057
-7 0.0
-16 0.0
-24 0.0
-12 0.0
-8 1.0196180958758716
-17 0.0
-14 0.0
0 1.0196180958758716
-7 0.0
-19 0.0
-16 0.0
3 1.0196180958758716
-6 1.0196180958758716
-14 0.0
-21 0.0
1 1.0196180958758716
-7 0.0
-9 0.0
-15 0.0
-19 0.0
-31 0.0
0 0.33987269862529057
-2 0.33987269862529057
-2 0.33987269862529057
-11 0.0
-19 0.0
-26 0.0
-26 0.0
-9 1.0196180958758716
-24 0.0
1 1.0196180958758716
-7 0.0
-23 0.0
0 0.6797453972505811
-2 0.33987269862529057
-5 0.0
-11 0.0
-21 0.0
0 0.33987269862529057
-4 0.33987269862529057
-20 0.0
-4 0.33987269862529057
-12 0.0
-19 0.0
-5 1.0196180958758716
-14 0.0
-11 0.0
-2 0.5098090479379358
-7 0.16993634931264529
-16 0.0
0 0.33987269862529057
-7 0.0
-16 0.0
-24 0.0
-8 1.0196180958758716
-17 0.0
-9 1.0196180958758716
-18 0.0
-31 0.0
-2 0.33987269862529057
0 0.33987269862529057
-2 0.33987269862529057
-7 0.0
-10 0.0
-19 0.0
-26 0.0
-8 1.0196180958758716
-12 0.0
-16 0.0
-9 0.33987269862529057
-11 0.33987269862529057
0 0.33987269862529057
-9 0.0
-11 0.0
-17 0.0
-33 0.0
-4 0.6797453972505811
-4 0.33987269862529057
-11 0.0
-19 0.0
-28 0.0
-12 1.0196180958758716
-20 0.0
-3 0.6797453972505811
-13 0.33987269862529057
-21 0.0
-35 0.0
-2 0.6797453972505811
-22 0.0
-6 0.33987269862529057
-14 0.0
-23 0.0
-30 0.0
-7 0.5098090479379358
-5 0.5098090479379358
-24 0.0
-36 0.0
-4 0.5098090479379358
-8 0.0
-7 0.5098090479379358
-9 0.0
-16 0.0
-25 0.0
-35 0.0
-11 0.5098090479379358
-12 0.5098090479379358
-15 0.0
-24 0.0
-31 0.0
-13 0.5098090479379358
-14 0.5098090479379358
-23 0.0
-26 0.0
-6 0.5098090479379358
-13 0.5098090479379358
-22 0.0
-29 0.0
-5 0.5098090479379358
-8 0.5098090479379358
-12 0.0
-24 0.0
-24 0.0
-12 0.0
-17 0.0
-26 1.0196180958758716
-10 0.33987269862529057
-8 0.33987269862529057
-10 0.33987269862529057
-28 0.0
-19 0.0
-12 0.6797453972505811
-12 0.33987269862529057
-17 0.0
-24 0.0
-26 0.0
-20 0.0
-28 1.0196180958758716
-19 0.33987269862529057
-17 0.33987269862529057
-19 0.33987269862529057
-29 0.0
-20 0.6797453972505811
-14 0.33987269862529057
-31 0.0
-32 1.0196180958758716
-16 0.33987269862529057
-14 0.33987269862529057
-16 0.33987269862529057
-33 0.0
-17 0.6797453972505811
-17 0.33987269862529057
-28 0.0
-34 0.0
-19 0.33987269862529057
-20 0.33987269862529057
-19 0.33987269862529057
-35 0.0
-36 1.0196180958758716
-20 0.6797453972505811
-20 0.33987269862529057
-29 0.0
-36 0.0
-12 0.0
-17 0.33987269862529057
-17 0.0
-12 0.33987269862529057
-12 0.0
12 0.33987269862529057
12 0.0
-8 0.0
-8 0.0
-8 0.0
-5 0.33987269862529057
-5 0.0
11 0.33987269862529057
0 0.0
0 0.0
10 0.33987269862529057
-5 0.0
-8 0.0
-14 0.0
-24 0.0
-36 0.0
10 0.0
-5 0.0
-8 0.0
1 0.0
-14 0.0
1 0.0
-5 0.0
-8 0.0
-14 0.0
8 0.33987269862529057
7 0.33987269862529057
7 0.0
7 0.33987269862529057
5 0.0
7 0.0
4 0.33987269862529057
1 0.33987269862529057
0 0.33987269862529057
0 0.0
0 0.0
-2 0.33987269862529057
-4 0.33987269862529057
-7 0.0
-4 0.0
-4 0.0
-4 0.0
5 0.33987269862529057
-7 0.0
-16 0.0
5 0.0
-7 0.0
-9 0.0
-4 0.0
-16 0.0
-4 0.0
-7 0.0
-9 0.0
-16 0.0
3 0.33987269862529057
1 0.33987269862529057
1 0.0
-8 0.0
1 0.33987269862529057
0 0.0
-24 0.0
-36 0.0
1 0.0
1 0.0
-7 0.0
-11 0.0
-2 0.33987269862529057
-4 0.33987269862529057
-5 0.33987269862529057
-5 0.0
-15 0.0
-5 0.0
-15 0.0
-7 0.33987269862529057
-8 0.33987269862529057
-8 0.0
-8 0.0
-14 0.0
-8 0.0
-14 0.0
0 0.33987269862529057
-12 0.0
0 0.0
-8 0.0
-12 0.0
-8 0.0
-14 0.0
-8 0.0
-14 0.0
-12 0.0
-13 0.33987269862529057
-4 0.33987269862529057
-14 0.0
-4 0.0
-4 0.33987269862529057
-16 0.0
-4 0.0
-16 0.0
-12 0.0
-16 0.0
-17 0.33987269862529057
-17 0.0
-18 0.33987269862529057
-18 0.0
-19 0.33987269862529057
-9 0.0
-14 0.0
-9 0.0
-19 0.0
-9 0.0
-16 0.0
-19 0.0
-20 0.33987269862529057
-19 0.33987269862529057
-13 0.0
-13 0.0
-5 0.33987269862529057
-13 0.0
-29 0.0
-13 0.0
-17 0.0
-18 0.33987269862529057
-8 0.33987269862529057
-17 0.0
-8 0.0
-8 0.0
-8 0.33987269862529057
-12 0.0
-17 0.0
-24 0.0
-36 0.0
-8 0.0
-12 0.0
-24 0.0
-17 0.0
-20 0.33987269862529057
-17 0.33987269862529057
-12 0.33987269862529057
-12 0.33987269862529057
-13 0.33987269862529057
-14 0.33987269862529057
-14 0.0
-16 0.33987269862529057
-17 0.33987269862529057
-17 0.33987269862529057
-19 0.33987269862529057
-20 0.33987269862529057
-20 0.33987269862529057
-23 0.33987269862529057
-24 0.33987269862529057
-24 0.0
-36 0.012745226198448395
-24 0.32712747242684215
-25 0.02124204366408066
-37 0.016993634931264528
-26 0.2634013414346002
-38 0.008496817465632264
-25 0.029738861129712923
-27 0.2931402025643131
-39 0.012745226198448395
-26 0.033987269862529056
21 0.27189815890023245
12 0.02549045239689679
-21 0.012745226198448395
-27 0.029738861129712923
20 0.2124204366408066
11 0.008496817465632264
-20 0.02549045239689679
24 0.288891793831497
19 0.004248408732816132
22 0.008496817465632264
12 0.0
10 0.0
-12 0.004248408732816132
-11 0.2124204366408066
18 0.0934649921219549
9 0.012745226198448395
-10 0.11470703578603557
17 0.1062102183204033
8 0.008496817465632264
-9 0.0807197659235065
8 0.17843316677827753
16 0.0
20 0.004248408732816132
12 0.012745226198448395
-8 0.0
-12 0.012745226198448395
-18 0.1869299842439098
23 0.06797453972505811
11 0.016993634931264528
14 0.008496817465632264
-17 0.12320385325166783
14 0.1062102183204033
10 0.0
-16 0.06372613099224197
18 0.225165662839255
14 0.0
6 0.004248408732816132
-15 0.008496817465632264
-20 0.008496817465632264
-27 0.0
13 0.1741847580454614
5 0.0
-14 0.05098090479379358
21 0.07222294845787425
-13 0.1317006707173001
12 0.0934649921219549
4 0.012745226198448395
-10 0.07647135719069037
4 0.161439531847013
9 0.0
12 0.004248408732816132
16 0.008496817465632264
-15 0.02124204366408066
-12 0.008496817465632264
-20 0.004248408732816132
-10 0.14019748818293234
20 0.06797453972505811
8 0.008496817465632264
11 0.0
-9 0.10196180958758716
10 0.11895544451885169
7 0.004248408732816132
-8 0.06797453972505811
0 0.20817202790799047
15 0.008496817465632264
6 0.004248408732816132
9 0.0
-8 0.012745226198448395
-12 0.02549045239689679
-1 0.19117839297672592
8 0.029738861129712923
7 0.13594907945011622
-2 0.016993634931264528
18 0.11895544451885169
-3 0.11470703578603557
6 0.008496817465632264
12 0.27189815890023245
0 0.004248408732816132
6 0.0
4 0.0
-27 0.02549045239689679
-20 0.012745226198448395
5 0.20392361917517432
-13 0.012745226198448395
0 0.11470703578603557
4 0.08921658338913876
16 0.06797453972505811
-12 0.08496817465632264
-12 0.11470703578603557
-20 0.02124204366408066
11 0.012745226198448395
-1 0.004248408732816132
4 0.012745226198448395
-10 0.12745226198448395
3 0.07647135719069037
-9 0.09771340085477104
2 0.08496817465632264
14 0.05098090479379358
-12 0.02549045239689679
-8 0.004248408732816132
9 0.2124204366408066
-8 0.004248408732816132
0 0.008496817465632264
4 0.012745226198448395
-12 0.016993634931264528
-1 0.1571911231141969
12 0.07647135719069037
-2 0.1062102183204033
8 0.11470703578603557
-3 0.059477722259425846
11 0.16993634931264529
-4 0.004248408732816132
-5 0.16993634931264529
6 0.038235678595345185
-6 0.1062102183204033
9 0.09771340085477104
-7 0.06797453972505811
4 0.14869430564856462
-8 0.004248408732816132
-9 0.15294271438138074
8 0.05098090479379358
-10 0.11895544451885169
3 0.08921658338913876
-11 0.059477722259425846
6 0.15294271438138074
-12 0.004248408732816132
-13 0.1062102183204033
0 0.0807197659235065
-14 0.055229313526609716
-15 0.14019748818293234
4 0.012745226198448395
-16 0.1062102183204033
-1 0.09771340085477104
-17 0.02124204366408066
-18 0.12745226198448395
2 0.07647135719069037
-19 0.04248408732816132
-20 0.12745226198448395
-3 0.1741847580454614
-12 0.02124204366408066
-8 0.0
-27 0.033987269862529056
-20 0.22091725410643887
0 0.02549045239689679
-12 0.19542680170954208
-19 0.02549045239689679
-8 0.23366248030488726
-18 0.02124204366408066
-8 0.19542680170954208
-4 0.029738861129712923
-1 0.22091725410643887
-16 0.029738861129712923
2 0.20392361917517432
-6 0.004248408732816132
0 0.23791088903770338
-15 0.016993634931264528
-4 0.20392361917517432
-13 0.02124204366408066
3 0.029738861129712923
-10 0.22941407157207114
4 0.008496817465632264
-15 0.012745226198448395
-20 0.22941407157207114
-3 0.0
6 0.004248408732816132
-12 0.0
8 0.2634013414346002
-9 0.008496817465632264
9 0.2549045239689679
0 0.016993634931264528
-7 0.004248408732816132
-8 0.24215929777051953
11 0.016993634931264528
-15 0.016993634931264528
-6 0.27614656763304857
14 0.012745226198448395
3 0.012745226198448395
12 0.3143822462283938
-4 0.02549045239689679
14 0.27189815890023245
-8 0.22091725410643887
-6 0.0
15 0.1571911231141969
-3 0.016993634931264528
4 0.004248408732816132
0 0.2931402025643131
16 0.30163702002994536
-32 1.5081851001497268
-44 0.029738861129712923
-16 0.4120956470831648
-25 0.016993634931264528
-8 0.2634013414346002
-20 0.016993634931264528
-13 0.2549045239689679
-1 0.016993634931264528
-20 0.22941407157207114
-8 0.016993634931264528
-16 0.24640770650333566
-25 0.008496817465632264
-1 0.2634013414346002
-13 0.02124204366408066
-8 0.23366248030488726
-20 0.029738861129712923
-16 0.22941407157207114
-25 0.055229313526609716
-32 0.2931402025643131
-18 0.08921658338913876
-16 0.3781083772206357
-25 0.033987269862529056
-8 0.23366248030488726
-1 0.259152932701784
-13 0.012745226198448395
-20 0.23366248030488726
-8 0.008496817465632264
-16 0.23791088903770338
-25 0.02124204366408066
-1 0.24640770650333566
-13 0.016993634931264528
-8 0.2931402025643131
-20 0.029738861129712923
-16 0.24640770650333566
-25 0.029738861129712923
-32 0.4333376907472455
-44 0.012745226198448395
-8 0.33987269862529057
-25 0.0
-4 0.27189815890023245
-16 0.04673249606097745
8 0.3483695160909228
-1 0.02549045239689679
-8 0.02124204366408066
-4 0.2803949763658647
-16 0.033987269862529056
-8 0.22091725410643887
-25 0.02549045239689679
6 0.2634013414346002
-9 0.04248408732816132
-4 0.004248408732816132
-1 0.2676497501674163
-16 0.016993634931264528
3 0.2634013414346002
-25 0.004248408732816132
-6 0.004248408732816132
3 0.3696115597550035
-13 0.012745226198448395
-8 0.0
-4 0.02549045239689679
-16 0.2634013414346002
-25 0.24215929777051953
-6 0.033987269862529056
-4 0.2931402025643131
-32 0.029738861129712923
-8 0.24215929777051953
-25 0.02124204366408066
-13 0.2634013414346002
-16 0.02124204366408066
-9 0.22091725410643887
-4 0.10196180958758716
-1 0.0934649921219549
6 0.14019748818293234
-25 0.2549045239689679
4 0.23791088903770338
-16 0.07222294845787425
3 0.2676497501674163
-4 0.029738861129712923
-6 0.004248408732816132
-13 0.038235678595345185
4 0.322879063694026
-14 0.02549045239689679
1 0.24640770650333566
-8 0.016993634931264528
-25 0.012745226198448395
-15 0.35686633355655506
1 0.004248408732816132
-8 0.008496817465632264
-6 0.012745226198448395
-25 0.2506561152361518
-32 0.259152932701784
-9 0.2931402025643131
-15 0.008496817465632264
-25 0.004248408732816132
-9 0.2676497501674163
-15 0.008496817465632264
3 0.11045862705321943
-5 0.02124204366408066
-11 0.1571911231141969
-1 0.288891793831497
-5 0.038235678595345185
-9 0.012745226198448395
-11 0.029738861129712923
-13 0.225165662839255
-25 0.23791088903770338
-4 0.2931402025643131
-8 0.033987269862529056
-13 0.22941407157207114
-6 0.21666884537362274
-10 0.02549045239689679
-15 0.016993634931264528
-1 0.322879063694026
-16 0.029738861129712923
-10 0.004248408732816132
-6 0.0
-25 0.2634013414346002
1 0.12745226198448395
-11 0.18268157551109368
-7 0.012745226198448395
-3 0.2634013414346002
-7 0.02549045239689679
-11 0.008496817465632264
-16 0.0
-15 0.22091725410643887
-23 0.24640770650333566
-6 0.288891793831497
-32 0.02549045239689679
-15 0.24640770650333566
-8 0.22941407157207114
-12 0.033987269862529056
-16 0.02549045239689679
-13 0.30163702002994536
-9 0.004248408732816132
-18 0.029738861129712923
-25 0.24640770650333566
-1 0.14019748818293234
-13 0.18268157551109368
-4 0.3058854287627615
-13 0.02124204366408066
-9 0.016993634931264528
-18 0.0
-16 0.19117839297672592
-23 0.20392361917517432
-25 0.24640770650333566
-6 0.3781083772206357
-32 0.08921658338913876
-16 0.259152932701784
-25 0.008496817465632264
-8 0.30163702002994536
-13 0.033987269862529056
-1 0.42059246454879706
-20 0.04673249606097745
-9 0.008496817465632264
-8 0.3058854287627615
-27 0.016993634931264528
-3 0.27614656763304857
-11 0.02124204366408066
-20 0.004248408732816132
-4 0.3993504208847164
-8 0.012745226198448395
-12 0.016993634931264528
-18 0.36111474228937124
-3 0.004248408732816132
-6 0.28464338509868087
-13 0.02549045239689679
-16 0.0
-6 0.3441211073581067
-8 0.012745226198448395
-13 0.004248408732816132
-15 0.0
-37 0.3441211073581067
-25 0.2931402025643131
-18 0.3781083772206357
-9 0.0
-25 0.3781083772206357
-8 0.4035988296175325
-15 0.008496817465632264
-13 0.0
-8 0.645758127388052
-32 0.0
-13 0.029738861129712923
-16 0.0
-32 0.038235678595345185
-13 0.27614656763304857
-25 0.02124204366408066
-20 0.23791088903770338
-16 0.016993634931264528
-13 0.1996752104423582
-25 0.012745226198448395
-18 0.20817202790799047
-15 0.012745226198448395
-13 0.21666884537362274
-25 0.02124204366408066
-16 0.2124204366408066
-13 0.0
-16 0.0
-8 0.0
-8 0.004248408732816132
-13 0.21666884537362274
-25 0.0
-20 0.1996752104423582
-32 0.012745226198448395
-25 0.1741847580454614
-13 0.02124204366408066
-15 0.1741847580454614
-12 0.02549045239689679
-11 0.17843316677827753
-25 0.06372613099224197
-13 0.2124204366408066
-3 0.0
-7 0.0
-15 0.0
-10 0.0
-32 0.0
-15 0.0
-25 0.0
-37 0.0
-15 0.004248408732816132
-10 0.008496817465632264
-19 0.033987269862529056
-7 0.1571911231141969
-12 0.20392361917517432
-3 0.016993634931264528
-15 0.19542680170954208
-1 0.008496817465632264
-10 0.19542680170954208
-13 0.0
-3 0.012745226198448395
-7 0.0
-13 0.16993634931264529
-1 0.008496817465632264
-13 0.2124204366408066
-8 0.059477722259425846
-4 0.04248408732816132
-32 0.008496817465632264
4 0.08921658338913876
-4 0.0
-8 0.0
-16 0.0
-13 0.0
-16 0.0
-25 0.20817202790799047
-8 0.17843316677827753
-16 0.016993634931264528
-23 0.012745226198448395
-4 0.16568794057982913
-25 0.0
-6 0.23366248030488726
-13 0.012745226198448395
-15 0.016993634931264528
-1 0.18268157551109368
-13 0.008496817465632264
4 0.1869299842439098
-8 0.0
-4 0.02549045239689679
-16 0.0
-1 0.17843316677827753
-13 0.02549045239689679
-8 0.18268157551109368
-16 0.033987269862529056
-13 0.16568794057982913
-25 0.038235678595345185
-3 0.16568794057982913
-6 0.0
-32 0.004248408732816132
-25 0.18268157551109368
4 0.016993634931264528
-1 0.23366248030488726
-3 0.0
-7 0.0
-3 0.0
-7 0.0
-15 0.0
-10 0.0
-32 0.0
-15 0.0
-25 0.0
-37 0.0
-19 0.004248408732816132
-15 0.016993634931264528
-10 0.059477722259425846
2 0.12745226198448395
-7 0.059477722259425846
0 0.1571911231141969
5 0.012745226198448395
9 0.19542680170954208
-3 0.004248408732816132
11 0.21666884537362274
2 0.0
-13 0.0
-1 0.004248408732816132
-1 0.19117839297672592
-13 0.19117839297672592
-8 0.08496817465632264
-32 0.02124204366408066
-4 0.008496817465632264
4 0.08921658338913876
-4 0.0
-8 0.0
-16 0.0
-13 0.0
-16 0.0
-25 0.20817202790799047
-16 0.20392361917517432
-20 0.0
-8 0.18268157551109368
-25 0.004248408732816132
-6 0.20392361917517432
-23 0.02124204366408066
-15 0.0
-13 0.16993634931264529
-25 0.02549045239689679
-13 0.20817202790799047
-4 0.012745226198448395
-8 0.0
-25 0.18268157551109368
-13 0.033987269862529056
-16 0.19117839297672592
-32 0.012745226198448395
-6 0.18268157551109368
-25 0.029738861129712923
-1 0.1996752104423582
-4 0.016993634931264528
-13 0.02124204366408066
-16 0.038235678595345185
-8 0.15294271438138074
-25 0.008496817465632264
-1 0.2506561152361518
-3 0.0
-15 0.0
-18 0.0
-3 0.016993634931264528
-15 0.004248408732816132
-18 0.05098090479379358
-8 0.161439531847013
-25 0.038235678595345185
-13 0.1444458969157485
-32 0.033987269862529056
-8 0.20392361917517432
-13 0.05098090479379358
4 0.16993634931264529
-1 0.02124204366408066
-3 0.004248408732816132
-8 0.19542680170954208
-13 0.033987269862529056
4 0.18268157551109368
-1 0.0
-8 0.0
-16 0.0
-20 0.0
-4 0.004248408732816132
-1 0.008496817465632264
-8 0.21666884537362274
-13 0.02124204366408066
-6 0.1996752104423582
-11 0.008496817465632264
-13 0.18268157551109368
-4 0.012745226198448395
-1 0.1996752104423582
-16 0.02549045239689679
6 0.17843316677827753
-25 0.008496817465632264
8 0.23366248030488726
-22 0.0
-32 0.04673249606097745
-1 0.16993634931264529
-25 0.038235678595345185
9 0.1869299842439098
-18 0.012745226198448395
4 0.22091725410643887
-17 0.012745226198448395
11 0.1996752104423582
-16 0.02124204366408066
-13 0.23366248030488726
8 0.008496817465632264
12 0.27189815890023245
-7 0.0
-15 0.0
-24 0.0
-10 0.008496817465632264
-15 0.02549045239689679
9 0.22941407157207114
-7 0.016993634931264528
-3 0.2124204366408066
14 0.008496817465632264
5 0.2549045239689679
0 0.008496817465632264
15 0.3058854287627615
-6 0.0
-25 0.0
-3 0.004248408732816132
-9 0.02549045239689679
-13 0.004248408732816132
6 0.24640770650333566
-1 0.04248408732816132
-1 0.18268157551109368
4 0.0934649921219549
8 0.07222294845787425
-25 0.07647135719069037
-32 0.0
16 0.08496817465632264
-1 0.0
-4 0.0
-16 0.0
-25 0.0
-32 0.0
18 0.1741847580454614
16 0.0934649921219549
18 0.1062102183204033
-16 0.059477722259425846
16 0.02549045239689679
18 0.0934649921219549
16 0.07647135719069037
18 0.07647135719069037
-13 0.059477722259425846
16 0.012745226198448395
-18 0.004248408732816132
18 0.0807197659235065
16 0.07222294845787425
18 0.07647135719069037
16 0.07647135719069037
-8 0.008496817465632264
-16 0.008496817465632264
18 0.05098090479379358
16 0.08921658338913876
18 0.07222294845787425
16 0.07647135719069037
-13 0.02124204366408066
-25 0.004248408732816132
18 0.059477722259425846
16 0.08921658338913876
18 0.07222294845787425
-1 0.059477722259425846
-8 0.029738861129712923
16 0.0
18 0.08496817465632264
16 0.12745226198448395
-4 0.05098090479379358
18 0.02549045239689679
16 0.1062102183204033
18 0.09771340085477104
-20 0.07647135719069037
16 0.0
18 0.09771340085477104
16 0.08921658338913876
18 0.08921658338913876
-1 0.008496817465632264
-6 0.02549045239689679
16 0.05098090479379358
18 0.08921658338913876
16 0.1062102183204033
4 0.059477722259425846
-4 0.004248408732816132
18 0.004248408732816132
16 0.10196180958758716
18 0.08496817465632264
16 0.0934649921219549
18 0.055229313526609716
-1 0.02549045239689679
-13 0.02549045239689679
16 0.055229313526609716
18 0.06372613099224197
16 0.08921658338913876
18 0.07222294845787425
11 0.0934649921219549
-1 0.0
16 0.012745226198448395
18 0.055229313526609716
16 0.1062102183204033
18 0.07222294845787425
16 0.11045862705321943
18 0.07222294845787425
16 0.0934649921219549
8 0.02124204366408066
4 0.012745226198448395
18 0.04248408732816132
16 0.11045862705321943
18 0.05098090479379358
16 0.09771340085477104
18 0.07222294845787425
16 0.0934649921219549
18 0.06797453972505811
-1 0.02549045239689679
-8 0.008496817465632264
16 0.05098090479379358
18 0.059477722259425846
16 0.08921658338913876
18 0.059477722259425846
16 0.0807197659235065
18 0.059477722259425846
16 0.07647135719069037
18 0.06372613099224197
16 0.07647135719069037
18 0.059477722259425846
16 0.08496817465632264
18 0.06372613099224197
16 0.07647135719069037
18 0.07222294845787425
16 0.0807197659235065
18 0.059477722259425846
16 0.0807197659235065
18 0.08496817465632264
16 0.0807197659235065
18 0.059477722259425846
16 0.0807197659235065
15 0.08921658338913876
16 0.09771340085477104
18 0.1062102183204033
20 0.10196180958758716
16 0.1062102183204033
13 0.1062102183204033
10 0.1062102183204033
13 0.10196180958758716
11 0.10196180958758716
16 0.09771340085477104
11 0.09771340085477104
9 0.10196180958758716
3 0.1062102183204033
6 0.09771340085477104
4 0.09771340085477104
8 0.10196180958758716
4 0.10196180958758716
1 0.1062102183204033
-2 0.11045862705321943
1 0.08496817465632264
-1 0.10196180958758716
4 0.11045862705321943
-1 0.0934649921219549
-3 0.10196180958758716
-9 0.10196180958758716
-6 0.1062102183204033
-8 0.09771340085477104
-4 0.1062102183204033
-8 0.0934649921219549
-11 0.11470703578603557
-14 0.1062102183204033
-11 0.08496817465632264
-13 0.10196180958758716
-11 0.10196180958758716
-12 0.08496817465632264
-10 0.11895544451885169
-11 0.08496817465632264
-9 0.11470703578603557
-10 0.09771340085477104
-8 0.08496817465632264
-20 0.008496817465632264
-32 0.004248408732816132
-4 0.5862804051286262
-16 0.008496817465632264
-28 0.0
-6 0.7562167544412715
-30 0.004248408732816132
-18 0.004248408732816132
-9 0.20392361917517432
-21 0.008496817465632264
-33 0.008496817465632264
-8 0.14869430564856462
-20 0.016993634931264528
-32 0.0
-35 0.1317006707173001
-23 0.0
-11 0.004248408732816132
-21 0.1317006707173001
-9 0.004248408732816132
-33 0.012745226198448395
-25 0.11895544451885169
-13 0.008496817465632264
-37 0.0
-23 0.11895544451885169
-11 0.0
-35 0.004248408732816132
-16 0.15294271438138074
-28 0.016993634931264528
-40 0.02549045239689679
-13 0.10196180958758716
-9 0.13594907945011622
-21 0.06372613099224197
-4 0.038235678595345185
3 0.09771340085477104
-13 0.02549045239689679
-4 0.07222294845787425
-21 0.08921658338913876
-9 0.029738861129712923
-13 0.11895544451885169
-28 0.012745226198448395
-9 0.08496817465632264
-4 0.08921658338913876
-21 0.059477722259425846
3 0.038235678595345185
-13 0.04673249606097745
-4 0.059477722259425846
-21 0.06797453972505811
-9 0.038235678595345185
-13 0.12320385325166783
-9 0.08921658338913876
-4 0.11045862705321943
-40 0.12745226198448395
-28 0.1062102183204033
-13 0.1062102183204033
-21 0.02549045239689679
-9 0.0807197659235065
-4 0.11045862705321943
8 0.1571911231141969
-1 0.016993634931264528
-8 0.038235678595345185
-1 0.0934649921219549
-13 0.059477722259425846
-4 0.10196180958758716
-21 0.02549045239689679
6 0.2676497501674163
-9 0.02549045239689679
-4 0.0
-1 0.008496817465632264
-13 0.16568794057982913
-21 0.12320385325166783
3 0.12745226198448395
-9 0.008496817465632264
-13 0.17843316677827753
-9 0.055229313526609716
-28 0.02549045239689679
-40 0.0
3 0.0807197659235065
-21 0.17843316677827753
-13 0.05098090479379358
-9 0.09771340085477104
-14 0.04673249606097745
-4 0.06797453972505811
3 0.08921658338913876
-13 0.055229313526609716
-4 0.055229313526609716
-21 0.07222294845787425
-9 0.05098090479379358
-9 0.14869430564856462
-28 0.04248408732816132
-4 0.05098090479379358
-1 0.07647135719069037
6 0.10196180958758716
-21 0.2124204366408066
4 0.19542680170954208
-13 0.008496817465632264
3 0.27614656763304857
-12 0.004248408732816132
-6 0.016993634931264528
-4 0.004248408732816132
-16 0.16993634931264529
-18 0.06797453972505811
4 0.07222294845787425
-28 0.10196180958758716
1 0.07222294845787425
-8 0.0
1 0.19117839297672592
-13 0.012745226198448395
-8 0.004248408732816132
-4 0.004248408732816132
-18 0.1444458969157485
-20 0.11895544451885169
-28 0.12745226198448395
-14 0.20392361917517432
-5 0.016993634931264528
-9 0.02549045239689679
-20 0.10196180958758716
-21 0.11470703578603557
3 0.09771340085477104
-28 0.033987269862529056
-11 0.11895544451885169
-1 0.16993634931264529
-11 0.012745226198448395
-5 0.008496817465632264
-9 0.008496817465632264
-21 0.1317006707173001
-28 0.19542680170954208
-4 0.28464338509868087
-13 0.012745226198448395
-40 0.02124204366408066
-28 0.0807197659235065
-21 0.1571911231141969
-5 0.1317006707173001
-13 0.029738861129712923
-14 0.11470703578603557
-1 0.16568794057982913
-6 0.02124204366408066
-10 0.0
-15 0.012745226198448395
-18 0.11895544451885169
-28 0.15294271438138074
1 0.1317006707173001
-13 0.08921658338913876
-3 0.2124204366408066
-11 0.02124204366408066
-7 0.004248408732816132
-13 0.0
-19 0.1741847580454614
-23 0.14019748818293234
-28 0.161439531847013
-6 0.1869299842439098
-40 0.008496817465632264
-15 0.004248408732816132
-28 0.14019748818293234
-23 0.13594907945011622
-8 0.12745226198448395
-15 0.02549045239689679
-16 0.1571911231141969
-9 0.11895544451885169
-18 0.033987269862529056
-12 0.02124204366408066
-21 0.1444458969157485
-1 0.1741847580454614
-28 0.004248408732816132
-15 0.16568794057982913
-4 0.20817202790799047
-12 0.012745226198448395
-9 0.0
-15 0.008496817465632264
-16 0.16568794057982913
-18 0.161439531847013
-21 0.1996752104423582
-8 0.22091725410643887
-28 0.016993634931264528
-13 0.016993634931264528
-20 0.0
-18 0.17843316677827753
-16 0.19117839297672592
-13 0.18268157551109368
4 0.2634013414346002
-8 0.02549045239689679
-12 0.029738861129712923
-16 0.008496817465632264
-6 0.1996752104423582
-4 0.2124204366408066
3 0.1741847580454614
-6 0.02124204366408066
-3 0.16568794057982913
3 0.35686633355655506
-8 0.016993634931264528
-4 0.016993634931264528
-35 0.059477722259425846
4 0.27614656763304857
-23 0.0
-16 0.23791088903770338
1 0.016993634931264528
-8 0.0
1 0.22091725410643887
-4 0.0
-8 0.016993634931264528
-9 0.14869430564856462
-11 0.17843316677827753
-9 0.13594907945011622
-11 0.15294271438138074
-4 0.016993634931264528
-8 0.012745226198448395
-13 0.13594907945011622
-16 0.16993634931264529
3 0.004248408732816132
-25 0.18268157551109368
-1 0.1869299842439098
-9 0.033987269862529056
-11 0.20392361917517432
-5 0.16993634931264529
-13 0.0
-11 0.1444458969157485
-6 0.161439531847013
-10 0.016993634931264528
-13 0.0
-18 0.14869430564856462
1 0.16568794057982913
-25 0.008496817465632264
-18 0.15294271438138074
-3 0.14869430564856462
-11 0.029738861129712923
-13 0.14019748818293234
-7 0.17843316677827753
-15 0.0
-13 0.15294271438138074
-8 0.19542680170954208
-15 0.02124204366408066
-10 0.02124204366408066
-20 0.18268157551109368
-1 0.09771340085477104
-27 0.1571911231141969
-4 0.09771340085477104
-20 0.04673249606097745
-4 0.20817202790799047
-13 0.012745226198448395
-11 0.0
-8 0.004248408732816132
-15 0.1741847580454614
-16 0.20392361917517432
-15 0.1869299842439098
-9 0.2549045239689679
-11 0.004248408732816132
-16 0.02549045239689679
-21 0.02549045239689679
-17 0.2931402025643131
-2 0.004248408732816132
-21 0.2931402025643131
-33 0.44183450821287773
-4 0.13594907945011622
-4 0.35686633355655506
-12 0.0
-16 0.0
-4 0.0
-28 0.0
-9 0.008496817465632264
-12 0.008496817465632264
-40 0.02124204366408066
-28 0.008496817465632264
-21 0.2676497501674163
-20 0.161439531847013
-12 0.012745226198448395
-16 0.008496817465632264
-9 0.20392361917517432
-21 0.0
-14 0.1741847580454614
-11 0.004248408732816132
-9 0.18268157551109368
-21 0.02124204366408066
-12 0.16568794057982913
-4 0.0
-21 0.19117839297672592
-9 0.012745226198448395
-16 0.17843316677827753
-28 0.016993634931264528
-9 0.1444458969157485
-21 0.008496817465632264
-11 0.16568794057982913
-8 0.008496817465632264
-7 0.1741847580454614
-21 0.0
-6 0.1996752104423582
-9 0.012745226198448395
1 0.0
-2 0.0
-11 0.0
-21 0.0
-6 0.0
-28 0.0
-11 0.0
-21 0.0
-33 0.0
-11 0.016993634931264528
-3 0.20392361917517432
-8 0.1571911231141969
-3 0.02549045239689679
1 0.0
-11 0.1741847580454614
3 0.0
-6 0.17843316677827753
1 0.0
-9 0.0
-3 0.016993634931264528
-9 0.1571911231141969
3 0.016993634931264528
-9 0.11470703578603557
-4 0.07222294845787425
0 0.07222294845787425
-28 0.04673249606097745
8 0.04673249606097745
0 0.0
-4 0.0
-12 0.0
-9 0.0
-12 0.0
-21 0.18268157551109368
-4 0.19117839297672592
-12 0.0
-20 0.012745226198448395
0 0.161439531847013
-21 0.016993634931264528
-2 0.16568794057982913
-9 0.016993634931264528
-11 0.012745226198448395
-9 0.1741847580454614
3 0.0
8 0.1741847580454614
-12 0.008496817465632264
0 0.016993634931264528
3 0.161439531847013
-9 0.012745226198448395
-4 0.1869299842439098
-12 0.02549045239689679
-9 0.14869430564856462
-21 0.016993634931264528
1 0.15294271438138074
-2 0.0
-28 0.02124204366408066
-21 0.038235678595345185
8 0.1317006707173001
-21 0.10196180958758716
-15 0.0
-11 0.07647135719069037
3 0.04248408732816132
-3 0.0
1 0.0
-2 0.0
-11 0.0
-21 0.0
-6 0.0
-28 0.0
-11 0.0
-21 0.0
-33 0.0
-6 0.008496817465632264
1 0.008496817465632264
6 0.1571911231141969
-3 0.07222294845787425
9 0.11470703578603557
4 0.02124204366408066
13 0.16568794057982913
1 0.02124204366408066
6 0.19542680170954208
15 0.0
-9 0.0
3 0.1741847580454614
-9 0.1869299842439098
-28 0.0807197659235065
-4 0.008496817465632264
0 0.059477722259425846
8 0.10196180958758716
0 0.0
-4 0.0
-12 0.0
-9 0.0
-12 0.0
-21 0.15294271438138074
-16 0.20392361917517432
-12 0.016993634931264528
-4 0.1741847580454614
-21 0.02124204366408066
-20 0.14869430564856462
-2 0.012745226198448395
-11 0.0
-9 0.1869299842439098
-21 0.02549045239689679
0 0.1869299842439098
-12 0.0
-9 0.016993634931264528
-4 0.0
-9 0.17843316677827753
-21 0.02124204366408066
-12 0.1571911231141969
-28 0.02124204366408066
-2 0.1741847580454614
-21 0.0
3 0.1996752104423582
0 0.016993634931264528
-9 0.004248408732816132
-12 0.008496817465632264
-4 0.16993634931264529
-21 0.033987269862529056
3 0.17843316677827753
1 0.0
-11 0.0
-14 0.0
1 0.012745226198448395
-11 0.02549045239689679
-14 0.02549045239689679
-4 0.14869430564856462
-21 0.012745226198448395
-9 0.1741847580454614
-28 0.0
-4 0.2124204366408066
-9 0.0
8 0.16568794057982913
3 0.029738861129712923
1 0.004248408732816132
-2 0.012745226198448395
-4 0.16568794057982913
-9 0.029738861129712923
8 0.16993634931264529
3 0.0
-4 0.0
-12 0.0
-16 0.0
-12 0.0
-4 0.0
3 0.02549045239689679
0 0.0
-4 0.17843316677827753
-9 0.016993634931264528
-2 0.1741847580454614
-8 0.016993634931264528
-9 0.16568794057982913
0 0.008496817465632264
3 0.19542680170954208
-12 0.0
10 0.1741847580454614
-21 0.012745226198448395
12 0.20817202790799047
-18 0.0
-28 0.07222294845787425
3 0.14019748818293234
-21 0.016993634931264528
13 0.1741847580454614
-14 0.008496817465632264
-13 0.1869299842439098
8 0.016993634931264528
15 0.17843316677827753
-12 0.02124204366408066
-9 0.20817202790799047
12 0.02124204366408066
16 0.2124204366408066
-3 0.0
-11 0.0
-20 0.0
3 0.0
-11 0.0
-3 0.0
-6 0.02549045239689679
-11 0.016993634931264528
13 0.19542680170954208
-3 0.008496817465632264
18 0.1869299842439098
1 0.008496817465632264
9 0.24215929777051953
19 0.24640770650333566
-2 0.0
-21 0.0
-2 0.0
-9 0.016993634931264528
-5 0.008496817465632264
1 0.012745226198448395
10 0.27614656763304857
-9 0.0
8 0.1869299842439098
12 0.09771340085477104
-40 0.05098090479379358
-21 0.14869430564856462
20 0.0
3 0.0
0 0.0
-12 0.0
-21 0.0
-28 0.0
-40 0.0
3 0.0
-12 0.0
-16 0.0
0 0.0
22 0.22091725410643887
15 0.029738861129712923
20 0.1741847580454614
8 0.008496817465632264
-16 0.008496817465632264
22 0.17843316677827753
15 0.012745226198448395
20 0.1571911231141969
-20 0.004248408732816132
8 0.004248408732816132
-14 0.0
22 0.17843316677827753
15 0.008496817465632264
20 0.161439531847013
8 0.004248408732816132
-12 0.012745226198448395
-21 0.012745226198448395
22 0.1571911231141969
15 0.008496817465632264
-11 0.15294271438138074
20 0.008496817465632264
8 0.012745226198448395
-14 0.004248408732816132
22 0.1571911231141969
15 0.012745226198448395
20 0.161439531847013
8 0.008496817465632264
-9 0.004248408732816132
-16 0.004248408732816132
22 0.161439531847013
15 0.008496817465632264
20 0.161439531847013
8 0.0
-8 0.004248408732816132
-12 0.02124204366408066
22 0.14869430564856462
15 0.012745226198448395
20 0.14869430564856462
-6 0.0
8 0.008496817465632264
-14 0.02124204366408066
22 0.15294271438138074
15 0.008496817465632264
20 0.1571911231141969
8 0.008496817465632264
-11 0.0
-5 0.004248408732816132
22 0.16568794057982913
15 0.016993634931264528
20 0.14869430564856462
8 0.008496817465632264
-4 0.008496817465632264
-12 0.004248408732816132
22 0.16993634931264529
15 0.02124204366408066
20 0.1571911231141969
8 0.004248408732816132
-2 0.008496817465632264
-8 0.012745226198448395
22 0.16993634931264529
15 0.016993634931264528
20 0.1571911231141969
8 0.016993634931264528
0 0.004248408732816132
-9 0.02124204366408066
22 0.16568794057982913
15 0.02124204366408066
8 0.18268157551109368
20 0.004248408732816132
2 0.012745226198448395
-4 0.016993634931264528
22 0.18268157551109368
15 0.012745226198448395
3 0.004248408732816132
20 0.1996752104423582
8 0.004248408732816132
12 0.02549045239689679
3 0.004248408732816132
22 0.1571911231141969
20 0.19542680170954208
15 0.033987269862529056
8 0.008496817465632264
22 0.16993634931264529
20 0.2549045239689679
8 0.27614656763304857
-40 1.1343251316619072
-28 0.16993634931264529
-21 0.12745226198448395
20 0.15294271438138074
-18 0.008496817465632264
8 0.004248408732816132
15 0.0
12 0.008496817465632264
-12 0.14019748818293234
-9 0.1869299842439098
21 0.004248408732816132
15 0.016993634931264528
9 0.0
-12 0.0
12 0.004248408732816132
-8 0.11470703578603557
-7 0.11045862705321943
-6 0.11470703578603557
18 0.016993634931264528
15 0.004248408732816132
6 0.012745226198448395
12 0.004248408732816132
-5 0.10196180958758716
-4 0.08921658338913876
-3 0.1062102183204033
-2 0.11895544451885169
-1 0.08921658338913876
0 0.18268157551109368
20 0.012745226198448395
-8 0.0
16 0.008496817465632264
-4 0.004248408732816132
8 0.004248408732816132
1 0.11470703578603557
2 0.1062102183204033
3 0.11470703578603557
4 0.12320385325166783
5 0.11895544451885169
6 0.12320385325166783
16 0.0
11 0.02124204366408066
7 0.10196180958758716
8 0.11470703578603557
18 0.1444458969157485
-6 0.0
-12 0.0
-21 0.0
-28 0.0
12 0.02124204366408066
9 0.004248408732816132
3 0.012745226198448395
0 0.0
8 0.11895544451885169
7 0.08496817465632264
15 0.12745226198448395
6 0.016993634931264528
5 0.12320385325166783
8 0.04248408732816132
4 0.04248408732816132
3 0.1444458969157485
-21 0.012745226198448395
-28 0.012745226198448395
-18 0.18268157551109368
18 0.20392361917517432
9 0.0
6 0.012745226198448395
12 0.008496817465632264
-12 0.012745226198448395
12 0.059477722259425846
-11 0.10196180958758716
8 0.07647135719069037
-10 0.08496817465632264
-9 0.1062102183204033
6 0.0807197659235065
-8 0.016993634931264528
-7 0.11895544451885169
15 0.029738861129712923
3 0.016993634931264528
12 0.004248408732816132
-6 0.059477722259425846
-5 0.14019748818293234
-4 0.1571911231141969
16 0.0
-8 0.0
4 0.0
-8 0.0
-13 0.0
-20 0.0
-13 0.016993634931264528
11 0.0
4 0.004248408732816132
8 0.012745226198448395
-3 0.11470703578603557
-2 0.09771340085477104
6 0.02549045239689679
-1 0.0934649921219549
11 0.004248408732816132
4 0.016993634931264528
1 0.08921658338913876
8 0.06797453972505811
2 0.038235678595345185
3 0.13594907945011622
4 0.12320385325166783
5 0.1062102183204033
15 0.1317006707173001
-6 0.0
-12 0.0
-21 0.0
-28 0.0
6 0.012745226198448395
0 0.012745226198448395
3 0.004248408732816132
3 0.004248408732816132
5 0.11895544451885169
4 0.11470703578603557
3 0.11895544451885169
2 0.11045862705321943
1 0.0934649921219549
-28 0.14019748818293234
12 0.008496817465632264
-21 0.004248408732816132
0 0.008496817465632264
-16 0.016993634931264528
-15 0.14019748818293234
-14 0.0934649921219549
-13 0.11895544451885169
-18 0.004248408732816132
15 0.0
6 0.0
-13 0.0
6 0.008496817465632264
3 0.008496817465632264
-11 0.1062102183204033
-10 0.10196180958758716
4 0.04673249606097745
11 0.1062102183204033
-9 0.012745226198448395
3 0.016993634931264528
-8 0.08921658338913876
3 0.05098090479379358
-7 0.059477722259425846
-6 0.11895544451885169
-5 0.10196180958758716
-4 0.1317006707173001
15 0.14019748818293234
1 0.0
-5 0.0
-15 0.0
-23 0.0
3 0.029738861129712923
7 0.004248408732816132
-3 0.004248408732816132
-9 0.012745226198448395
-11 0.004248408732816132
-2 0.14019748818293234
3 0.07647135719069037
-1 0.0934649921219549
0 0.16993634931264529
4 0.0
9 0.161439531847013
-3 0.02549045239689679
1 0.0
2 0.11470703578603557
15 0.23791088903770338
-4 0.0
-16 0.0
-24 0.0
8 0.02549045239689679
3 0.0
0 0.016993634931264528
-4 0.02549045239689679
2 0.11470703578603557
1 0.19117839297672592
8 0.004248408732816132
3 0.02549045239689679
0 0.161439531847013
-3 0.18268157551109368
-4 0.1741847580454614
9 0.2549045239689679
-12 0.0
-18 0.0
-28 0.0
0 0.02549045239689679
-6 0.0
-28 0.1741847580454614
-18 0.16993634931264529
-12 0.1741847580454614
3 0.0
-9 0.1869299842439098
6 0.008496817465632264
-8 0.1317006707173001
9 0.20817202790799047
-7 0.0
-3 0.0
-11 0.0
-19 0.0
-27 0.0
1 0.02124204366408066
-15 0.004248408732816132
-3 0.012745226198448395
-11 0.08496817465632264
-10 0.1317006707173001
-1 0.04248408732816132
-9 0.04673249606097745
5 0.04673249606097745
-8 0.06797453972505811
1 0.0934649921219549
-7 0.016993634931264528
-6 0.11045862705321943
-5 0.14869430564856462
-4 0.10196180958758716
9 0.16993634931264529
-11 0.0
-20 0.0
-28 0.0
-40 0.0
4 0.012745226198448395
1 0.004248408732816132
-4 0.004248408732816132
-3 0.02124204366408066
-8 0.004248408732816132
-4 0.1444458969157485
-5 0.20392361917517432
-6 0.16993634931264529
4 0.1996752104423582
-8 0.0
-11 0.19117839297672592
4 0.19542680170954208
-8 0.008496817465632264
-4 0.012745226198448395
-28 0.161439531847013
-20 0.18268157551109368
1 0.004248408732816132
-16 0.18268157551109368
-1 0.0
-14 0.16568794057982913
-13 0.16568794057982913
4 0.23791088903770338
-6 0.0
-12 0.0
-12 0.004248408732816132
-6 0.016993634931264528
-20 0.0
-8 0.0
-16 0.1062102183204033
-15 0.1317006707173001
-4 0.016993634931264528
-14 0.059477722259425846
-13 0.12745226198448395
-3 0.0807197659235065
-12 0.038235678595345185
-11 0.11470703578603557
0 0.008496817465632264
-10 0.12745226198448395
-9 0.10196180958758716
-8 0.1571911231141969
4 0.0
-13 0.0
-1 0.016993634931264528
-8 0.016993634931264528
-16 0.004248408732816132
-4 0.004248408732816132
-13 0.016993634931264528
-9 0.11045862705321943
-10 0.225165662839255
-1 0.0
-11 0.161439531847013
-12 0.19117839297672592
-13 0.1869299842439098
3 0.21666884537362274
-12 0.0
-8 0.02124204366408066
-4 0.012745226198448395
-13 0.16568794057982913
-12 0.19542680170954208
-20 0.16993634931264529
-4 0.24215929777051953
-28 0.02124204366408066
-20 0.17843316677827753
1 0.2124204366408066
-8 0.0
-11 0.0
-11 0.016993634931264528
-8 0.012745226198448395
-20 0.1741847580454614
-6 0.13594907945011622
-4 0.07222294845787425
-28 0.029738861129712923
-20 0.1996752104423582
-4 0.059477722259425846
-11 0.16993634931264529
-15 0.016993634931264528
-14 0.23791088903770338
0 0.27614656763304857
-12 0.0
-21 0.0
-21 0.033987269862529056
-28 0.008496817465632264
-9 0.0
-4 0.23791088903770338
-13 0.012745226198448395
0 0.22941407157207114
-4 0.0
-12 0.016993634931264528
-21 0.016993634931264528
3 0.16993634931264529
8 0.21666884537362274
4 0.012745226198448395
5 0.18268157551109368
9 0.18268157551109368
6 0.012745226198448395
5 0.1571911231141969
8 0.18268157551109368
4 0.008496817465632264
3 0.20392361917517432
6 0.1444458969157485
2 0.038235678595345185
3 0.1571911231141969
-4 0.1996752104423582
8 0.02124204366408066
-4 0.0
4 0.004248408732816132
3 0.17843316677827753
6 0.20392361917517432
2 0.02549045239689679
3 0.17843316677827753
4 0.21666884537362274
8 0.008496817465632264
3 0.161439531847013
-28 0.033987269862529056
-18 0.059477722259425846
-12 0.11895544451885169
-6 0.1996752104423582
6 0.016993634931264528
-12 0.0
-6 0.0
-18 0.0
-28 0.0
2 0.016993634931264528
4 0.225165662839255
1 0.0
6 0.24215929777051953
0 0.004248408732816132
1 0.17843316677827753
2 0.19542680170954208
3 0.19117839297672592
6 0.20392361917517432
2 0.18268157551109368
4 0.18268157551109368
1 0.016993634931264528
0 0.161439531847013
3 0.18268157551109368
-1 0.0
0 0.22941407157207114
4 0.16568794057982913
-6 0.0
-6 0.004248408732816132
0 0.16568794057982913
3 0.20817202790799047
-1 0.1869299842439098
4 0.20817202790799047
1 0.016993634931264528
-2 0.008496817465632264
-40 0.14019748818293234
-3 0.038235678595345185
-28 0.02549045239689679
-12 0.23791088903770338
-20 0.0
3 0.059477722259425846
-12 0.0
-8 0.0
-20 0.0
-28 0.0
-4 0.02549045239689679
0 0.004248408732816132
-8 0.016993634931264528
1 0.18268157551109368
-2 0.02124204366408066
3 0.21666884537362274
-4 0.0
0 0.008496817465632264
-2 0.20392361917517432
0 0.20817202790799047
1 0.1741847580454614
4 0.20392361917517432
0 0.16993634931264529
3 0.19117839297672592
-1 0.016993634931264528
0 0.16568794057982913
4 0.1741847580454614
1 0.012745226198448395
0 0.161439531847013
3 0.18268157551109368
-8 0.0
-8 0.02124204366408066
-1 0.16993634931264529
1 0.1869299842439098
-2 0.038235678595345185
-3 0.16993634931264529
3 0.22941407157207114
-4 0.02124204366408066
-28 0.16993634931264529
-5 0.06372613099224197
-21 0.016993634931264528
-12 0.19117839297672592
0 0.07647135719069037
-12 0.0
-9 0.0
-21 0.0
-28 0.0
-4 0.008496817465632264
-9 0.02124204366408066
-1 0.19542680170954208
-5 0.02549045239689679
0 0.19542680170954208
-4 0.02124204366408066
-9 0.1869299842439098
-4 0.19117839297672592
-12 0.0
0 0.19117839297672592
3 0.2124204366408066
-9 0.012745226198448395
-12 0.0
0 0.1996752104423582
-8 0.19117839297672592
-4 0.04673249606097745
0 0.16993634931264529
-9 0.19117839297672592
-4 0.02124204366408066
0 0.1869299842439098
-9 0.2549045239689679
-11 0.004248408732816132
-5 0.0807197659235065
3 0.0934649921219549
-21 0.0
-28 0.0
-5 0.2124204366408066
-11 0.18268157551109368
-5 0.2124204366408066
3 0.21666884537362274
-12 0.033987269862529056
-5 0.22091725410643887
-9 0.14869430564856462
-12 0.06797453972505811
-4 0.029738861129712923
3 0.11045862705321943
-12 0.0
-12 0.0
-4 0.19542680170954208
-9 0.20392361917517432
-4 0.17843316677827753
-9 0.1996752104423582
-16 0.0
-4 0.1996752104423582
3 0.19117839297672592
-16 0.0
-4 0.1869299842439098
-11 0.20392361917517432
-9 0.02124204366408066
-4 0.20392361917517432
-12 0.1869299842439098
3 0.004248408732816132
-4 0.20392361917517432
-21 0.16993634931264529
-12 0.08496817465632264
-11 0.008496817465632264
-5 0.11895544451885169
3 0.11045862705321943
-5 0.1996752104423582
-11 0.22091725410643887
-5 0.20392361917517432
-16 0.24640770650333566
-11 0.016993634931264528
-9 0.23791088903770338
-16 0.29738861129712924
-28 0.016993634931264528
-21 0.008496817465632264
-12 0.0
-4 0.0
-12 0.0
-28 0.0
-4 0.2124204366408066
-12 0.1996752104423582
-9 0.0
-14 0.0
-21 0.0
-4 0.19542680170954208
3 0.1996752104423582
-4 0.0
-12 0.0
-28 0.0
-4 0.2124204366408066
3 0.2124204366408066
-4 0.20817202790799047
-12 0.20817202790799047
-9 0.0
-14 0.0
-21 0.0
-4 0.1869299842439098
3 0.20817202790799047
-4 0.0
-12 0.0
-28 0.0
-4 0.20392361917517432
3 0.225165662839255
-4 0.20817202790799047
-12 0.225165662839255
-9 0.0
-14 0.0
-21 0.0
-4 0.20392361917517432
3 0.2549045239689679
-4 0.0
-12 0.0
-28 0.0
-9 0.2506561152361518
-4 0.28464338509868087
-28 0.016993634931264528
-16 0.0
-12 0.0
-9 0.2634013414346002
-14 0.0
-21 0.0
-4 0.27189815890023245
-12 0.0
-16 0.016993634931264528
-28 0.008496817465632264
-9 0.6627517623193165
-21 0.0
-14 0.004248408732816132
-4 0.21666884537362274
-12 0.008496817465632264
-16 0.008496817465632264
-28 0.0
-9 0.19117839297672592
-21 0.004248408732816132
-14 0.004248408732816132
-4 0.20817202790799047
-12 0.0
-16 0.0
-28 0.012745226198448395
-9 0.6075224487927069
-14 0.004248408732816132
-21 0.004248408732816132
-4 0.18268157551109368
-12 0.0
-16 0.004248408732816132
-28 0.004248408732816132
-9 0.1571911231141969
-14 0.004248408732816132
-21 0.004248408732816132
-4 0.1444458969157485
-16 0.0
-12 0.008496817465632264
-28 0.008496817465632264
-14 0.11895544451885169
-21 0.004248408732816132
-9 0.0
-16 0.12320385325166783
-4 0.004248408732816132
-12 0.008496817465632264
-28 0.012745226198448395
-21 0.0934649921219549
-14 0.004248408732816132
-9 0.004248408732816132
-12 0.12320385325166783
-4 0.0
-16 0.0
-28 0.008496817465632264
20 0.3483695160909228
8 0.004248408732816132
-4 0.004248408732816132
13 0.08921658338913876
-11 0.016993634931264528
1 0.008496817465632264
20 0.0
11 0.4800701868082229
-1 0.0
-13 0.012745226198448395
8 0.08496817465632264
-4 0.033987269862529056
-16 0.008496817465632264
6 0.2124204366408066
-6 0.0
-18 0.008496817465632264
1 0.0807197659235065
-11 0.02549045239689679
-13 0.22941407157207114
-1 0.0
-25 0.02124204366408066
-23 0.012745226198448395
-4 0.06372613099224197
-16 0.016993634931264528
-3 0.23366248030488726
-15 0.004248408732816132
-18 0.1062102183204033
-6 0.0
-4 0.11895544451885169
-16 0.0
-9 0.11470703578603557
-21 0.0
-18 0.1062102183204033
-6 0.008496817465632264
-11 0.1062102183204033
-23 0.02124204366408066
-21 0.07647135719069037
-9 0.004248408732816132
-28 0.1062102183204033
-16 0.004248408732816132
-23 0.09771340085477104
-11 0.033987269862529056
-30 0.08496817465632264
-18 0.004248408732816132
-16 0.1317006707173001
-28 0.004248408732816132
-21 0.12320385325166783
-33 0.004248408732816132
-18 0.1062102183204033
-30 0.0
-23 0.19117839297672592
-47 0.02549045239689679
-35 0.008496817465632264
-16 0.3483695160909228
-13 0.1444458969157485
13 0.18268157551109368
1 0.012745226198448395
-7 0.0
-4 0.008496817465632264
8 0.004248408732816132
5 0.004248408732816132
-11 0.0
-13 0.14869430564856462
-16 0.161439531847013
-4 0.14869430564856462
11 0.19117839297672592
-10 0.008496817465632264
-6 0.0
-1 0.008496817465632264
6 0.008496817465632264
2 0.004248408732816132
-16 0.15294271438138074
-16 0.1444458969157485
8 0.1317006707173001
-4 0.02124204366408066
-28 0.06372613099224197
8 0.23366248030488726
-4 0.012745226198448395
5 0.008496817465632264
1 0.0
-35 0.016993634931264528
-28 0.0
-19 0.22091725410643887
-16 0.14019748818293234
-11 0.14019748818293234
-4 0.1741847580454614
-7 0.004248408732816132
-11 0.1444458969157485
-16 0.161439531847013
-6 0.1571911231141969
11 0.17843316677827753
-1 0.016993634931264528
1 0.004248408732816132
-7 0.004248408732816132
-13 0.0
5 0.008496817465632264
-11 0.004248408732816132
-15 0.161439531847013
-16 0.1741847580454614
9 0.13594907945011622
-3 0.008496817465632264
-23 0.06797453972505811
8 0.2803949763658647
-4 0.012745226198448395
4 0.0
-30 0.012745226198448395
0 0.0
-20 0.2124204366408066
9 0.08921658338913876
-3 0.029738861129712923
-12 0.06372613099224197
-8 0.012745226198448395
6 0.12320385325166783
-6 0.008496817465632264
-15 0.055229313526609716
6 0.13594907945011622
-6 0.004248408732816132
3 0.012745226198448395
-1 0.0
-18 0.012745226198448395
-9 0.0
-13 0.13594907945011622
-18 0.16993634931264529
-25 0.14019748818293234
13 0.1869299842439098
1 0.008496817465632264
6 0.0
-15 0.004248408732816132
-10 0.012745226198448395
-18 0.12320385325166783
-25 0.15294271438138074
-1 0.12745226198448395
11 0.0
-37 0.07222294845787425
-25 0.1996752104423582
9 0.008496817465632264
-3 0.008496817465632264
6 0.004248408732816132
2 0.004248408732816132
-18 0.16568794057982913
11 0.0807197659235065
-1 0.008496817465632264
-6 0.09771340085477104
-10 0.008496817465632264
8 0.10196180958758716
-4 0.0
-15 0.07222294845787425
8 0.1062102183204033
-4 0.016993634931264528
-7 0.0
-16 0.008496817465632264
1 0.0
5 0.0
-11 0.15294271438138074
-16 0.16993634931264529
-23 0.13594907945011622
7 0.22941407157207114
-5 0.016993634931264528
-2 0.008496817465632264
1 0.0
4 0.0
-16 0.008496817465632264
-8 0.0
-14 0.13594907945011622
-17 0.15294271438138074
3 0.1869299842439098
-9 0.008496817465632264
-26 0.04248408732816132
-33 0.06372613099224197
-26 0.06372613099224197
3 0.029738861129712923
-9 0.004248408732816132
-5 0.016993634931264528
-2 0.004248408732816132
-17 0.004248408732816132
-17 0.14869430564856462
-9 0.1571911231141969
-14 0.0
-5 0.02124204366408066
-14 0.13594907945011622
15 0.16568794057982913
3 0.012745226198448395
10 0.004248408732816132
-2 0.008496817465632264
7 0.0
-9 0.008496817465632264
-5 0.004248408732816132
-11 0.12320385325166783
-14 0.161439531847013
-2 0.14019748818293234
13 0.1741847580454614
-8 0.008496817465632264
-4 0.008496817465632264
1 0.0
4 0.004248408732816132
8 0.012745226198448395
-14 0.14869430564856462
-14 0.1444458969157485
10 0.11045862705321943
-2 0.02124204366408066
-26 0.059477722259425846
10 0.22091725410643887
-2 0.008496817465632264
3 0.016993634931264528
7 0.004248408732816132
-33 0.008496817465632264
-17 0.225165662839255
-14 0.12320385325166783
-9 0.14019748818293234
-2 0.1571911231141969
-5 0.004248408732816132
-9 0.13594907945011622
-14 0.15294271438138074
-4 0.13594907945011622
13 0.1869299842439098
-8 0.008496817465632264
-11 0.008496817465632264
1 0.0
7 0.008496817465632264
4 0.0
-13 0.15294271438138074
-14 0.1317006707173001
11 0.14869430564856462
-1 0.016993634931264528
-21 0.05098090479379358
10 0.29738861129712924
-2 0.012745226198448395
6 0.008496817465632264
2 0.008496817465632264
-37 0.012745226198448395
-25 0.004248408732816132
-18 0.2124204366408066
11 0.05098090479379358
-1 0.016993634931264528
-10 0.12320385325166783
-6 0.016993634931264528
8 0.055229313526609716
-4 0.008496817465632264
-15 0.07647135719069037
-16 0.1062102183204033
8 0.0
-7 0.004248408732816132
-4 0.012745226198448395
1 0.004248408732816132
5 0.004248408732816132
-11 0.13594907945011622
-16 0.16993634931264529
-23 0.11895544451885169
15 0.19542680170954208
3 0.012745226198448395
8 0.0
-13 0.016993634931264528
-8 0.02124204366408066
-16 0.13594907945011622
-23 0.1444458969157485
13 0.09771340085477104
1 0.008496817465632264
-35 0.1062102183204033
11 0.14019748818293234
-1 0.008496817465632264
-23 0.004248408732816132
8 0.004248408732816132
4 0.0
-16 0.16568794057982913
13 0.0807197659235065
1 0.012745226198448395
-8 0.04248408732816132
10 0.14869430564856462
-2 0.004248408732816132
-13 0.004248408732816132
10 0.19117839297672592
-2 0.012745226198448395
7 0.004248408732816132
3 0.0
-14 0.0
-5 0.016993634931264528
-9 0.1317006707173001
-14 0.12745226198448395
-21 0.15294271438138074
16 0.21666884537362274
4 0.008496817465632264
10 0.008496817465632264
8 0.004248408732816132
-11 0.012745226198448395
-2 0.004248408732816132
13 0.004248408732816132
-4 0.016993634931264528
-13 0.13594907945011622
-14 0.15294271438138074
15 0.012745226198448395
3 0.008496817465632264
7 0.008496817465632264
10 0.0
-21 0.11895544451885169
13 0.3058854287627615
4 0.0
-8 0.0
-11 0.0
-28 0.0
-6 0.0
-18 0.0
1 0.004248408732816132
4 0.008496817465632264
6 0.008496817465632264
-40 0.008496817465632264
-28 0.008496817465632264
-18 0.20817202790799047
12 0.1444458969157485
-12 0.0
0 0.012745226198448395
-15 0.012745226198448395
-8 0.14869430564856462
3 0.161439531847013
-9 0.0
-9 0.04248408732816132
3 0.008496817465632264
-16 0.02549045239689679
-11 0.1317006707173001
8 0.19117839297672592
-16 0.0
-4 0.016993634931264528
-12 0.012745226198448395
-16 0.161439531847013
6 0.16993634931264529
-23 0.0
-35 0.0
-6 0.016993634931264528
-23 0.004248408732816132
-16 0.19542680170954208
1 0.1062102183204033
-11 0.0
4 0.04248408732816132
-8 0.012745226198448395
1 0.008496817465632264
-11 0.012745226198448395
-13 0.12745226198448395
-1 0.23791088903770338
-6 0.0
-13 0.0
1 0.06372613099224197
-23 0.0
-11 0.016993634931264528
-6 0.004248408732816132
-23 0.029738861129712923
-30 0.008496817465632264
-15 0.22941407157207114
-23 0.004248408732816132
-3 0.0934649921219549
-15 0.0
-18 0.0934649921219549
-13 0.0
3 0.20392361917517432
-15 0.004248408732816132
-11 0.008496817465632264
-9 0.0
-3 0.012745226198448395
-18 0.161439531847013
-9 0.016993634931264528
1 0.0934649921219549
-15 0.09771340085477104
-8 0.008496817465632264
-6 0.19542680170954208
-11 0.0
-1 0.038235678595345185
-6 0.0
-11 0.0
-30 0.0
-6 0.0
-8 0.14019748818293234
-4 0.004248408732816132
4 0.1062102183204033
-3 0.06797453972505811
-8 0.0
-8 0.0
-3 0.033987269862529056
-6 0.0
-9 0.16993634931264529
-3 0.07222294845787425
-9 0.04248408732816132
1 0.012745226198448395
-37 0.04248408732816132
-25 0.008496817465632264
6 0.04673249606097745
-25 0.0
-25 0.0
-9 0.0
-18 0.0807197659235065
-9 0.0807197659235065
-3 0.04673249606097745
8 0.13594907945011622
-4 0.0
-1 0.11895544451885169
9 0.1741847580454614
-13 0.0
-13 0.0
-3 0.008496817465632264
-9 0.012745226198448395
1 0.008496817465632264
3 0.13594907945011622
-1 0.0934649921219549
11 0.07647135719069037
-6 0.0
4 0.09771340085477104
6 0.12320385325166783
-3 0.008496817465632264
-13 0.008496817465632264
-15 0.016993634931264528
-8 0.04248408732816132
-13 0.0
-15 0.0
-13 0.0
-15 0.0
8 0.08496817465632264
-4 0.0807197659235065
13 0.08496817465632264
1 0.008496817465632264
-9 0.038235678595345185
9 0.0934649921219549
-6 0.0
-28 0.17843316677827753
-11 0.07647135719069037
-16 0.0
-21 0.0
3 0.04248408732816132
-16 0.0
-21 0.0
-28 0.0
-4 0.012745226198448395
-9 0.004248408732816132
-21 0.02549045239689679
-28 0.0
-13 0.225165662839255
-21 0.004248408732816132
-13 0.016993634931264528
-11 0.17843316677827753
-16 0.02124204366408066
4 0.14019748818293234
-8 0.004248408732816132
-1 0.008496817465632264
-16 0.004248408732816132
-9 0.012745226198448395
-16 0.14869430564856462
-8 0.02549045239689679
3 0.0807197659235065
-13 0.08496817465632264
-6 0.02124204366408066
-4 0.16993634931264529
-9 0.008496817465632264
1 0.0
-4 0.0
-9 0.0
-4 0.0
-9 0.0
-9 0.16993634931264529
-2 0.016993634931264528
-1 0.09771340085477104
-6 0.0
-6 0.0
6 0.004248408732816132
-1 0.08496817465632264
-4 0.008496817465632264
-6 0.14019748818293234
-1 0.055229313526609716
2 0.04248408732816132
-6 0.04248408732816132
-10 0.0
-35 0.033987269862529056
-23 0.016993634931264528
8 0.008496817465632264
-6 0.0
-10 0.0
-23 0.0
-23 0.0
-16 0.1317006707173001
-6 0.055229313526609716
-1 0.029738861129712923
9 0.11895544451885169
-3 0.0
1 0.08921658338913876
11 0.1741847580454614
-7 0.0
-11 0.0
-7 0.0
-11 0.0
2 0.016993634931264528
-1 0.004248408732816132
-7 0.0
4 0.12320385325166783
1 0.12745226198448395
13 0.016993634931264528
-4 0.0
5 0.029738861129712923
6 0.14019748818293234
-11 0.11045862705321943
-1 0.004248408732816132
13 0.02549045239689679
-13 0.0
-6 0.0
-11 0.0
-13 0.0
-11 0.0
-13 0.0
1 0.016993634931264528
-3 0.15294271438138074
9 0.008496817465632264
-7 0.06372613099224197
14 0.06372613099224197
2 0.012745226198448395
11 0.1062102183204033
-4 0.012745226198448395
-8 0.04673249606097745
4 0.23791088903770338
-10 0.0
-15 0.0
-20 0.0
-27 0.0
-27 0.0
-8 0.012745226198448395
-15 0.004248408732816132
-20 0.0
-3 0.008496817465632264
-20 0.008496817465632264
-27 0.0
-11 0.19542680170954208
-20 0.012745226198448395
-11 0.08496817465632264
-10 0.0934649921219549
-15 0.004248408732816132
6 0.1741847580454614
-6 0.012745226198448395
-3 0.0
-15 0.004248408732816132
-8 0.004248408732816132
1 0.0
-6 0.1996752104423582
-15 0.0
4 0.07222294845787425
-4 0.09771340085477104
-11 0.004248408732816132
-8 0.17843316677827753
-3 0.004248408732816132
2 0.008496817465632264
-3 0.0
-8 0.0
-15 0.0
-27 0.0
-3 0.0
-8 0.0
-6 0.16568794057982913
-1 0.004248408732816132
8 0.11895544451885169
1 0.0
-4 0.008496817465632264
1 0.1062102183204033
-3 0.008496817465632264
0 0.24640770650333566
-8 0.0
-12 0.0
-17 0.0
-29 0.0
-8 0.0
-12 0.0
9 0.0807197659235065
-3 0.008496817465632264
4 0.016993634931264528
-29 0.008496817465632264
0 0.008496817465632264
-20 0.22091725410643887
-15 0.0
-12 0.02549045239689679
11 0.1062102183204033
-1 0.0
-1 0.004248408732816132
4 0.012745226198448395
-20 0.08921658338913876
-10 0.0
-15 0.012745226198448395
11 0.161439531847013
-1 0.012745226198448395
9 0.02124204366408066
-15 0.0
-12 0.004248408732816132
-8 0.008496817465632264
-6 0.1741847580454614
-12 0.0
12 0.08921658338913876
9 0.008496817465632264
0 0.004248408732816132
-4 0.09771340085477104
-8 0.012745226198448395
-12 0.008496817465632264
14 0.1741847580454614
9 0.004248408732816132
2 0.008496817465632264
-3 0.0
-12 0.016993634931264528
-15 0.0
-1 0.16993634931264529
-3 0.004248408732816132
-8 0.0
16 0.1062102183204033
-3 0.0
4 0.008496817465632264
12 0.008496817465632264
9 0.004248408732816132
0 0.11045862705321943
-3 0.004248408732816132
-8 0.0
-30 0.23366248030488726
-3 0.0
-8 0.0
-12 0.0
-18 0.0
-30 0.0
-8 0.0
-12 0.0
-15 0.19117839297672592
-10 0.004248408732816132
-20 0.012745226198448395
11 0.07222294845787425
-1 0.0
-1 0.008496817465632264
4 0.008496817465632264
9 0.0
-20 0.1317006707173001
-15 0.004248408732816132
-8 0.004248408732816132
12 0.161439531847013
-3 0.0
0 0.008496817465632264
4 0.0
-15 0.0
-12 0.02549045239689679
-6 0.008496817465632264
-4 0.1571911231141969
-8 0.004248408732816132
-12 0.008496817465632264
14 0.0934649921219549
9 0.0
2 0.004248408732816132
-8 0.10196180958758716
-12 0.0
-3 0.016993634931264528
-32 0.19542680170954208
16 0.004248408732816132
-20 0.0
-32 0.0
4 0.004248408732816132
9 0.008496817465632264
12 0.0
-12 0.2124204366408066
-5 0.0
-1 0.033987269862529056
17 0.06372613099224197
-5 0.0
9 0.008496817465632264
12 0.0
5 0.0
-12 0.1317006707173001
-5 0.0
0 0.0
18 0.16568794057982913
16 0.0
-6 0.0
-12 0.0
-17 0.0
-12 0.0
-17 0.0
6 0.008496817465632264
12 0.004248408732816132
-17 0.18268157551109368
-8 0.008496817465632264
-12 0.0
19 0.14869430564856462
-7 0.0
16 0.004248408732816132
7 0.004248408732816132
12 0.008496817465632264
-15 0.1062102183204033
-7 0.02124204366408066
-13 0.19117839297672592
-8 0.07647135719069037
-5 0.0
-8 0.0
-14 0.0
-24 0.0
-36 0.0
-14 0.0
-36 0.004248408732816132
-14 0.0
-8 0.2803949763658647
-12 0.008496817465632264
-3 0.0
9 0.12745226198448395
21 0.004248408732816132
-10 0.0
16 0.008496817465632264
12 0.004248408732816132
-8 0.012745226198448395
-10 0.1062102183204033
-2 0.004248408732816132
-8 0.0
22 0.20392361917517432
-12 0.0
10 0.004248408732816132
19 0.008496817465632264
16 0.0
0 0.008496817465632264
-8 0.008496817465632264
-5 0.0
21 0.016993634931264528
-3 0.19117839297672592
2 0.004248408732816132
-7 0.016993634931264528
16 0.008496817465632264
24 0.1317006707173001
-14 0.0
12 0.008496817465632264
16 0.0
21 0.0
-5 0.1062102183204033
4 0.008496817465632264
-2 0.0
-43 0.259152932701784
-31 0.07647135719069037
26 0.18268157551109368
-15 0.0
-15 0.0
-31 0.0
-15 0.0
-24 0.0
21 0.004248408732816132
14 0.004248408732816132
17 0.004248408732816132
-24 0.0
-12 0.3143822462283938
-7 0.004248408732816132
-15 0.004248408732816132
24 0.10196180958758716
12 0.008496817465632264
21 0.0
17 0.012745226198448395
-3 0.1571911231141969
-12 0.0
21 0.20392361917517432
9 0.0
5 0.0
-3 0.0
-7 0.0
-24 0.0
-31 0.0
-24 0.0
-31 0.0
-12 0.0
-15 0.0
9 0.012745226198448395
17 0.004248408732816132
-3 0.029738861129712923
-7 0.0
0 0.008496817465632264
-3 0.1741847580454614
-12 0.02124204366408066
17 0.11895544451885169
9 0.008496817465632264
5 0.0
12 0.004248408732816132
-7 0.161439531847013
-15 0.008496817465632264
16 0.1869299842439098
7 0.0
4 0.0
-5 0.0
-8 0.0
4 0.008496817465632264
9 0.004248408732816132
12 0.0
0 0.055229313526609716
-8 0.008496817465632264
-3 0.0
-3 0.19117839297672592
-12 0.012745226198448395
9 0.016993634931264528
14 0.0
2 0.008496817465632264
-8 0.16568794057982913
-15 0.008496817465632264
12 0.033987269862529056
9 0.0
4 0.0
0 0.0
-8 0.0
-12 0.0
0 0.004248408732816132
-31 0.23366248030488726
-12 0.02549045239689679
12 0.02124204366408066
9 0.0
4 0.0
0 0.0
-8 0.0
-12 0.0
-31 0.0
0 0.008496817465632264
5 0.008496817465632264
-15 0.059477722259425846
-24 0.16568794057982913
21 0.10196180958758716
9 0.012745226198448395
17 0.004248408732816132
12 0.0
-7 0.1317006707173001
-15 0.0
19 0.22091725410643887
16 0.0
-3 0.008496817465632264
-7 0.0
-12 0.0
7 0.004248408732816132
12 0.008496817465632264
-3 0.1741847580454614
-12 0.0
16 0.13594907945011622
4 0.004248408732816132
12 0.0
-8 0.11895544451885169
-15 0.0
14 0.2124204366408066
9 0.0
7 0.0
4 0.0
-5 0.0
-8 0.0
4 0.008496817465632264
2 0.0
-3 0.004248408732816132
-10 0.012745226198448395
-8 0.20392361917517432
12 0.033987269862529056
9 0.0
4 0.0
0 0.008496817465632264
5 0.15294271438138074
2 0.0
-7 0.0
-10 0.0
-15 0.012745226198448395
-10 0.008496817465632264
9 0.012745226198448395
5 0.0
-3 0.004248408732816132
-31 0.2124204366408066
-3 0.038235678595345185
9 0.0
2 0.0
-1 0.0
-7 0.0
-10 0.0
-13 0.0
-31 0.0
-10 0.0
-7 0.0
5 0.008496817465632264
2 0.0
-22 0.02124204366408066
-15 0.059477722259425846
-22 0.12745226198448395
-15 0.004248408732816132
-22 0.008496817465632264
19 0.1062102183204033
14 0.008496817465632264
7 0.0
9 0.004248408732816132
-7 0.10196180958758716
-15 0.0
17 0.23366248030488726
9 0.008496817465632264
5 0.0
14 0.004248408732816132
-3 0.029738861129712923
-7 0.004248408732816132
-10 0.012745226198448395
-15 0.161439531847013
16 0.0934649921219549
9 0.004248408732816132
4 0.004248408732816132
-13 0.11895544451885169
14 0.1869299842439098
5 0.0
2 0.0
-7 0.0
-10 0.0
9 0.004248408732816132
5 0.0
2 0.004248408732816132
-10 0.016993634931264528
-7 0.0
-12 0.20392361917517432
12 0.02124204366408066
9 0.0
4 0.0
0 0.008496817465632264
-8 0.19117839297672592
-15 0.004248408732816132
9 0.008496817465632264
4 0.0
4 0.0
0 0.0
-8 0.0
-12 0.0
-8 0.0
-3 0.004248408732816132
-31 0.21666884537362274
-24 0.02549045239689679
7 0.033987269862529056
0 0.0
-3 0.0
-7 0.0
-12 0.0
-15 0.0
-31 0.0
-8 0.0
-3 0.004248408732816132
-5 0.004248408732816132
0 0.004248408732816132
-15 0.05098090479379358
-15 0.1444458969157485
-24 0.038235678595345185
16 0.1062102183204033
4 0.008496817465632264
9 0.004248408732816132
-8 0.06797453972505811
-15 0.0
14 0.2549045239689679
9 0.0
2 0.008496817465632264
-5 0.008496817465632264
-12 0.012745226198448395
-15 0.0
-7 0.1741847580454614
-12 0.033987269862529056
12 0.08921658338913876
9 0.0
5 0.0
0 0.008496817465632264
-12 0.0934649921219549
9 0.23791088903770338
-8 0.0
4 0.0
0 0.0
-8 0.0
-12 0.0
-3 0.004248408732816132
4 0.0
-12 0.008496817465632264
-15 0.2124204366408066
-12 0.008496817465632264
7 0.02124204366408066
-5 0.008496817465632264
4 0.0
-15 0.16993634931264529
-24 0.016993634931264528
5 0.033987269862529056
2 0.0
-7 0.0
2 0.0
-1 0.0
-10 0.0
-13 0.0
-10 0.0
-31 0.18268157551109368
-22 0.04673249606097745
5 0.04248408732816132
-1 0.0
-7 0.0
-10 0.0
-13 0.0
-31 0.0
-10 0.0
-7 0.004248408732816132
-3 0.0
2 0.012745226198448395
-15 0.06797453972505811
-22 0.11045862705321943
-15 0.008496817465632264
14 0.11895544451885169
9 0.008496817465632264
5 0.004248408732816132
2 0.0
-13 0.1062102183204033
12 0.21666884537362274
2 0.0
-3 0.0
-7 0.0
9 0.008496817465632264
0 0.008496817465632264
5 0.004248408732816132
-7 0.016993634931264528
-10 0.008496817465632264
-15 0.0
-12 0.16568794057982913
9 0.13594907945011622
-3 0.008496817465632264
0 0.008496817465632264
5 0.008496817465632264
-15 0.06797453972505811
5 0.24640770650333566
-24 0.0
-7 0.02549045239689679
-15 0.0
0 0.004248408732816132
-3 0.0
-12 0.008496817465632264
-19 0.20817202790799047
4 0.05098090479379358
-8 0.012745226198448395
0 0.0
-8 0.0
-3 0.008496817465632264
0 0.0934649921219549
-24 0.029738861129712923
3 0.08496817465632264
-12 0.0
-9 0.004248408732816132
0 0.004248408732816132
-3 0.004248408732816132
-9 0.02549045239689679
-30 0.17843316677827753
-3 0.059477722259425846
-3 0.0
-25 0.016993634931264528
-21 0.016993634931264528
3 0.059477722259425846
-15 0.0
-25 0.0
-13 0.0
-1 0.008496817465632264
-9 0.0
-3 0.008496817465632264
-15 0.029738861129712923
-21 0.1996752104423582
-11 0.04673249606097745
-13 0.02549045239689679
-1 0.09771340085477104
-9 0.008496817465632264
-25 0.06797453972505811
-13 0.029738861129712923
-14 0.20817202790799047
-2 0.004248408732816132
-2 0.0
-14 0.0
-9 0.0
-21 0.0
-30 0.0
-9 0.0
-21 0.0
-15 0.161439531847013
-1 0.12320385325166783
-21 0.1062102183204033
1 0.20392361917517432
-3 0.012745226198448395
-9 0.004248408732816132
-23 0.016993634931264528
-25 0.1444458969157485
3 0.12745226198448395
-1 0.0
-13 0.0
-9 0.008496817465632264
-30 0.06372613099224197
3 0.288891793831497
-9 0.0
-1 0.0
-13 0.0
-8 0.0
-20 0.0
-28 0.0
-28 0.0
-8 0.0
-20 0.0
-1 0.008496817465632264
-28 0.016993634931264528
-20 0.004248408732816132
-13 0.19117839297672592
6 0.11470703578603557
0 0.0
-12 0.0
-6 0.016993634931264528
0 0.004248408732816132
-12 0.10196180958758716
-27 0.1444458969157485
3 0.06372613099224197
1 0.0
-11 0.0
-27 0.0
-27 0.0
-9 0.008496817465632264
1 0.016993634931264528
-11 0.012745226198448395
-20 0.161439531847013
4 0.12745226198448395
-8 0.008496817465632264
1 0.016993634931264528
-16 0.04673249606097745
-26 0.1996752104423582
-18 0.038235678595345185
5 0.016993634931264528
1 0.0
-6 0.0
-18 0.0
-6 0.0
-18 0.0
-7 0.008496817465632264
-26 0.02124204366408066
-26 0.0
-18 0.13594907945011622
-11 0.14869430564856462
6 0.029738861129712923
1 0.0
3 0.0
-9 0.0
-6 0.004248408732816132
-9 0.1317006707173001
-25 0.1571911231141969
7 0.02124204366408066
4 0.0
-8 0.0
-4 0.0
-16 0.0
-25 0.0
-25 0.0
-4 0.0
-16 0.0
-5 0.008496817465632264
4 0.0
-23 0.004248408732816132
-8 0.07647135719069037
-16 0.16568794057982913
8 0.07647135719069037
3 0.0
-9 0.0
-4 0.008496817465632264
4 0.008496817465632264
-9 0.09771340085477104
-24 0.15294271438138074
11 0.07222294845787425
4 0.0
-8 0.0
-24 0.0
-24 0.0
-1 0.008496817465632264
4 0.012745226198448395
-8 0.029738861129712923
-16 0.1571911231141969
8 0.11895544451885169
-4 0.004248408732816132
4 0.008496817465632264
-13 0.08921658338913876
-16 0.22941407157207114
-3 0.0
-15 0.0
-23 0.0
-23 0.0
-3 0.0
-15 0.0
-23 0.004248408732816132
-15 0.2124204366408066
9 0.12320385325166783
6 0.0
-6 0.0
-3 0.008496817465632264
6 0.008496817465632264
-8 0.11895544451885169
-30 0.2506561152361518
-20 0.05098090479379358
11 0.033987269862529056
8 0.0
-4 0.0
-1 0.0
-8 0.0
-18 0.0
-30 0.0
-1 0.0
-15 0.0
-8 0.0
-12 0.0
-1 0.004248408732816132
8 0.008496817465632264
4 0.008496817465632264
-16 0.02549045239689679
-15 0.19117839297672592
12 0.12320385325166783
9 0.0
-3 0.0
0 0.0
0 0.0
0 0.008496817465632264
9 0.004248408732816132
-12 0.0934649921219549
-18 0.016993634931264528
-15 0.0
-15 0.19117839297672592
14 0.012745226198448395
-12 0.0
2 0.008496817465632264
12 0.0
9 0.0
-8 0.19542680170954208
-12 0.008496817465632264
16 0.14019748818293234
8 0.0
-4 0.0
4 0.012745226198448395
9 0.0
-8 0.10196180958758716
-3 0.008496817465632264
0 0.0
-15 0.18268157551109368
-25 0.0
18 0.07222294845787425
9 0.0
-3 0.0
-25 0.0
-37 0.0
9 0.0
6 0.0
-1 0.0
-25 0.0
-9 0.0
-13 0.0
6 0.008496817465632264
9 0.004248408732816132
15 0.008496817465632264
-9 0.04673249606097745
-9 0.161439531847013
-13 0.016993634931264528
-3 0.004248408732816132
20 0.161439531847013
11 0.0
-1 0.0
-3 0.0
11 0.004248408732816132
8 0.004248408732816132
15 0.0
-3 0.161439531847013
-1 0.004248408732816132
-13 0.008496817465632264
-9 0.004248408732816132
-32 0.2124204366408066
-4 0.11895544451885169
13 0.0
1 0.0
-32 0.0
-25 0.0
-16 0.0
8 0.0
4 0.0
-4 0.0
-16 0.0
-32 0.0
-8 0.0
-16 0.0
-13 0.004248408732816132
-16 0.0
-8 0.004248408732816132
-44 0.004248408732816132
-32 0.016993634931264528
-1 0.2124204366408066
-4 0.016993634931264528
-16 0.0934649921219549
4 0.004248408732816132
-25 0.0
-4 0.004248408732816132
-1 0.0
-20 0.016993634931264528
11 0.06797453972505811
-1 0.0
-4 0.14019748818293234
4 0.008496817465632264
-1 0.0
8 0.004248408732816132
-20 0.0
-16 0.008496817465632264
-13 0.0
-13 0.17843316677827753
20 0.11470703578603557
8 0.0
-4 0.0
8 0.0
4 0.0
-25 0.0
-13 0.0
-4 0.0
-8 0.0
16 0.004248408732816132
8 0.008496817465632264
11 0.0
-13 0.0
-4 0.008496817465632264
-8 0.0
-16 0.0
11 0.27189815890023245
-1 0.016993634931264528
-16 0.008496817465632264
8 0.0
-13 0.004248408732816132
4 0.11045862705321943
-8 0.0
-4 0.10196180958758716
-25 0.004248408732816132
4 0.004248408732816132
-13 0.0
-16 0.004248408732816132
-1 0.0
18 0.322879063694026
3 0.0
-9 0.0
6 0.0
3 0.0
6 0.0
3 0.0
-6 0.0
-9 0.0
6 0.004248408732816132
11 0.0
-13 0.012745226198448395
8 0.0
-16 0.004248408732816132
-4 0.004248408732816132
-9 0.004248408732816132
16 0.3058854287627615
4 0.008496817465632264
11 0.004248408732816132
8 0.012745226198448395
-16 0.0
-13 0.004248408732816132
-16 0.259152932701784
15 0.004248408732816132
-1 0.0
-13 0.0
3 0.0
-1 0.0
3 0.0
-1 0.0
-9 0.0
-13 0.0
11 0.008496817465632264
-25 0.0
3 0.0
8 0.012745226198448395
-44 0.21666884537362274
15 0.10196180958758716
-1 0.0
-4 0.0
-32 0.0
-25 0.0
-16 0.0
3 0.0
-1 0.0
3 0.0
-1 0.0
-9 0.0
-13 0.0
11 0.004248408732816132
3 0.008496817465632264
-44 0.004248408732816132
8 0.004248408732816132
-32 0.004248408732816132
6 0.30163702002994536
-16 0.004248408732816132
-25 0.0
3 0.02124204366408066
-4 0.004248408732816132
-13 0.17843316677827753
-20 0.004248408732816132
-4 0.012745226198448395
8 0.004248408732816132
13 0.2634013414346002
1 0.02124204366408066
4 0.0
-13 0.0
8 0.0
-8 0.004248408732816132
-4 0.004248408732816132
-16 0.004248408732816132
11 0.22941407157207114
4 0.016993634931264528
-1 0.0
8 0.004248408732816132
-16 0.029738861129712923
-13 0.0
8 0.2124204366408066
-1 0.004248408732816132
-25 0.0
-4 0.0
-13 0.0
-16 0.008496817465632264
4 0.012745226198448395
18 0.322879063694026
6 0.0
6 0.0
-6 0.0
6 0.004248408732816132
11 0.004248408732816132
-1 0.008496817465632264
8 0.0
-4 0.0
-13 0.012745226198448395
-8 0.29738861129712924
-13 0.004248408732816132
8 0.0
-4 0.0
4 0.004248408732816132
16 0.24640770650333566
4 0.0
4 0.0
-8 0.0
4 0.012745226198448395
8 0.004248408732816132
-16 0.012745226198448395
-25 0.008496817465632264
-13 0.008496817465632264
15 0.2634013414346002
3 0.0
3 0.0
-9 0.0
8 0.008496817465632264
3 0.004248408732816132
-8 0.004248408732816132
-4 0.004248408732816132
-13 0.0
16 0.27614656763304857
4 0.0
4 0.0
-8 0.0
4 0.016993634931264528
8 0.0
-16 0.02124204366408066
-25 0.008496817465632264
-32 0.19117839297672592
13 0.02124204366408066
1 0.0
1 0.0
-11 0.0
1 0.008496817465632264
8 0.016993634931264528
13 0.23791088903770338
1 0.0
-5 0.0
-14 0.0
-8 0.0
1 0.0
1 0.0
-11 0.0
7 0.012745226198448395
1 0.004248408732816132
4 0.0
-8 0.016993634931264528
-5 0.0
6 0.24640770650333566
-17 0.0
1 0.012745226198448395
4 0.004248408732816132
-26 0.008496817465632264
-32 0.16568794057982913
7 0.029738861129712923
1 0.008496817465632264
4 0.008496817465632264
6 0.23791088903770338
-6 0.0
-15 0.0
1 0.008496817465632264
-8 0.016993634931264528
-6 0.004248408732816132
-15 0.0
5 0.21666884537362274
1 0.004248408732816132
-15 0.0
-25 0.029738861129712923
15 0.22941407157207114
3 0.0
3 0.0
3 0.0
-9 0.0
-32 0.008496817465632264
6 0.0
3 0.008496817465632264
11 0.27189815890023245
-1 0.0
-5 0.0
-9 0.0
-13 0.0
-32 0.0
-1 0.0
-1 0.0
-13 0.0
-1 0.012745226198448395
3 0.004248408732816132
7 0.0
-15 0.012745226198448395
-13 0.004248408732816132
-9 0.0
-15 0.22941407157207114
6 0.008496817465632264
-2 0.004248408732816132
-25 0.004248408732816132
3 0.016993634931264528
-32 0.2124204366408066
-1 0.008496817465632264
7 0.008496817465632264
3 0.012745226198448395
6 0.23366248030488726
-6 0.0
-10 0.0
-14 0.0
-2 0.008496817465632264
2 0.0
-10 0.016993634931264528
-13 0.0
-15 0.008496817465632264
-15 0.19542680170954208
5 0.02549045239689679
-3 0.0
-25 0.0
2 0.008496817465632264
-32 0.2124204366408066
6 0.008496817465632264
-3 0.012745226198448395
2 0.016993634931264528
-3 0.225165662839255
5 0.004248408732816132
-7 0.0
-11 0.0
-15 0.0
-15 0.02124204366408066
2 0.0
-11 0.008496817465632264
-4 0.1317006707173001
1 0.04673249606097745
4 0.029738861129712923
-15 0.05098090479379358
9 0.016993634931264528
-32 0.2124204366408066
13 0.07222294845787425
1 0.0
-16 0.0
8 0.012745226198448395
1 0.004248408732816132
4 0.0
-44 0.008496817465632264
9 0.27189815890023245
-3 0.0
-7 0.0
-11 0.0
-15 0.0
-32 0.0
-3 0.004248408732816132
5 0.004248408732816132
1 0.008496817465632264
-15 0.008496817465632264
-11 0.0
4 0.20817202790799047
-4 0.004248408732816132
0 0.004248408732816132
-15 0.004248408732816132
-25 0.008496817465632264
1 0.22091725410643887
-3 0.004248408732816132
5 0.008496817465632264
4 0.22941407157207114
-8 0.0
-12 0.0
-16 0.0
-4 0.004248408732816132
0 0.012745226198448395
-15 0.012745226198448395
-12 0.008496817465632264
3 0.20817202790799047
-5 0.004248408732816132
0 0.0
-15 0.016993634931264528
-27 0.008496817465632264
4 0.22091725410643887
-4 0.008496817465632264
0 0.012745226198448395
-6 0.259152932701784
3 0.0
-9 0.0
-13 0.0
-17 0.0
-1 0.012745226198448395
-13 0.008496817465632264
-15 0.008496817465632264
8 0.27614656763304857
-6 0.008496817465632264
-1 0.0
3 0.008496817465632264
-15 0.0
-25 0.016993634931264528
11 0.31013383749557766
-1 0.0
-18 0.0
6 0.012745226198448395
-1 0.012745226198448395
-3 0.004248408732816132
3 0.004248408732816132
-32 0.008496817465632264
-44 0.008496817465632264
8 0.3696115597550035
-4 0.0
-9 0.0
-13 0.0
-16 0.0
-32 0.0
3 0.016993634931264528
-1 0.004248408732816132
-6 0.0
-32 0.012745226198448395
-25 0.004248408732816132
1 0.30163702002994536
-25 0.008496817465632264
-1 0.004248408732816132
-16 0.004248408732816132
-8 0.012745226198448395
-13 0.21666884537362274
3 0.0
-6 0.0
-20 0.004248408732816132
-1 0.008496817465632264
6 0.259152932701784
-6 0.0
-5 0.012745226198448395
-9 0.004248408732816132
-1 0.0
-13 0.016993634931264528
4 0.24215929777051953
-8 0.004248408732816132
-16 0.004248408732816132
-4 0.004248408732816132
3 0.2634013414346002
-8 0.0
-1 0.004248408732816132
-8 0.004248408732816132
-4 0.008496817465632264
-27 0.24640770650333566
11 0.08496817465632264
-1 0.016993634931264528
2 0.012745226198448395
-18 0.004248408732816132
4 0.30163702002994536
-1 0.016993634931264528
-8 0.02549045239689679
-18 0.033987269862529056
9 0.1869299842439098
-3 0.008496817465632264
1 0.008496817465632264
4 0.0
-8 0.004248408732816132
-18 0.008496817465632264
-27 0.288891793831497
8 0.02549045239689679
4 0.008496817465632264
-4 0.0
0 0.012745226198448395
-16 0.004248408732816132
9 0.29738861129712924
-3 0.016993634931264528
0 0.008496817465632264
-8 0.016993634931264528
-18 0.004248408732816132
6 0.24215929777051953
-8 0.004248408732816132
0 0.008496817465632264
-6 0.0
-16 0.016993634931264528
6 0.3143822462283938
-1 0.012745226198448395
-6 0.0
-25 0.016993634931264528
-15 0.016993634931264528
-1 0.288891793831497
-13 0.008496817465632264
4 0.008496817465632264
-6 0.0
-8 0.0
-18 0.016993634931264528
-8 0.24640770650333566
-6 0.012745226198448395
3 0.0
-14 0.008496817465632264
-2 0.012745226198448395
-28 0.19542680170954208
-18 0.08496817465632264
-13 0.06797453972505811
-10 0.055229313526609716
-6 0.029738861129712923
-3 0.05098090479379358
1 0.07222294845787425
9 0.09771340085477104
13 0.11895544451885169
-11 0.44183450821287773
-3 0.008496817465632264
9 0.004248408732816132
1 0.0
-10 0.02124204366408066
2 0.04248408732816132
11 0.2676497501674163
-1 0.016993634931264528
2 0.008496817465632264
8 0.0
-13 0.008496817465632264
-4 0.004248408732816132
-10 0.012745226198448395
9 0.36536315102218736
-3 0.012745226198448395
6 0.008496817465632264
1 0.0
-23 0.02124204366408066
-13 0.004248408732816132
11 0.32712747242684215
-1 0.016993634931264528
1 0.004248408732816132
-6 0.008496817465632264
-13 0.0
-11 0.02549045239689679
8 0.2549045239689679
5 0.016993634931264528
-4 0.0
1 0.012745226198448395
-13 0.0
-11 0.004248408732816132
-7 0.016993634931264528
-30 0.30163702002994536
8 0.004248408732816132
4 0.0
-4 0.008496817465632264
-20 0.0
0 0.008496817465632264
-15 0.06372613099224197
9 0.2676497501674163
2 0.016993634931264528
-3 0.0
-8 0.004248408732816132
-10 0.016993634931264528
6 0.288891793831497
-6 0.012745226198448395
0 0.004248408732816132
-8 0.0
-12 0.016993634931264528
6 0.33987269862529057
4 0.0
-1 0.004248408732816132
-6 0.012745226198448395
-25 0.02124204366408066
-18 0.004248408732816132
-2 0.31013383749557766
-6 0.008496817465632264
-8 0.02549045239689679
-14 0.016993634931264528
-6 0.3186306549612099
3 0.004248408732816132
-3 0.0
4 0.02549045239689679
-15 0.008496817465632264
-9 0.008496817465632264
-6 0.38235678595345185
-4 0.004248408732816132
3 0.012745226198448395
-16 0.029738861129712923
-24 0.004248408732816132
8 0.42059246454879706
-4 0.02549045239689679
-8 0.008496817465632264
-16 0.008496817465632264
4 0.3781083772206357
-6 0.02124204366408066
-4 0.0
-24 0.008496817465632264
-16 0.02549045239689679
4 0.3058854287627615
3 0.004248408732816132
-8 0.004248408732816132
-4 0.02549045239689679
-23 0.008496817465632264
-16 0.0
2 0.32712747242684215
-8 0.008496817465632264
-4 0.004248408732816132
-16 0.012745226198448395
1 0.3143822462283938
-8 0.012745226198448395
-23 0.012745226198448395
-16 0.004248408732816132
-4 0.012745226198448395
1 0.33137588115965827
-8 0.016993634931264528
-10 0.008496817465632264
-27 0.008496817465632264
6 0.3781083772206357
-8 0.02549045239689679
-20 0.016993634931264528
2 0.3738599684878196
-10 0.016993634931264528
-8 0.0
-20 0.0
-30 0.008496817465632264
-42 0.30163702002994536
-30 0.10196180958758716
-20 0.1741847580454614
-12 0.10196180958758716
-8 0.05098090479379358
-1 0.0807197659235065
2 0.11470703578603557
-8 0.386605194686268
-20 0.33562428989247445
-8 0.386605194686268
-10 0.008496817465632264
-2 0.0
-28 0.016993634931264528
-20 0.02124204366408066
4 0.36536315102218736
-8 0.04248408732816132
0 0.36536315102218736
-20 0.033987269862529056
0 0.3696115597550035
-12 0.02549045239689679
-8 0.004248408732816132
-3 0.004248408732816132
-27 0.004248408732816132
-20 0.0
2 0.3993504208847164
-19 0.059477722259425846
-1 0.35261792482373894
-12 0.012745226198448395
-8 0.0
-4 0.012745226198448395
-18 0.012745226198448395
-1 0.5310510916020165
-13 0.004248408732816132
-8 0.02124204366408066
-4 0.0
-16 0.016993634931264528
-25 0.004248408732816132
-37 0.3951020121519003
-25 0.386605194686268
-16 0.4588281431441423
-3 0.4588281431441423
-8 0.02124204366408066
-12 0.033987269862529056
-6 0.4588281431441423
-8 0.016993634931264528
-15 0.004248408732816132
-6 0.4588281431441423
-9 0.038235678595345185
-25 0.004248408732816132
-15 0.0
-37 0.4630765518769584
-4 0.47157336934259064
-9 0.02124204366408066
-13 0.02124204366408066
-25 0.012745226198448395
-8 0.6160192662583391
-32 0.0
-32 0.016993634931264528
-13 0.008496817465632264
-16 0.012745226198448395
-25 0.1869299842439098
-20 0.20392361917517432
-16 0.016993634931264528
-23 0.008496817465632264
-25 0.18268157551109368
-13 0.016993634931264528
-18 0.17843316677827753
-15 0.033987269862529056
-13 0.1869299842439098
-25 0.008496817465632264
-16 0.20392361917517432
-13 0.0
-16 0.0
-8 0.0
-8 0.02124204366408066
-25 0.19542680170954208
-13 0.033987269862529056
-32 0.18268157551109368
-20 0.008496817465632264
-25 0.17843316677827753
-13 0.008496817465632264
-15 0.2124204366408066
-12 0.012745226198448395
-11 0.19542680170954208
-25 0.029738861129712923
-13 0.2124204366408066
-3 0.0
-7 0.0
-15 0.0
-10 0.0
-32 0.0
-15 0.0
-25 0.0
-37 0.0
-10 0.004248408732816132
-15 0.008496817465632264
-19 0.038235678595345185
-7 0.14869430564856462
-12 0.20817202790799047
-3 0.012745226198448395
-15 0.19117839297672592
-1 0.008496817465632264
-10 0.20392361917517432
-3 0.0
-13 0.0
-7 0.033987269862529056
-13 0.14869430564856462
-1 0.012745226198448395
-13 0.1996752104423582
-4 0.0
-8 0.0
-16 0.0
-13 0.0
-16 0.0
-8 0.04248408732816132
-32 0.02124204366408066
-4 0.059477722259425846
4 0.09771340085477104
-25 0.161439531847013
-8 0.20392361917517432
-23 0.008496817465632264
-16 0.004248408732816132
-25 0.16568794057982913
-4 0.016993634931264528
-6 0.20392361917517432
-15 0.012745226198448395
-13 0.0
-13 0.16993634931264529
-1 0.008496817465632264
-4 0.22091725410643887
4 0.008496817465632264
-16 0.004248408732816132
-1 0.1869299842439098
-13 0.02549045239689679
-8 0.1869299842439098
-16 0.016993634931264528
-25 0.1869299842439098
-13 0.016993634931264528
-32 0.1741847580454614
-3 0.016993634931264528
-6 0.016993634931264528
-25 0.0807197659235065
4 0.11045862705321943
-25 0.12745226198448395
-19 0.04673249606097745
-15 0.008496817465632264
-1 0.055229313526609716
-3 0.0
-7 0.0
-15 0.0
-10 0.0
-32 0.0
-15 0.0
-25 0.0
-37 0.0
-3 0.029738861129712923
-10 0.004248408732816132
2 0.1571911231141969
-7 0.04673249606097745
0 0.161439531847013
5 0.008496817465632264
-3 0.19117839297672592
9 0.012745226198448395
2 0.21666884537362274
-13 0.0
11 0.016993634931264528
-1 0.0
-1 0.1869299842439098
-13 0.19117839297672592
-4 0.0
-8 0.0
-16 0.0
-16 0.0
-13 0.04248408732816132
-8 0.04673249606097745
-32 0.0
-4 0.06797453972505811
4 0.0934649921219549
-25 0.17843316677827753
-20 0.20392361917517432
-16 0.033987269862529056
-25 0.16568794057982913
-8 0.004248408732816132
-15 0.19117839297672592
-6 0.012745226198448395
-13 0.19117839297672592
-25 0.008496817465632264
-13 0.22091725410643887
-4 0.0
-16 0.0
-8 0.008496817465632264
-25 0.19117839297672592
-13 0.004248408732816132
-32 0.1996752104423582
-16 0.008496817465632264
-6 0.1996752104423582
-25 0.029738861129712923
-1 0.1996752104423582
-4 0.008496817465632264
-13 0.016993634931264528
-16 0.012745226198448395
-8 0.18268157551109368
-25 0.016993634931264528
-1 0.19542680170954208
-3 0.0
-15 0.0
-18 0.0
-3 0.012745226198448395
-15 0.012745226198448395
-18 0.008496817465632264
-25 0.1741847580454614
-8 0.012745226198448395
-13 0.1996752104423582
-32 0.004248408732816132
-8 0.20392361917517432
-13 0.055229313526609716
4 0.16568794057982913
-3 0.012745226198448395
-1 0.004248408732816132
-6 0.016993634931264528
-13 0.1996752104423582
-8 0.004248408732816132
4 0.20392361917517432
-1 0.0
-8 0.0
-16 0.0
-20 0.0
-4 0.008496817465632264
-1 0.008496817465632264
-8 0.20392361917517432
-13 0.008496817465632264
-6 0.20817202790799047
-11 0.016993634931264528
-13 0.1741847580454614
-4 0.012745226198448395
-1 0.1869299842439098
-16 0.012745226198448395
6 0.1869299842439098
-25 0.004248408732816132
8 0.22091725410643887
-22 0.0
-32 0.04673249606097745
-1 0.1571911231141969
-25 0.04248408732816132
9 0.1869299842439098
-18 0.0
4 0.20817202790799047
-17 0.02549045239689679
11 0.1869299842439098
-16 0.016993634931264528
-13 0.20392361917517432
8 0.033987269862529056
11 0.2124204366408066
-7 0.0
-15 0.0
-24 0.0
-10 0.016993634931264528
-15 0.02549045239689679
9 0.19542680170954208
-7 0.04248408732816132
12 0.19117839297672592
-3 0.016993634931264528
0 0.23366248030488726
5 0.008496817465632264
-3 0.2549045239689679
14 0.004248408732816132
-7 0.029738861129712923
-10 0.02549045239689679
-1 0.20817202790799047
2 0.008496817465632264
4 0.2549045239689679
-1 0.0
-8 0.0
-16 0.0
-25 0.0
-32 0.0
-32 0.04248408732816132
-25 0.06797453972505811
8 0.038235678595345185
-16 0.08496817465632264
16 0.1317006707173001
-8 0.0
2 0.16568794057982913
4 0.0934649921219549
7 0.12745226198448395
-1 0.02549045239689679
-4 0.012745226198448395
5 0.07222294845787425
4 0.1062102183204033
2 0.12320385325166783
-13 0.008496817465632264
4 0.0934649921219549
5 0.11470703578603557
4 0.1062102183204033
-20 0.012745226198448395
2 0.10196180958758716
4 0.10196180958758716
11 0.13594907945011622
14 0.004248408732816132
-25 0.04673249606097745
4 0.08496817465632264
2 0.0934649921219549
-32 0.11895544451885169
5 0.012745226198448395
14 0.0
4 0.08496817465632264
2 0.09771340085477104
16 0.14869430564856462
16 0.0
12 0.008496817465632264
-25 0.02124204366408066
4 0.11895544451885169
2 0.0934649921219549
5 0.10196180958758716
2 0.0
11 0.0
-20 0.033987269862529056
4 0.05098090479379358
2 0.11895544451885169
11 0.1444458969157485
4 0.0
8 0.012745226198448395
-12 0.004248408732816132
4 0.11045862705321943
2 0.1062102183204033
-10 0.11895544451885169
-3 0.0
2 0.12745226198448395
4 0.10196180958758716
7 0.13594907945011622
-3 0.012745226198448395
-7 0.012745226198448395
5 0.06797453972505811
4 0.11470703578603557
2 0.1062102183204033
-15 0.008496817465632264
4 0.08921658338913876
5 0.11470703578603557
4 0.11895544451885169
-20 0.012745226198448395
2 0.10196180958758716
-20 0.04673249606097745
4 0.059477722259425846
9 0.12320385325166783
12 0.0
-25 0.012745226198448395
4 0.11470703578603557
2 0.09771340085477104
-32 0.1062102183204033
5 0.016993634931264528
12 0.0
4 0.10196180958758716
2 0.08921658338913876
11 0.12745226198448395
14 0.004248408732816132
14 0.0
-25 0.02549045239689679
4 0.08921658338913876
2 0.09771340085477104
-20 0.11045862705321943
5 0.016993634931264528
0 0.0
9 0.0
4 0.09771340085477104
2 0.10196180958758716
-13 0.11895544451885169
9 0.012745226198448395
2 0.0
5 0.008496817465632264
4 0.09771340085477104
2 0.09771340085477104
-12 0.14019748818293234
-5 0.0
2 0.11895544451885169
4 0.1062102183204033
-8 0.11895544451885169
7 0.008496817465632264
-5 0.0
5 0.10196180958758716
4 0.1062102183204033
-17 0.11045862705321943
2 0.0
4 0.09771340085477104
5 0.11895544451885169
4 0.11895544451885169
-24 0.012745226198448395
2 0.08496817465632264
4 0.0934649921219549
11 0.12320385325166783
7 0.0
-32 0.04248408732816132
4 0.0934649921219549
2 0.0934649921219549
5 0.10196180958758716
11 0.0
4 0.10196180958758716
2 0.08921658338913876
12 0.12745226198448395
9 0.0
12 0.0
-24 0.016993634931264528
4 0.09771340085477104
2 0.08921658338913876
5 0.11045862705321943
-1 0.0
7 0.0
-17 0.016993634931264528
4 0.08921658338913876
2 0.08921658338913876
4 0.14019748818293234
-15 0.0
0 0.0
7 0.016993634931264528
5 0.10196180958758716
4 0.09771340085477104
-13 0.11895544451885169
-7 0.0
2 0.12745226198448395
4 0.10196180958758716
-7 0.13594907945011622
7 0.008496817465632264
-10 0.0
5 0.08921658338913876
4 0.11045862705321943
2 0.0934649921219549
-19 0.02549045239689679
4 0.07647135719069037
5 0.1317006707173001
4 0.1062102183204033
-25 0.004248408732816132
2 0.10196180958758716
4 0.09771340085477104
9 0.11895544451885169
5 0.008496817465632264
-32 0.016993634931264528
4 0.0807197659235065
2 0.1062102183204033
4 0.0934649921219549
9 0.0
2 0.1062102183204033
2 0.11045862705321943
7 0.1062102183204033
11 0.008496817465632264
-25 0.0
11 0.0
4 0.09771340085477104
2 0.0934649921219549
4 0.10196180958758716
-3 0.0
5 0.0
-19 0.02549045239689679
2 0.08496817465632264
2 0.09771340085477104
2 0.15294271438138074
5 0.0
-1 0.0
-17 0.008496817465632264
4 0.09771340085477104
2 0.09771340085477104
-15 0.12745226198448395
-15 0.0
-15 0.0
-15 0.0
-3 0.0
-8 0.0
-12 0.0
-8 0.004248408732816132
4 0.23791088903770338
7 0.11895544451885169
-3 0.0
-8 0.0
-12 0.0
-8 0.02124204366408066
-20 0.004248408732816132
-12 0.004248408732816132
5 0.06797453972505811
4 0.1062102183204033
2 0.11045862705321943
-3 0.0
-8 0.0
-12 0.0
4 0.0934649921219549
5 0.11895544451885169
4 0.10196180958758716
-20 0.0
-20 0.0
-16 0.0
-4 0.0
7 0.12320385325166783
5 0.10196180958758716
4 0.09771340085477104
-4 0.0
-8 0.0
-12 0.0
2 0.1062102183204033
4 0.08921658338913876
5 0.11895544451885169
-4 0.0
-8 0.0
-12 0.0
4 0.09771340085477104
7 0.11470703578603557
5 0.10196180958758716
-24 0.0
-24 0.0
-17 0.0
-5 0.0
4 0.08496817465632264
2 0.11895544451885169
12 0.10196180958758716
-5 0.0
-8 0.0
-12 0.0
4 0.02549045239689679
2 0.11045862705321943
0 0.055229313526609716
3 0.055229313526609716
11 0.09771340085477104
-5 0.0
-8 0.0
-12 0.0
4 0.008496817465632264
2 0.1062102183204033
-1 0.05098090479379358
3 0.04673249606097745
4 0.11470703578603557
-27 0.004248408732816132
-27 0.0
9 0.004248408732816132
-18 0.0
-6 0.0
2 0.11045862705321943
-3 0.06797453972505811
3 0.038235678595345185
7 0.10196180958758716
-6 0.0
-8 0.0
-12 0.0
4 0.012745226198448395
2 0.11045862705321943
-5 0.05098090479379358
3 0.06372613099224197
6 0.08921658338913876
-6 0.0
-8 0.0
-12 0.0
4 0.004248408732816132
2 0.12745226198448395
-6 0.04248408732816132
3 0.06797453972505811
5 0.08496817465632264
-32 0.0
-44 0.0
-19 0.0
-7 0.0
4 0.012745226198448395
2 0.11895544451885169
-7 0.055229313526609716
3 0.05098090479379358
4 0.08921658338913876
-7 0.0
-8 0.0
-12 0.0
2 0.13594907945011622
-8 0.04673249606097745
3 0.059477722259425846
2 0.0934649921219549
-7 0.0
-8 0.0
-12 0.0
4 0.012745226198448395
2 0.11470703578603557
-8 0.038235678595345185
3 0.06797453972505811
0 0.10196180958758716
-27 0.0
-27 0.0
-18 0.0
-6 0.0
4 0.008496817465632264
2 0.11895544451885169
-8 0.04248408732816132
3 0.06797453972505811
-1 0.09771340085477104
-6 0.0
-8 0.0
-12 0.0
4 0.008496817465632264
2 0.11045862705321943
-8 0.04673249606097745
3 0.07222294845787425
-3 0.09771340085477104
-6 0.0
-8 0.0
-12 0.0
4 0.004248408732816132
0 0.11045862705321943
-8 0.06797453972505811
2 0.04248408732816132
-5 0.09771340085477104
-24 0.0
-24 0.0
-17 0.0
-5 0.0
4 0.008496817465632264
-1 0.09771340085477104
-8 0.055229313526609716
2 0.06372613099224197
4 0.09771340085477104
-6 0.004248408732816132
-5 0.0
-8 0.0
-12 0.0
-2 0.09771340085477104
-8 0.07222294845787425
2 0.04673249606097745
4 0.11045862705321943
-7 0.008496817465632264
-5 0.0
-8 0.0
-12 0.0
-3 0.11045862705321943
-20 0.033987269862529056
2 0.07222294845787425
4 0.1062102183204033
-20 0.0
-8 0.012745226198448395
-16 0.0
-4 0.0
-10 0.0
-20 0.06372613099224197
-4 0.02549045239689679
2 0.11470703578603557
4 0.11470703578603557
-4 0.0
-8 0.0
-10 0.0
-1 0.0
-13 0.0
4 0.1062102183204033
4 0.12320385325166783
4 0.09771340085477104
-4 0.0
-8 0.0
-10 0.0
4 0.11045862705321943
4 0.11045862705321943
4 0.11470703578603557
2 0.0
-10 0.0
4 0.11470703578603557
-27 0.0
-27 0.0
4 0.11045862705321943
11 0.11470703578603557
-3 0.0
-8 0.0
-12 0.0
4 0.11470703578603557
4 0.10196180958758716
-3 0.11470703578603557
-3 0.0
-8 0.0
-12 0.0
0 0.0
-12 0.0
4 0.09771340085477104
4 0.11470703578603557
9 0.1062102183204033
-25 0.0
-25 0.0
4 0.12745226198448395
4 0.10196180958758716
-6 0.10196180958758716
-6 0.0
-9 0.0
-15 0.0
-1 0.0
-13 0.0
4 0.11045862705321943
4 0.11895544451885169
3 0.09771340085477104
-6 0.0
-9 0.0
-15 0.0
4 0.1062102183204033
-3 0.05098090479379358
-15 0.0
4 0.05098090479379358
-1 0.0934649921219549
-13 0.0
-20 0.033987269862529056
-32 0.0
2 0.14019748818293234
4 0.08921658338913876
7 0.12320385325166783
-4 0.0
-8 0.0
-13 0.0
5 0.10196180958758716
0 0.059477722259425846
-12 0.0
4 0.059477722259425846
2 0.08921658338913876
-4 0.0
-8 0.0
-13 0.0
-1 0.0
-13 0.0
4 0.0934649921219549
5 0.11470703578603557
7 0.12320385325166783
-27 0.0
-27 0.0
11 0.09771340085477104
9 0.09771340085477104
7 0.11470703578603557
-3 0.0
-8 0.0
-12 0.0
0 0.0
-12 0.0
9 0.0934649921219549
11 0.12320385325166783
9 0.1062102183204033
-3 0.0
-8 0.0
-12 0.0
11 0.08921658338913876
12 0.11045862705321943
14 0.11045862705321943
-29 0.0
-29 0.0
-1 0.0
-13 0.0
12 0.11045862705321943
11 0.1062102183204033
9 0.11895544451885169
-1 0.0
-5 0.0
-10 0.0
0 0.0
-12 0.0
11 0.09771340085477104
12 0.11045862705321943
11 0.1062102183204033
-1 0.0
-5 0.0
-10 0.0
2 0.0
-10 0.0
12 0.10196180958758716
14 0.11045862705321943
16 0.11045862705321943
-22 0.0
-34 0.0
17 0.10196180958758716
19 0.09771340085477104
17 0.11045862705321943
-3 0.0
-7 0.0
-10 0.0
2 0.0
-10 0.0
16 0.0934649921219549
17 0.11470703578603557
19 0.11045862705321943
-3 0.0
-7 0.0
-10 0.0
14 0.02124204366408066
21 0.08496817465632264
12 0.008496817465632264
23 0.0934649921219549
11 0.008496817465632264
21 0.1062102183204033
-27 0.0
-27 0.0
2 0.0
-10 0.0
9 0.016993634931264528
17 0.0934649921219549
11 0.008496817465632264
16 0.09771340085477104
12 0.008496817465632264
17 0.10196180958758716
-3 0.0
-8 0.0
-12 0.0
0 0.0
-12 0.0
14 0.004248408732816132
16 0.10196180958758716
12 0.008496817465632264
14 0.11045862705321943
11 0.02124204366408066
12 0.0934649921219549
-3 0.0
-8 0.0
-12 0.0
9 0.012745226198448395
12 0.10196180958758716
-1 0.055229313526609716
-13 0.0
11 0.055229313526609716
9 0.09771340085477104
-25 0.0
-37 0.0
-3 0.0
-15 0.0
5 0.11895544451885169
4 0.0934649921219549
3 0.11895544451885169
-3 0.0
-9 0.0
-15 0.0
0 0.11470703578603557
-1 0.0934649921219549
-3 0.12745226198448395
-3 0.0
-9 0.0
-15 0.0
-1 0.0
-13 0.0
-7 0.08921658338913876
-8 0.1062102183204033
-9 0.0934649921219549
4 0.06797453972505811
-20 0.0
-32 0.0
4 0.3186306549612099
-4 0.0
-10 0.0
-8 0.0
2 0.0
-10 0.0
4 0.1062102183204033
4 0.1062102183204033
4 0.11045862705321943
-4 0.0
-10 0.0
-8 0.0
0 0.0
-12 0.0
4 0.1062102183204033
4 0.11470703578603557
4 0.11045862705321943
-27 0.0
-27 0.0
4 0.11895544451885169
4 0.1062102183204033
11 0.1062102183204033
-6 0.0
-12 0.0
-9 0.0
-1 0.0
-13 0.0
4 0.15294271438138074
4 0.09771340085477104
-3 0.09771340085477104
-6 0.0
-12 0.0
-9 0.0
-3 0.0
-15 0.0
4 0.1062102183204033
4 0.12745226198448395
4 0.09771340085477104
-20 0.0
-1 0.012745226198448395
-13 0.0
-32 0.10196180958758716
2 0.0807197659235065
0 0.02124204366408066
-12 0.0
4 0.08496817465632264
7 0.10196180958758716
-4 0.016993634931264528
-13 0.0
-8 0.0
-1 0.012745226198448395
-13 0.0
5 0.06797453972505811
4 0.1062102183204033
2 0.1062102183204033
-4 0.0
-13 0.0
-8 0.0
4 0.07647135719069037
5 0.12745226198448395
7 0.12320385325166783
-24 0.0
-36 0.0
4 0.0
-8 0.0
9 0.1062102183204033
11 0.11045862705321943
4 0.11895544451885169
12 0.004248408732816132
-8 0.0
-12 0.0
-17 0.0
7 0.016993634931264528
9 0.09771340085477104
5 0.029738861129712923
11 0.07222294845787425
6 0.008496817465632264
16 0.10196180958758716
-8 0.0
-12 0.0
-17 0.0
12 0.008496817465632264
7 0.033987269862529056
9 0.0934649921219549
14 0.05098090479379358
11 0.07647135719069037
12 0.10196180958758716
-22 0.0
-34 0.0
9 0.016993634931264528
7 0.11470703578603557
11 0.012745226198448395
6 0.08496817465632264
9 0.016993634931264528
11 0.09771340085477104
-7 0.0
-12 0.0
-15 0.0
7 0.016993634931264528
12 0.16568794057982913
4 0.02549045239689679
14 0.16568794057982913
-7 0.0
-12 0.0
-15 0.0
2 0.0
-10 0.0
5 0.016993634931264528
-10 0.02549045239689679
-8 0.08921658338913876
5 0.0
-7 0.09771340085477104
-6 0.12745226198448395
12 0.004248408732816132
-21 0.0
-33 0.0
9 0.004248408732816132
-5 0.13594907945011622
11 0.06372613099224197
8 0.004248408732816132
-4 0.07647135719069037
9 0.10196180958758716
-6 0.0
-12 0.0
-15 0.0
0 0.0
-12 0.0
-3 0.004248408732816132
6 0.016993634931264528
-1 0.10196180958758716
0 0.12745226198448395
1 0.09771340085477104
-6 0.0
-12 0.0
-15 0.0
2 0.11895544451885169
3 0.12745226198448395
4 0.11045862705321943
-1 0.0
-13 0.0
8 0.008496817465632264
-20 0.0
-32 0.0
5 0.1317006707173001
4 0.08496817465632264
-1 0.11470703578603557
-4 0.0
-13 0.0
-8 0.0
4 0.08921658338913876
11 0.12320385325166783
16 0.10196180958758716
-4 0.0
-13 0.0
-8 0.0
12 0.1062102183204033
11 0.1062102183204033
4 0.11470703578603557
-25 0.0
-25 0.0
11 0.10196180958758716
16 0.10196180958758716
23 0.11470703578603557
-3 0.0
-9 0.0
-13 0.0
-3 0.0
-15 0.0
11 0.11895544451885169
18 0.09771340085477104
21 0.11045862705321943
-3 0.0
-9 0.0
-13 0.0
22 0.10196180958758716
23 0.1062102183204033
28 0.11895544451885169
-32 0.0
-4 0.0
-16 0.0
24 0.09771340085477104
23 0.0934649921219549
16 0.12745226198448395
-4 0.0
-8 0.0
-13 0.0
22 0.1062102183204033
-3 0.04673249606097745
-15 0.0
23 0.05098090479379358
17 0.12320385325166783
-4 0.0
-8 0.0
-13 0.0
-1 0.0
-13 0.0
16 0.09771340085477104
11 0.09771340085477104
17 0.10196180958758716
-20 0.0
16 0.10196180958758716
12 0.1062102183204033
11 0.11895544451885169
-8 0.0
-13 0.0
-16 0.0
9 0.1062102183204033
8 0.10196180958758716
5 0.11895544451885169
-8 0.0
-13 0.0
-16 0.0
-22 0.0
4 0.1062102183204033
-1 0.11895544451885169
-24 0.1317006707173001
2 0.14019748818293234
4 0.09771340085477104
7 0.1062102183204033
-8 0.0
-12 0.0
-17 0.0
0 0.0
-12 0.0
5 0.0934649921219549
4 0.11895544451885169
2 0.11045862705321943
-8 0.0
-12 0.0
-17 0.0
4 0.08921658338913876
5 0.09771340085477104
4 0.1317006707173001
4 0.0
-22 0.0
-34 0.0
-1 0.0
-13 0.0
4 0.11045862705321943
4 0.12320385325166783
16 0.11470703578603557
-6 0.0
-8 0.0
-12 0.0
4 0.10196180958758716
4 0.11045862705321943
4 0.11895544451885169
-6 0.0
-8 0.0
-12 0.0
-3 0.0
-15 0.0
4 0.12320385325166783
4 0.11045862705321943
11 0.12320385325166783
-20 0.0
-32 0.0
-4 0.0
-16 0.0
2 0.11470703578603557
-3 0.04673249606097745
-15 0.0
4 0.04673249606097745
7 0.11895544451885169
-4 0.0
-8 0.0
-13 0.0
-1 0.0
-13 0.0
5 0.11045862705321943
4 0.11470703578603557
2 0.1062102183204033
4 0.0
-4 0.0
-8 0.0
-13 0.0
4 0.1062102183204033
4 0.04673249606097745
-1 0.04248408732816132
-3 0.14019748818293234
4 0.0
-15 0.0
-27 0.0
0 0.0
-12 0.0
2 0.09771340085477104
4 0.11045862705321943
4 0.11895544451885169
-3 0.0
-12 0.0
-8 0.0
4 0.11470703578603557
9 0.055229313526609716
4 0.059477722259425846
4 0.11895544451885169
11 0.0
-5 0.0
-10 0.0
-8 0.0
-17 0.0
-29 0.0
2 0.0
-10 0.0
-5 0.004248408732816132
2 0.11045862705321943
-1 0.06372613099224197
4 0.06372613099224197
-8 0.11470703578603557
4 0.0
-24 0.0
-36 0.0
24 0.3143822462283938
-8 0.0
-12 0.0
-17 0.0
12 0.0
0 0.0
-8 0.0
4 0.008496817465632264
17 0.11045862705321943
0 0.05098090479379358
5 0.004248408732816132
16 0.06372613099224197
-3 0.09771340085477104
12 0.02124204366408066
-8 0.0
-12 0.0
-17 0.0
16 0.09771340085477104
17 0.1062102183204033
23 0.12745226198448395
4 0.0
-8 0.0
-22 0.0
-34 0.0
11 0.0
-1 0.0
-6 0.0
11 0.012745226198448395
18 0.11045862705321943
6 0.038235678595345185
0 0.012745226198448395
16 0.06797453972505811
-3 0.08496817465632264
12 0.02549045239689679
-6 0.0
-8 0.0
-12 0.0
16 0.0934649921219549
18 0.1062102183204033
21 0.12745226198448395
-8 0.0
-6 0.0
-8 0.0
-12 0.0
9 0.0
-3 0.0
9 0.012745226198448395
4 0.004248408732816132
18 0.09771340085477104
6 0.04248408732816132
-8 0.012745226198448395
0 0.008496817465632264
16 0.04673249606097745
8 0.13594907945011622
-8 0.0
-20 0.0
-32 0.0
8 0.0
-4 0.0
-4 0.0
-8 0.004248408732816132
4 0.02124204366408066
15 0.08496817465632264
9 0.05098090479379358
-3 0.0
16 0.055229313526609716
20 0.12320385325166783
-4 0.0
-8 0.0
-13 0.0
11 0.0
-1 0.0
-13 0.0
-1 0.0
16 0.008496817465632264
-1 0.016993634931264528
8 0.0
17 0.0934649921219549
16 0.1062102183204033
11 0.12745226198448395
-4 0.0
-8 0.0
-13 0.0
8 0.10196180958758716
5 0.11470703578603557
4 0.1317006707173001
-15 0.0
-27 0.0
0 0.0
-12 0.0
4 0.2803949763658647
7 0.11045862705321943
-8 0.0
-3 0.0
-12 0.0
-8 0.0
5 0.09771340085477104
-3 0.04673249606097745
4 0.05098090479379358
2 0.11470703578603557
-1 0.0
-5 0.0
-10 0.0
-8 0.0
-17 0.0
-25 0.0
2 0.0
-10 0.0
4 0.10196180958758716
-13 0.05098090479379358
5 0.055229313526609716
4 0.11895544451885169
-8 0.0
-24 0.0
-24 0.0
-5 0.016993634931264528
-12 0.016993634931264528
7 0.08496817465632264
11 0.1062102183204033
-5 0.12745226198448395
12 0.004248408732816132
4 0.0
-8 0.0
-8 0.0
-5 0.0
-14 0.0
-8 0.0
-12 0.0
-8 0.0
-14 0.0
4 0.004248408732816132
4 0.0
10 0.09771340085477104
-7 0.059477722259425846
9 0.06372613099224197
-5 0.11045862705321943
-8 0.004248408732816132
7 0.02124204366408066
-8 0.0
-5 0.0
-14 0.0
-12 0.0
-8 0.0
-14 0.0
9 0.0934649921219549
7 0.055229313526609716
-5 0.0
10 0.055229313526609716
9 0.11895544451885169
5 0.0
-7 0.0
-19 0.0
-31 0.0
5 0.0
-7 0.0
-3 0.016993634931264528
-7 0.004248408732816132
12 0.0934649921219549
16 0.1062102183204033
17 0.12745226198448395
-3 0.0
-12 0.0
-7 0.0
-15 0.0
-12 0.0
-7 0.0
-15 0.0
0 0.008496817465632264
9 0.0
16 0.11045862705321943
-2 0.038235678595345185
14 0.08496817465632264
12 0.12745226198448395
-3 0.0
-12 0.0
-7 0.0
-15 0.0
-12 0.0
-7 0.0
-15 0.0
-3 0.008496817465632264
14 0.11045862705321943
16 0.11895544451885169
15 0.11895544451885169
6 0.0
-6 0.0
-25 0.0
-37 0.0
6 0.0
-6 0.0
-6 0.012745226198448395
-3 0.0
-1 0.004248408732816132
-13 0.008496817465632264
16 0.08496817465632264
18 0.11895544451885169
23 0.13594907945011622
-9 0.0
-3 0.0
-13 0.0
-13 0.0
-6 0.0
-15 0.0
3 0.02124204366408066
-1 0.016993634931264528
22 0.0934649921219549
4 0.008496817465632264
21 0.11470703578603557
6 0.016993634931264528
8 0.11895544451885169
20 0.0
-9 0.0
-3 0.0
-13 0.0
-3 0.0
-13 0.0
-6 0.0
-15 0.0
4 0.055229313526609716
21 0.055229313526609716
9 0.02549045239689679
9 0.038235678595345185
23 0.06372613099224197
11 0.02549045239689679
28 0.12745226198448395
7 0.0
-5 0.0
-20 0.0
-32 0.0
7 0.0
-5 0.0
16 0.016993634931264528
16 0.12320385325166783
16 0.12745226198448395
14 0.14869430564856462
16 0.004248408732816132
8 0.0
-4 0.0
-1 0.0
-10 0.0
-8 0.0
8 0.0
-4 0.0
-8 0.0
-4 0.0
-10 0.0
14 0.12320385325166783
16 0.02124204366408066
16 0.161439531847013
16 0.15294271438138074
-1 0.0
-10 0.0
-8 0.0
-8 0.0
-4 0.0
-10 0.0
11 0.004248408732816132
16 0.1317006707173001
11 0.0807197659235065
16 0.0807197659235065
28 0.1996752104423582
-27 0.0
-27 0.0
9 0.0
-3 0.0
29 0.12320385325166783
28 0.12320385325166783
9 0.1444458969157485
16 0.0
0 0.0
-3 0.0
-12 0.0
-15 0.0
0 0.012745226198448395
28 0.1062102183204033
29 0.11470703578603557
28 0.13594907945011622
0 0.0
-3 0.0
-12 0.0
-15 0.0
12 0.016993634931264528
4 0.004248408732816132
16 0.1062102183204033
11 0.055229313526609716
21 0.07222294845787425
28 0.1317006707173001
9 0.012745226198448395
-25 0.0
-25 0.0
29 0.11895544451885169
28 0.11895544451885169
16 0.1317006707173001
-1 0.0
-5 0.0
-10 0.0
-13 0.0
7 0.0
-5 0.0
-1 0.016993634931264528
7 0.008496817465632264
28 0.0934649921219549
9 0.0934649921219549
2 0.008496817465632264
29 0.016993634931264528
28 0.12745226198448395
-1 0.0
-5 0.0
-10 0.0
-13 0.0
11 0.038235678595345185
7 0.008496817465632264
16 0.07647135719069037
19 0.11895544451885169
28 0.12745226198448395
-22 0.0
-34 0.0
5 0.0
-7 0.0
21 0.11895544451885169
4 0.059477722259425846
-8 0.0
17 0.059477722259425846
16 0.1317006707173001
-3 0.0
-7 0.0
-12 0.0
2 0.0
-10 0.0
14 0.14019748818293234
11 0.09771340085477104
21 0.14019748818293234
-3 0.0
-7 0.0
-12 0.0
14 0.12745226198448395
0 0.05098090479379358
-12 0.0
12 0.055229313526609716
11 0.11895544451885169
-20 0.0
-32 0.0
-1 0.0
-13 0.0
9 0.11045862705321943
4 0.12320385325166783
16 0.12320385325166783
-4 0.0
-8 0.0
-13 0.0
11 0.12320385325166783
5 0.1062102183204033
4 0.14019748818293234
-4 0.0
-8 0.0
-13 0.0
-1 0.11470703578603557
-8 0.12745226198448395
26 0.1317006707173001
-29 0.0
-29 0.0
7 0.0
-5 0.0
19 0.12745226198448395
14 0.11470703578603557
7 0.11470703578603557
-2 0.008496817465632264
16 0.0
-2 0.0
-5 0.0
-14 0.0
-10 0.0
14 0.0934649921219549
19 0.11470703578603557
26 0.12745226198448395
-2 0.0
-5 0.0
-14 0.0
-10 0.0
10 0.02124204366408066
2 0.004248408732816132
19 0.1062102183204033
9 0.059477722259425846
14 0.04673249606097745
26 0.1317006707173001
-27 0.0
-27 0.0
7 0.012745226198448395
17 0.12745226198448395
14 0.11470703578603557
16 0.12320385325166783
5 0.0
-3 0.0
-7 0.0
-10 0.0
-15 0.0
5 0.0
-7 0.0
-3 0.008496817465632264
14 0.09771340085477104
7 0.059477722259425846
2 0.016993634931264528
17 0.02124204366408066
26 0.12745226198448395
-3 0.0
-7 0.0
-10 0.0
-15 0.0
9 0.038235678595345185
5 0.008496817465632264
17 0.07222294845787425
14 0.11045862705321943
-37 0.12320385325166783
24 0.004248408732816132
-25 0.0
4 0.0
-8 0.0
17 0.11470703578603557
16 0.11470703578603557
14 0.11470703578603557
-3 0.0
-7 0.0
-10 0.0
-15 0.0
-24 0.0
2 0.0
-10 0.0
9 0.11045862705321943
5 0.11470703578603557
21 0.11895544451885169
-3 0.0
-7 0.0
-10 0.0
-15 0.0
-22 0.0
0 0.0
-12 0.0
14 0.12320385325166783
12 0.11470703578603557
11 0.11895544451885169
-20 0.0
-32 0.0
-1 0.0
-13 0.0
9 0.11470703578603557
4 0.11895544451885169
16 0.1062102183204033
-4 0.0
-8 0.0
-13 0.0
11 0.13594907945011622
5 0.1062102183204033
4 0.11045862705321943
-4 0.0
-8 0.0
-13 0.0
-1 0.11470703578603557
-8 0.11045862705321943
28 0.15294271438138074
-19 0.0
-31 0.0
-31 0.0
5 0.0
-7 0.0
29 0.11895544451885169
28 0.08496817465632264
16 0.13594907945011622
5 0.0
-4 0.0
-7 0.0
-12 0.0
14 0.004248408732816132
8 0.004248408732816132
14 0.12745226198448395
15 0.10196180958758716
14 0.029738861129712923
16 0.06372613099224197
-4 0.0
-7 0.0
-12 0.0
16 0.11045862705321943
16 0.11045862705321943
28 0.12320385325166783
-24 0.0
4 0.0
-8 0.0
29 0.12320385325166783
28 0.1062102183204033
16 0.11895544451885169
12 0.0
4 0.004248408732816132
-5 0.0
-8 0.0
-12 0.0
7 0.008496817465632264
14 0.11895544451885169
15 0.11045862705321943
16 0.09771340085477104
-5 0.0
-8 0.0
-12 0.0
16 0.11045862705321943
16 0.11045862705321943
28 0.12320385325166783
-17 0.0
-25 0.0
-32 0.0
29 0.11895544451885169
28 0.08496817465632264
16 0.11045862705321943
-5 0.0
-8 0.0
-13 0.0
2 0.0
-10 0.0
11 0.012745226198448395
2 0.004248408732816132
7 0.004248408732816132
12 0.1062102183204033
14 0.11470703578603557
16 0.11470703578603557
-5 0.0
-8 0.0
-13 0.0
16 0.1062102183204033
0 0.055229313526609716
-12 0.0
16 0.055229313526609716
28 0.11895544451885169
-17 0.0
-22 0.0
-29 0.0
2 0.0
-10 0.0
29 0.13594907945011622
28 0.09771340085477104
16 0.08921658338913876
-5 0.0
-10 0.0
-14 0.0
2 0.012745226198448395
10 0.004248408732816132
7 0.016993634931264528
12 0.1062102183204033
14 0.11045862705321943
16 0.11045862705321943
-5 0.0
-10 0.0
-14 0.0
16 0.11045862705321943
16 0.09771340085477104
28 0.12745226198448395
-22 0.0
-34 0.0
29 0.11895544451885169
28 0.0934649921219549
16 0.11045862705321943
-7 0.0
-10 0.0
-15 0.0
0 0.0
-12 0.0
9 0.012745226198448395
0 0.012745226198448395
5 0.008496817465632264
11 0.1317006707173001
14 0.11895544451885169
16 0.09771340085477104
-7 0.0
-10 0.0
-15 0.0
16 0.11045862705321943
-1 0.04673249606097745
-13 0.0
16 0.04673249606097745
28 0.11470703578603557
-8 0.0
-19 0.0
-31 0.0
0 0.0
-12 0.0
29 0.1317006707173001
28 0.08921658338913876
16 0.11470703578603557
-8 0.0
-12 0.0
-15 0.0
-1 0.0
-13 0.0
-3 0.004248408732816132
0 0.008496817465632264
5 0.004248408732816132
9 0.11470703578603557
14 0.11895544451885169
16 0.10196180958758716
-8 0.0
-12 0.0
-15 0.0
-3 0.0
-15 0.0
16 0.11895544451885169
16 0.1062102183204033
28 0.11470703578603557
-25 0.0
-1 0.0
-13 0.0
29 0.12320385325166783
28 0.09771340085477104
-1 0.11045862705321943
16 0.004248408732816132
8 0.0
-8 0.0
-13 0.0
-16 0.0
17 0.15294271438138074
16 0.09771340085477104
11 0.1062102183204033
-8 0.0
-8 0.0
-13 0.0
-16 0.0
24 0.11470703578603557
-8 0.055229313526609716
23 0.055229313526609716
11 0.1317006707173001
-8 0.0
-25 0.0
12 0.12745226198448395
-3 0.055229313526609716
11 0.059477722259425846
-1 0.11045862705321943
-1 0.0
-9 0.0
-13 0.0
-15 0.0
0 0.1317006707173001
-1 0.1062102183204033
-13 0.11895544451885169
-9 0.0
-13 0.0
-15 0.0
-2 0.12745226198448395
-13 0.06372613099224197
-1 0.06797453972505811
-32 0.0807197659235065
-8 0.0
-44 0.0
-25 0.038235678595345185
-8 0.08496817465632264
-16 0.004248408732816132
-16 0.02549045239689679
-8 0.40784723835034864
-25 0.02549045239689679
-9 0.11895544451885169
-8 0.11470703578603557
-6 0.13594907945011622
-16 0.033987269862529056
-8 0.08496817465632264
-6 0.11895544451885169
-4 0.14019748818293234
-13 0.0
-16 0.0
-8 0.0
-8 0.04248408732816132
-6 0.0934649921219549
-4 0.11470703578603557
-3 0.1317006707173001
-16 0.055229313526609716
-4 0.07222294845787425
-3 0.11895544451885169
-1 0.14019748818293234
-25 0.04248408732816132
-3 0.08496817465632264
-1 0.11470703578603557
-19 0.14019748818293234
-7 0.0
-15 0.0
-15 0.008496817465632264
0 0.0
-10 0.0
-44 0.0
-15 0.0
-13 0.0
-25 0.0
-7 0.004248408732816132
-10 0.04673249606097745
-1 0.06797453972505811
0 0.12320385325166783
-7 0.012745226198448395
2 0.12320385325166783
2 0.1317006707173001
0 0.008496817465632264
2 0.11045862705321943
3 0.12745226198448395
-13 0.0
-25 0.02549045239689679
2 0.08496817465632264
3 0.1317006707173001
-32 0.07222294845787425
-25 0.07222294845787425
4 0.02549045239689679
-8 0.0
-16 0.0
-13 0.0
-16 0.0
-8 0.012745226198448395
-1 0.012745226198448395
-16 0.016993634931264528
4 0.4035988296175325
-16 0.02124204366408066
-25 0.0
3 0.11045862705321943
4 0.11470703578603557
6 0.1317006707173001
-8 0.02124204366408066
4 0.09771340085477104
6 0.11470703578603557
8 0.13594907945011622
4 0.029738861129712923
-4 0.0
6 0.11045862705321943
8 0.11895544451885169
9 0.14019748818293234
-8 0.016993634931264528
8 0.1062102183204033
9 0.12745226198448395
-13 0.09771340085477104
11 0.029738861129712923
9 0.11045862705321943
11 0.11895544451885169
-13 0.0934649921219549
-7 0.029738861129712923
9 0.008496817465632264
12 0.02124204366408066
-7 0.0
-15 0.0
-10 0.0
-44 0.0
-15 0.0
-13 0.0
-25 0.0
5 0.008496817465632264
-3 0.004248408732816132
2 0.029738861129712923
11 0.07647135719069037
12 0.1317006707173001
14 0.1317006707173001
12 0.11470703578603557
14 0.11895544451885169
15 0.1317006707173001
-13 0.0
-13 0.016993634931264528
14 0.12320385325166783
15 0.13594907945011622
-32 0.07222294845787425
-25 0.059477722259425846
16 0.04248408732816132
-8 0.0
-16 0.0
-13 0.0
-32 0.0
-16 0.0
4 0.012745226198448395
11 0.008496817465632264
-16 0.02549045239689679
11 0.07222294845787425
-20 0.3186306549612099
-25 0.008496817465632264
16 0.39085360341908415
4 0.016993634931264528
11 0.0
-13 0.008496817465632264
-16 0.0
17 0.39085360341908415
5 0.004248408732816132
-10 0.004248408732816132
14 0.0
-16 0.016993634931264528
16 0.4035988296175325
11 0.012745226198448395
4 0.0
-8 0.012745226198448395
-13 0.012745226198448395
17 0.3993504208847164
14 0.004248408732816132
5 0.008496817465632264
-4 0.0
-10 0.004248408732816132
16 0.44183450821287773
12 0.0
0 0.0
4 0.0
-8 0.0
-44 0.0
12 0.0
0 0.008496817465632264
-5 0.0
4 0.0
12 0.004248408732816132
-12 0.0
-8 0.2124204366408066
17 0.19542680170954208
14 0.012745226198448395
5 0.0
-17 0.02124204366408066
-24 0.161439531847013
16 0.21666884537362274
4 0.016993634931264528
12 0.0
-32 0.02549045239689679
16 0.4248408732816132
11 0.0
-1 0.0
4 0.0
-8 0.0
2 0.0
-10 0.0
-44 0.0
11 0.0
-1 0.0
11 0.012745226198448395
-4 0.0
4 0.004248408732816132
-8 0.0
-1 0.0
-13 0.004248408732816132
17 0.24215929777051953
5 0.008496817465632264
14 0.0
-10 0.0
-16 0.18268157551109368
16 0.029738861129712923
11 0.016993634931264528
4 0.0
-25 0.161439531847013
-32 0.23366248030488726
17 0.4120956470831648
5 0.012745226198448395
14 0.008496817465632264
-25 0.17843316677827753
16 0.1869299842439098
11 0.012745226198448395
4 0.0
-16 0.004248408732816132
-13 0.1741847580454614
17 0.21666884537362274
-10 0.008496817465632264
14 0.004248408732816132
5 0.0
-8 0.18268157551109368
16 0.2634013414346002
9 0.0
-3 0.0
4 0.0
-8 0.0
0 0.0
-12 0.0
9 0.0
-3 0.0
4 0.012745226198448395
-3 0.012745226198448395
12 0.0
-12 0.008496817465632264
-15 0.004248408732816132
-8 0.19542680170954208
17 0.1741847580454614
-12 0.012745226198448395
5 0.0
14 0.008496817465632264
-15 0.16568794057982913
16 0.225165662839255
4 0.008496817465632264
12 0.008496817465632264
-24 0.02549045239689679
-32 0.02549045239689679
16 0.386605194686268
8 0.0
-4 0.0
4 0.0
-8 0.0
0 0.0
-12 0.0
8 0.0
4 0.008496817465632264
-4 0.0
12 0.008496817465632264
-4 0.004248408732816132
-12 0.008496817465632264
-16 0.016993634931264528
-8 0.19542680170954208
17 0.012745226198448395
14 0.012745226198448395
5 0.0
-12 0.16568794057982913
16 0.02549045239689679
12 0.012745226198448395
4 0.004248408732816132
-16 0.16568794057982913
-24 0.19542680170954208
-32 0.20392361917517432
17 0.22941407157207114
14 0.016993634931264528
5 0.0
-24 0.18268157551109368
16 0.19542680170954208
-20 0.0
4 0.016993634931264528
12 0.008496817465632264
-16 0.16993634931264529
17 0.1869299842439098
14 0.008496817465632264
5 0.0
-12 0.016993634931264528
-8 0.19542680170954208
16 0.23791088903770338
7 0.0
-5 0.0
4 0.0
-8 0.0
0 0.0
-12 0.0
7 0.0
-5 0.0
-5 0.012745226198448395
4 0.0
12 0.004248408732816132
-12 0.008496817465632264
-17 0.008496817465632264
-8 0.1741847580454614
-12 0.1996752104423582
17 0.012745226198448395
14 0.012745226198448395
5 0.0
-17 0.1741847580454614
16 0.22941407157207114
4 0.012745226198448395
12 0.008496817465632264
-24 0.02124204366408066
-32 0.029738861129712923
-6 0.36536315102218736
6 0.0
-6 0.0
0 0.0
-12 0.0
-3 0.0
-15 0.0
6 0.0
-6 0.0
-15 0.012745226198448395
14 0.2549045239689679
11 0.0
-8 0.004248408732816132
2 0.0
-12 0.20817202790799047
16 0.02549045239689679
4 0.012745226198448395
12 0.008496817465632264
-15 0.12320385325166783
-24 0.23366248030488726
-32 0.19542680170954208
16 0.259152932701784
4 0.012745226198448395
12 0.008496817465632264
-24 0.20817202790799047
14 0.20392361917517432
-20 0.008496817465632264
2 0.004248408732816132
11 0.004248408732816132
-15 0.22091725410643887
16 0.20817202790799047
-12 0.004248408732816132
12 0.012745226198448395
4 0.0
-6 0.17843316677827753
-7 0.2549045239689679
5 0.0
-7 0.0
-3 0.0
-12 0.0
-15 0.0
5 0.0
-7 0.0
-15 0.004248408732816132
-12 0.24640770650333566
-15 0.21666884537362274
14 0.004248408732816132
2 0.008496817465632264
11 0.012745226198448395
-24 0.27614656763304857
16 0.27614656763304857
4 0.02549045239689679
12 0.004248408732816132
-32 0.008496817465632264
4 0.0
-8 0.0
-4 0.0
-13 0.0
-16 0.0
4 0.0
-8 0.0
-25 0.21666884537362274
-16 0.1996752104423582
-8 0.13594907945011622
-4 0.07647135719069037
4 0.1317006707173001
4 0.0
4 0.0
-8 0.0
5 0.27614656763304857
4 0.0807197659235065
5 0.08496817465632264
4 0.07647135719069037
5 0.0807197659235065
4 0.059477722259425846
5 0.07222294845787425
4 0.059477722259425846
-5 0.04673249606097745
-13 0.0
-10 0.0
5 0.029738861129712923
4 0.055229313526609716
5 0.08496817465632264
4 0.06372613099224197
5 0.06372613099224197
4 0.07222294845787425
5 0.06797453972505811
4 0.06797453972505811
5 0.07222294845787425
4 0.06797453972505811
5 0.06372613099224197
4 0.06797453972505811
2 0.059477722259425846
2 0.0
-7 0.0
-15 0.0
-12 0.0
5 0.012745226198448395
4 0.06797453972505811
5 0.06372613099224197
4 0.0807197659235065
5 0.059477722259425846
4 0.07647135719069037
5 0.07647135719069037
4 0.06372613099224197
-1 0.059477722259425846
-1 0.0
5 0.016993634931264528
4 0.06372613099224197
5 0.06797453972505811
4 0.06797453972505811
-1 0.059477722259425846
-1 0.0
-8 0.0
-16 0.0
-13 0.0
5 0.02124204366408066
4 0.06797453972505811
5 0.055229313526609716
4 0.0934649921219549
5 0.055229313526609716
4 0.06797453972505811
5 0.07222294845787425
4 0.0807197659235065
5 0.059477722259425846
4 0.07222294845787425
5 0.06797453972505811
4 0.06372613099224197
-9 0.059477722259425846
-18 0.0
-15 0.0
3 0.05098090479379358
4 0.08496817465632264
5 0.11045862705321943
6 0.0807197659235065
7 0.08921658338913876
8 0.08921658338913876
9 0.10196180958758716
10 0.10196180958758716
11 0.1317006707173001
2 0.0
2 0.0
-10 0.0
-20 0.0
-8 0.0
-16 0.0
0 0.5607899527317294
0 0.0
-1 0.27614656763304857
-1 0.0
-12 0.0
-27 0.0
-20 0.0
0 0.2803949763658647
0 0.0
-3 0.2803949763658647
-3 0.0
-3 0.27614656763304857
-3 0.0
-15 0.0
-24 0.0
-18 0.836936520364778
-21 0.0
-13 0.0
-1 0.5650383614645456
-1 0.0
-1 0.2803949763658647
-9 0.0
-1 0.0
-15 0.0
-18 0.0
-8 0.8411849290975941
-13 0.0
-16 0.0
-8 0.8326881116319619
-8 0.0
-3 0.836936520364778
-3 0.0
-20 0.836936520364778
-27 0.0
-12 0.0
-5 0.836936520364778
-17 0.0
-26 0.0
-5 0.0
-10 0.0
-7 0.2803949763658647
-7 0.0
-8 0.2803949763658647
-8 0.0
-8 0.2803949763658647
-24 0.0
-8 0.0
-12 0.0
-10 0.836936520364778
-26 0.0
-17 0.0
-5 0.836936520364778
-11 0.0
-27 0.0
-5 0.0
-14 0.0
-7 0.5607899527317294
-7 0.0
-15 0.0
-8 0.2803949763658647
-12 0.0
-31 0.0
-8 0.0
-16 0.0
-7 0.2803949763658647
-7 0.0
-10 0.2803949763658647
-10 0.0
-10 0.2803949763658647
-13 0.0
-29 0.0
-10 0.0
-17 0.0
-34 0.0
-15 0.836936520364778
-31 0.0
-15 0.0
-8 0.5650383614645456
-8 0.0
-8 0.2803949763658647
-24 0.0
-32 0.0
-8 0.0
-32 0.0
-25 0.836936520364778
-16 0.0
-8 0.836936520364778
-8 0.0
-5 0.836936520364778
-5 0.0
-14 0.836936520364778
-29 0.0
-17 0.0
-34 0.0
-15 0.836936520364778
-27 0.0
-35 0.0
-7 0.288891793831497
-7 0.0
-5 0.2803949763658647
-5 0.0
-7 0.2803949763658647
-7 0.0
-16 0.836936520364778
-31 0.0
-36 0.0
-19 0.0
-17 0.836936520364778
-29 0.0
-37 0.0
-8 0.288891793831497
-8 0.0
-7 0.2803949763658647
-7 0.0
-8 0.2803949763658647
-8 0.0
-20 0.0
-17 0.836936520364778
-24 0.0
-20 0.0
-32 0.0
-15 0.836936520364778
-18 0.0
-13 0.836936520364778
-16 0.0
-25 0.0
-24 0.836936520364778
-24 0.0
-15 0.28464338509868087
-15 0.0
-13 0.2803949763658647
-13 0.0
-15 0.2803949763658647
-25 0.0
-15 0.0
-25 0.0
-16 0.5607899527317294
-16 0.0
-10 0.2803949763658647
-27 0.0
-10 0.0
-27 0.0
-28 0.836936520364778
-28 0.0
-12 0.28464338509868087
-12 0.0
-10 0.2803949763658647
-10 0.0
-12 0.2803949763658647
-29 0.0
-12 0.0
-29 0.0
-13 0.5607899527317294
-13 0.0
-13 0.2803949763658647
-30 0.0
-20 0.0
-30 0.0
-15 0.2803949763658647
-16 0.2803949763658647
-15 0.2803949763658647
-31 0.0
-31 0.0
-24 0.0
-32 0.836936520364778
-32 0.0
-16 0.5650383614645456
-16 0.2803949763658647
-32 0.0
-8 0.0
-16 0.0
-20 0.0
-32 0.0
-13 0.2803949763658647
-13 0.0
-8 0.2803949763658647
-8 0.0
16 0.27614656763304857
-4 0.0
-4 0.004248408732816132
-4 0.0
16 0.27614656763304857
-1 0.004248408732816132
-1 0.0
15 0.27614656763304857
4 0.004248408732816132
4 0.0
14 0.27189815890023245
5 0.0
-7 0.0
5 0.0
2 0.0
5 0.0
-10 0.0
-13 0.0
2 0.0
-4 0.0
-10 0.0
-13 0.0
5 0.0
14 0.004248408732816132
12 0.2803949763658647
11 0.27614656763304857
11 0.004248408732816132
11 0.27614656763304857
9 0.004248408732816132
8 0.2803949763658647
5 0.2803949763658647
4 0.27189815890023245
-8 0.0
4 0.0
4 0.0
4 0.008496817465632264
2 0.2803949763658647
0 0.27189815890023245
-12 0.0
0 0.0
-12 0.0
0 0.0
-8 0.0
-12 0.0
0 0.0
0 0.008496817465632264
9 0.2676497501674163
0 0.0
-12 0.0
0 0.0
-3 0.0
9 0.0
-12 0.0
-15 0.0
-3 0.0
-7 0.0
-12 0.0
-15 0.0
0 0.0
7 0.2803949763658647
5 0.2803949763658647
5 0.0
5 0.2803949763658647
4 0.0
2 0.2803949763658647
0 0.2803949763658647
-1 0.27614656763304857
-13 0.0
-1 0.0
-1 0.0
-1 0.004248408732816132
-10 0.0
-13 0.0
-3 0.0
-7 0.0
-10 0.0
-13 0.0
-3 0.2803949763658647
-4 0.27614656763304857
-16 0.0
-4 0.0
-4 0.0
-4 0.004248408732816132
-4 0.0
4 0.27189815890023245
-4 0.0
-16 0.0
-4 0.0
-8 0.0
-16 0.0
-20 0.0
-8 0.0
-10 0.0
-20 0.0
-4 0.0
-8 0.008496817465632264
-10 0.2803949763658647
0 0.27189815890023245
-11 0.008496817465632264
0 0.27189815890023245
-12 0.008496817465632264
-8 0.2803949763658647
-10 0.2803949763658647
-5 0.2676497501674163
-17 0.0
-5 0.0
-17 0.0
-24 0.0
-8 0.0
-12 0.0
-17 0.0
-5 0.0
-12 0.012745226198448395
-13 0.2803949763658647
-9 0.2676497501674163
-21 0.0
-9 0.0
-9 0.0
-9 0.0
-15 0.012745226198448395
-1 0.2634013414346002
-9 0.0
-21 0.0
-9 0.0
-15 0.0
-25 0.0
-13 0.0
-25 0.0
-15 0.0
-9 0.0
-14 0.29738861129712924
-4 0.2634013414346002
-13 0.016993634931264528
-4 0.2634013414346002
-8 0.0
-20 0.0
-32 0.0
-20 0.0
-44 0.0
-13 0.0
-16 0.0
-25 0.0
-16 0.2803949763658647
-13 0.2803949763658647
-8 0.2803949763658647
-8 0.2803949763658647
-9 0.2803949763658647
-10 0.27614656763304857
-10 0.004248408732816132
-12 0.2803949763658647
-13 0.2803949763658647
-13 0.27189815890023245
-15 0.288891793831497
-16 0.2803949763658647
-16 0.2676497501674163
-19 0.2931402025643131
-20 0.2803949763658647
-20 0.2634013414346002
-22 0.2803949763658647
-17 0.2506561152361518
-29 0.012745226198448395
-23 0.016993634931264528
-28 0.07647135719069037
-16 0.008496817465632264
-26 0.06372613099224197
-14 0.004248408732816132
-24 0.08496817465632264
-12 0.0
-36 0.02124204366408066
-24 0.02124204366408066
-26 0.225165662839255
-14 0.004248408732816132
-38 0.008496817465632264
-17 0.27189815890023245
-41 0.008496817465632264
-29 0.0
-20 1.0578537744712169
-32 0.0
-19 0.10196180958758716
-31 0.012745226198448395
-29 0.04673249606097745
-17 0.029738861129712923
-28 0.059477722259425846
-16 0.016993634931264528
-26 0.059477722259425846
-14 0.008496817465632264
-36 0.06372613099224197
-24 0.0
-12 0.008496817465632264
-38 0.2676497501674163
-26 0.0
-14 0.004248408732816132
-41 0.2634013414346002
-29 0.0
-17 0.0
-24 1.0196180958758716
-36 0.02124204366408066
-22 0.1062102183204033
-34 0.012745226198448395
-32 0.06797453972505811
-20 0.008496817465632264
-19 0.0807197659235065
-31 0.008496817465632264
-29 0.055229313526609716
-17 0.02124204366408066
-28 0.06797453972505811
-16 0.004248408732816132
-14 0.06797453972505811
-26 0.0
-12 0.05098090479379358
-24 0.008496817465632264
-36 0.0
-14 0.2676497501674163
-26 0.0
-38 0.0
-17 0.20392361917517432
-29 0.004248408732816132
-41 0.0
-7 0.18268157551109368
-19 0.004248408732816132
-31 0.0
-32 0.17843316677827753
-20 0.0
-8 0.008496817465632264
-12 0.16568794057982913
-24 0.0
-36 0.0
-4 0.16568794057982913
-16 0.004248408732816132
-28 0.0
-29 0.16568794057982913
-17 0.0
-5 0.004248408732816132
-8 0.16568794057982913
-20 0.0
-32 0.0
0 0.161439531847013
-12 0.0
-24 0.0
-2 0.1571911231141969
-14 0.004248408732816132
-26 0.0
-5 0.15294271438138074
-17 0.0
-29 0.0
5 0.1571911231141969
-7 0.004248408732816132
-19 0.0
4 0.15294271438138074
-8 0.004248408732816132
-20 0.0
0 0.161439531847013
-12 0.0
-24 0.0
8 0.14869430564856462
-4 0.0
-16 0.0
-17 0.15294271438138074
-5 0.0
7 0.004248408732816132
4 0.14019748818293234
-8 0.0
-20 0.0
10 0.14869430564856462
-2 0.004248408732816132
-14 0.0
7 0.14869430564856462
-5 0.0
-17 0.0
12 0.1317006707173001
0 0.008496817465632264
-12 0.0
10 0.1444458969157485
-2 0.0
-14 0.0
16 0.12745226198448395
4 0.004248408732816132
-8 0.0
12 0.14019748818293234
0 0.0
-12 0.0
17 0.1444458969157485
5 0.004248408732816132
-7 0.0
16 0.13594907945011622
4 0.0
-8 0.0
20 0.13594907945011622
8 0.004248408732816132
-4 0.0
17 0.14019748818293234
-7 0.0
5 0.0
22 0.14019748818293234
10 0.004248408732816132
-2 0.0
19 0.1317006707173001
7 0.0
-5 0.0
24 0.1444458969157485
12 0.004248408732816132
0 0.0
22 0.13594907945011622
10 0.0
-2 0.0
4 0.12320385325166783
10 0.004248408732816132
1 0.004248408732816132
25 0.06797453972505811
13 0.004248408732816132
22 0.0
4 0.07222294845787425
10 0.0
0 0.0
24 0.06797453972505811
12 0.008496817465632264
22 0.004248408732816132
14 0.016993634931264528
4 0.06372613099224197
10 0.0
1 0.0
25 0.06797453972505811
13 0.012745226198448395
22 0.012745226198448395
10 0.06372613099224197
0 0.0
4 0.004248408732816132
24 0.055229313526609716
12 0.004248408732816132
22 0.008496817465632264
4 0.0934649921219549
10 0.0
1 0.0
25 0.06372613099224197
22 0.0
13 0.012745226198448395
12 0.161439531847013
0 0.008496817465632264
9 0.004248408732816132
-3 0.0
-12 0.0
1 0.13594907945011622
13 0.0
10 0.004248408732816132
-2 0.0
-11 0.0
4 0.15294271438138074
16 0.004248408732816132
13 0.004248408732816132
1 0.0
-8 0.0
19 0.15294271438138074
16 0.004248408732816132
7 0.004248408732816132
4 0.0
-5 0.0
6 0.1317006707173001
-3 0.0
9 0.0
21 0.0
18 0.004248408732816132
19 0.14869430564856462
7 0.0
-2 0.0
10 0.0
22 0.0
22 0.1444458969157485
10 0.004248408732816132
1 0.0
13 0.0
25 0.0
28 0.16568794057982913
16 0.004248408732816132
13 0.0
4 0.0
25 0.0
31 0.15294271438138074
19 0.0
16 0.0
7 0.0
28 0.004248408732816132
34 0.1741847580454614
22 0.0
19 0.0
10 0.0
31 0.012745226198448395
36 0.16568794057982913
24 0.004248408732816132
21 0.0
12 0.0
33 0.004248408732816132
37 0.22091725410643887
-14 0.0
-23 0.0
-30 0.0
-30 0.0
-14 0.0
-11 0.0
-14 0.0
-23 0.0
-30 0.0
-23 0.0
25 0.004248408732816132
30 0.004248408732816132
34 0.004248408732816132
10 0.004248408732816132
6 0.008496817465632264
1 0.0
13 0.0
-14 0.07222294845787425
-30 0.0
-23 0.0
-21 0.0
24 0.09771340085477104
-23 0.0
12 0.004248408732816132
36 0.0
-14 0.0
-30 0.0
-23 0.0
25 0.004248408732816132
32 0.004248408732816132
0 0.004248408732816132
1 0.004248408732816132
8 0.02549045239689679
-14 0.04248408732816132
-30 0.0
-23 0.0
-21 0.008496817465632264
8 0.06797453972505811
36 0.004248408732816132
1 0.0
12 0.0
24 0.0
-11 0.0
-30 0.0
-23 0.0
-11 0.0
0 0.012745226198448395
32 0.0
-23 0.012745226198448395
-11 0.055229313526609716
-30 0.0
-23 0.0
-21 0.04248408732816132
10 0.02549045239689679
6 0.0
22 0.008496817465632264
34 0.0
1 0.0
-2 0.0
-11 0.0
-30 0.0
-23 0.0
-30 0.0
30 0.004248408732816132
25 0.0
24 0.016993634931264528
-23 0.04248408732816132
-14 0.012745226198448395
-18 0.0
-23 0.0
-14 0.0
-18 0.0
-26 0.0
-11 0.004248408732816132
-30 0.0
-23 0.0
34 0.07222294845787425
10 0.0
-14 0.0
-11 0.0
-30 0.0
-23 0.0
-30 0.0
-14 0.0
-23 0.0
-18 0.0
-14 0.0
-18 0.0
-26 0.0
22 0.004248408732816132
1 0.0
6 0.0
25 0.004248408732816132
30 0.0
-21 0.0
-2 0.004248408732816132
-14 0.06372613099224197
-11 0.0
-30 0.0
-23 0.0
-23 0.029738861129712923
5 0.04248408732816132
1 0.008496817465632264
8 0.0
20 0.0
32 0.0
-14 0.0
-11 0.0
-30 0.0
-23 0.0
29 0.004248408732816132
25 0.004248408732816132
-4 0.0
-21 0.038235678595345185
-14 0.02549045239689679
-11 0.0
-30 0.0
-23 0.0
1 0.06372613099224197
8 0.008496817465632264
-23 0.0
32 0.004248408732816132
-14 0.0
-6 0.0
-14 0.0
-30 0.0
-23 0.0
-6 0.0
20 0.008496817465632264
5 0.0
29 0.004248408732816132
25 0.012745226198448395
-14 0.04673249606097745
-6 0.0
-14 0.0
-30 0.0
-23 0.0
-21 0.02124204366408066
30 0.055229313526609716
-14 0.0
-6 0.0
-14 0.0
-30 0.0
-23 0.0
-30 0.0
18 0.012745226198448395
6 0.0
22 0.004248408732816132
-2 0.0
3 0.0
27 0.0
-6 0.008496817465632264
-23 0.016993634931264528
-6 0.038235678595345185
-14 0.0
-30 0.0
-23 0.0
-11 0.0
-14 0.0
-18 0.0
-11 0.0
-14 0.0
-18 0.0
-14 0.004248408732816132
-21 0.055229313526609716
6 0.02124204366408066
-6 0.0
30 0.004248408732816132
-2 0.0
-11 0.0
-6 0.0
-14 0.0
-30 0.0
-23 0.0
-30 0.0
-11 0.0
-14 0.0
-18 0.0
-11 0.0
-14 0.0
-18 0.0
18 0.004248408732816132
22 0.008496817465632264
3 0.0
-11 0.059477722259425846
-6 0.0
-14 0.0
-30 0.0
-23 0.0
-23 0.0
-2 0.07222294845787425
1 0.0
29 0.004248408732816132
-11 0.0
-6 0.0
-14 0.0
-30 0.0
-23 0.0
22 0.004248408732816132
17 0.0
5 0.0
25 0.004248408732816132
-7 0.008496817465632264
-21 0.004248408732816132
-11 0.055229313526609716
-6 0.0
-14 0.0
-30 0.0
-23 0.0
-23 0.04248408732816132
-2 0.02549045239689679
5 0.004248408732816132
1 0.0
29 0.008496817465632264
17 0.0
-11 0.0
-2 0.0
-14 0.0
-30 0.0
-23 0.0
-2 0.0
25 0.004248408732816132
-7 0.004248408732816132
22 0.0
-21 0.05098090479379358
-11 0.012745226198448395
-2 0.0
-14 0.0
-30 0.0
-23 0.0
-2 0.07222294845787425
27 0.004248408732816132
-9 0.0
-11 0.0
-2 0.0
-14 0.0
-30 0.0
-23 0.0
-30 0.0
15 0.004248408732816132
22 0.0
3 0.0
-6 0.0
18 0.004248408732816132
-23 0.0
-6 0.02549045239689679
-11 0.0
-14 0.0
-6 0.0
-11 0.0
-14 0.0
-2 0.04673249606097745
-14 0.0
-30 0.0
-23 0.0
-21 0.02549045239689679
15 0.055229313526609716
18 0.0
27 0.0
22 0.0
-2 0.0
-6 0.0
-2 0.0
-14 0.0
-30 0.0
-23 0.0
-30 0.0
-6 0.0
-11 0.0
-14 0.0
-6 0.0
-11 0.0
-14 0.0
3 0.004248408732816132
-6 0.0
-9 0.004248408732816132
25 0.008496817465632264
-23 0.02549045239689679
-6 0.029738861129712923
-2 0.008496817465632264
-14 0.0
-30 0.0
-23 0.0
-21 0.059477722259425846
25 0.004248408732816132
-2 0.0
-6 0.0
-2 0.0
-14 0.0
-30 0.0
-23 0.0
13 0.004248408732816132
-6 0.0
22 0.004248408732816132
18 0.0
1 0.004248408732816132
-11 0.004248408732816132
-6 0.055229313526609716
-2 0.0
-14 0.0
-30 0.0
-23 0.0
-23 0.02124204366408066
25 0.05098090479379358
-6 0.0
1 0.0
-6 0.0
1 0.0
-6 0.0
-30 0.0
-23 0.0
1 0.0
13 0.008496817465632264
-11 0.0
-2 0.0
18 0.008496817465632264
22 0.008496817465632264
-21 0.02124204366408066
-6 0.029738861129712923
1 0.0
-6 0.0
-30 0.0
-23 0.0
-23 0.06797453972505811
-6 0.008496817465632264
22 0.004248408732816132
10 0.0
-2 0.0
-6 0.0
1 0.0
-6 0.0
-30 0.0
-23 0.0
-30 0.0
13 0.004248408732816132
18 0.004248408732816132
-11 0.0
-14 0.004248408732816132
-6 0.06797453972505811
1 0.0
-6 0.0
-30 0.0
-23 0.0
-14 0.0
-6 0.0
-11 0.0
-2 0.0
-6 0.0
-11 0.0
-21 0.004248408732816132
-11 0.06797453972505811
-2 0.004248408732816132
-14 0.0
10 0.004248408732816132
-6 0.0
22 0.004248408732816132
-2 0.0
-14 0.0
1 0.0
-6 0.0
-30 0.0
-23 0.0
-30 0.0
1 0.0
-2 0.0
-6 0.0
-11 0.0
-2 0.0
-6 0.0
-11 0.0
13 0.004248408732816132
18 0.0
-23 0.012745226198448395
-2 0.08921658338913876
-14 0.0
-21 0.008496817465632264
-2 0.02124204366408066
3 0.0
18 0.0
13 0.0
10 0.0
6 0.0
6 0.0
-2 0.0
-6 0.016993634931264528
1 0.008496817465632264
-23 0.05098090479379358
-2 0.004248408732816132
-14 0.0
6 0.04248408732816132
-2 0.0
-6 0.004248408732816132
-2 0.004248408732816132
15 0.004248408732816132
1 0.004248408732816132
-11 0.0
6 0.0
10 0.012745226198448395
-21 0.02124204366408066
-2 0.012745226198448395
-14 0.0
6 0.059477722259425846
-2 0.0
-23 0.02549045239689679
-6 0.02549045239689679
-2 0.0
13 0.0
6 0.0
-2 0.0
-14 0.0
10 0.012745226198448395
-11 0.0
-14 0.008496817465632264
6 0.05098090479379358
-2 0.0
-21 0.0
-2 0.02549045239689679
-14 0.0
-23 0.07222294845787425
-6 0.012745226198448395
-2 0.0
1 0.0
-14 0.004248408732816132
-18 0.004248408732816132
10 0.004248408732816132
6 0.0
10 0.0
1 0.0
-2 0.0
-11 0.0
-30 0.0
10 0.0
6 0.0
10 0.0
6 0.0
-2 0.0
-6 0.0
-14 0.0
-18 0.0
-2 0.0
-6 0.0
-11 0.0
-14 0.0
-2 0.0
-6 0.0
-14 0.0
-18 0.0
-11 0.008496817465632264
-21 0.06372613099224197
10 0.016993634931264528
13 0.0
-2 0.0
-11 0.0
-23 0.0807197659235065
-14 0.008496817465632264
-21 0.0
-18 0.0
6 0.0
1 0.0
-2 0.0
-9 0.0
13 0.0
1 0.0
-11 0.0
-11 0.0
-30 0.0
-30 0.0
13 0.0
10 0.0
13 0.0
10 0.0
1 0.0
-2 0.0
-11 0.0
-23 0.0
-2 0.0
-6 0.0
-11 0.0
-14 0.0
1 0.0
-2 0.0
-11 0.0
-14 0.0
-21 0.08921658338913876
13 0.008496817465632264
-11 0.0
1 0.0
-23 0.08921658338913876
-11 0.004248408732816132
-14 0.0
-18 0.0
-23 0.004248408732816132
1 0.0
18 0.0
6 0.0
-30 0.0
18 0.0
13 0.0
6 0.0
1 0.0
-6 0.0
-26 0.0
-2 0.0
-6 0.0
-11 0.0
-14 0.0
6 0.0
1 0.0
-6 0.0
-11 0.0
-6 0.004248408732816132
-2 0.012745226198448395
-21 0.07222294845787425
18 0.029738861129712923
6 0.0
-23 0.06797453972505811
-12 0.0
-2 0.05098090479379358
22 0.0
10 0.0
1 0.0
-6 0.0
-14 0.0
-30 0.0
22 0.0
18 0.0
10 0.0
6 0.0
-2 0.0
-30 0.0
1 0.0
-2 0.0
-18 0.0
10 0.0
6 0.0
-2 0.0
-6 0.0
-14 0.012745226198448395
-11 0.0
-26 0.004248408732816132
-6 0.0
-4 0.1317006707173001
-16 0.0
-6 0.07647135719069037
-18 0.0
-7 0.07222294845787425
-19 0.0
-9 0.06797453972505811
-21 0.0
-11 0.07222294845787425
-23 0.0
-13 0.059477722259425846
-25 0.0
-14 0.07647135719069037
-26 0.0
-16 0.07647135719069037
-28 0.0
-18 0.06797453972505811
-30 0.0
-19 0.07222294845787425
-31 0.0
-21 0.07222294845787425
-33 0.0
-23 0.07222294845787425
-35 0.0
-25 0.07222294845787425
-26 0.07647135719069037
-28 0.07222294845787425
-30 0.07647135719069037
-31 0.08921658338913876
-33 0.059477722259425846
-35 0.07222294845787425
-37 0.07222294845787425
-38 0.0807197659235065
-26 0.12745226198448395
-23 0.08921658338913876
-31 0.008496817465632264
-20 0.07647135719069037
-17 0.07647135719069037
-23 0.016993634931264528
-26 0.008496817465632264
-14 0.07222294845787425
-19 0.08496817465632264
-11 0.012745226198448395
-8 0.09771340085477104
-11 0.07647135719069037
-5 0.004248408732816132
-14 0.0
-2 0.0934649921219549
-7 0.05098090479379358
1 0.033987269862529056
4 0.07647135719069037
7 0.059477722259425846
-2 0.02549045239689679
1 0.004248408732816132
10 0.06797453972505811
13 0.06372613099224197
5 0.004248408732816132
16 0.05098090479379358
17 0.07222294845787425
25 0.12745226198448395
0 1.193802853921333
24 0.0
-7 0.0
8 0.0
17 0.0
-12 0.0
-4 0.0
0 0.0
-24 0.0
-16 0.0
-7 0.0
24 0.04248408732816132
24 0.0
5 0.0
12 0.0
8 0.0
8 0.0
5 0.0
-12 0.0
-24 0.0
0 0.0
-12 0.0
12 0.0
-7 0.0
-4 0.0
-7 0.0
-16 0.0
-24 0.0
-24 0.0
12 0.008496817465632264
17 0.004248408732816132
20 0.004248408732816132
0 0.004248408732816132
-4 0.004248408732816132
-7 0.0
-12 0.0
0 0.7604651631740876
24 0.0
7 0.0
16 0.0
-12 0.0
-5 0.0
0 0.0
-24 0.0
-17 0.0
-8 0.0
0 0.04248408732816132
-32 0.0
24 0.0
4 0.0
12 0.0
7 0.0
7 0.0
4 0.0
-12 0.0
-24 0.0
0 0.0
-12 0.0
12 0.0
-8 0.0
-5 0.0
-8 0.0
-17 0.0
-24 0.0
-24 0.0
-12 0.004248408732816132
-8 0.004248408732816132
-29 0.0
-5 0.008496817465632264
-24 0.0
-36 0.004248408732816132
17 1.9117839297672594
12 0.0
8 0.0
5 0.0
-7 0.0
-12 0.0
-16 0.0
-24 0.0
-31 0.0
5 0.0
17 0.0
12 0.0
8 0.0
5 0.0
17 0.0
-12 0.0
-31 0.0
0 0.0
-12 0.0
5 0.0
-7 0.0
-4 0.0
-19 0.0
-31 0.0
-19 0.0
0 0.518305865403568
5 0.0
8 0.0
-7 0.0
-4 0.0
0 0.225165662839255
5 0.0
8 0.0
-7 0.0
-4 0.0
0 0.2549045239689679
5 0.0
8 0.0
-7 0.0
-4 0.0
0 0.4800701868082229
5 0.0
8 0.0
-7 0.0
-4 0.0
0 0.24215929777051953
5 0.0
8 0.0
-7 0.0
-4 0.0
0 0.24640770650333566
5 0.0
8 0.0
-7 0.0
-4 0.0
0 0.5013122304723036
5 0.0
8 0.0
-7 0.0
-4 0.0
0 0.21666884537362274
5 0.0
8 0.0
-7 0.0
-4 0.0
0 0.24640770650333566
5 0.0
8 0.0
-7 0.0
-4 0.0
0 0.4928154130066713
5 0.0
8 0.0
-7 0.0
-4 0.0
0 0.21666884537362274
5 0.0
8 0.0
-7 0.0
-4 0.0
17 0.288891793831497
0 0.0
8 0.0
5 0.0
-4 0.0
-7 0.0
8 0.012745226198448395
5 0.008496817465632264
0 0.004248408732816132
-7 0.004248408732816132
8 0.16993634931264529
-12 0.4673249606097745
-5 0.004248408732816132
12 0.02124204366408066
7 0.008496817465632264
2 0.0
0 0.0
7 0.0
4 0.0
-5 0.0
-12 0.0
12 0.1062102183204033
4 0.012745226198448395
17 0.13594907945011622
0 0.0
8 0.0
5 0.0
-4 0.0
-7 0.0
8 0.008496817465632264
0 0.0
5 0.004248408732816132
-7 0.033987269862529056
-5 0.6202676749911553
7 0.012745226198448395
12 0.004248408732816132
2 0.008496817465632264
0 0.016993634931264528
7 0.0
4 0.0
-5 0.0
-12 0.0
12 0.09771340085477104
4 0.004248408732816132
17 0.1444458969157485
0 0.0
8 0.0
5 0.0
-4 0.0
-7 0.0
8 0.008496817465632264
0 0.012745226198448395
5 0.0
-7 0.02124204366408066
12 0.11045862705321943
4 0.0934649921219549
12 0.06372613099224197
17 0.14869430564856462
0 0.0
8 0.0
5 0.0
-4 0.0
-7 0.0
0 0.008496817465632264
8 0.008496817465632264
5 0.0
-7 0.016993634931264528
12 0.11470703578603557
4 0.07222294845787425
0 0.004248408732816132
7 0.0
4 0.0
-5 0.0
-12 0.0
12 0.0807197659235065
0 0.1062102183204033
5 0.008496817465632264
-7 0.02549045239689679
17 0.008496817465632264
0 0.0
8 0.0
-4 0.0
-7 0.0
8 0.008496817465632264
12 0.12745226198448395
4 0.038235678595345185
7 0.008496817465632264
12 0.0934649921219549
17 0.14019748818293234
0 0.0
8 0.0
5 0.0
-4 0.0
-7 0.0
0 0.008496817465632264
8 0.004248408732816132
5 0.004248408732816132
-7 0.012745226198448395
12 0.1317006707173001
12 0.13594907945011622
-12 0.161439531847013
7 0.004248408732816132
19 0.0
-5 0.0
0 0.0
7 0.0
3 0.0
-5 0.0
-12 0.0
3 0.012745226198448395
12 0.15294271438138074
12 0.1317006707173001
0 0.1444458969157485
24 0.016993634931264528
12 0.012745226198448395
0 0.1062102183204033
-5 0.1571911231141969
7 0.14869430564856462
12 0.16993634931264529
12 0.14019748818293234
17 0.14019748818293234
0 0.0
5 0.0
2 0.0
-7 0.0
-10 0.0
2 0.008496817465632264
8 0.0
0 0.008496817465632264
-7 0.0
12 0.13594907945011622
12 0.1317006707173001
-12 0.038235678595345185
-5 0.012745226198448395
3 0.0934649921219549
19 0.004248408732816132
7 0.0
0 0.0
7 0.0
3 0.0
-5 0.0
-12 0.0
12 0.14019748818293234
-5 0.04248408732816132
12 0.1062102183204033
-3 0.06372613099224197
24 0.06797453972505811
0 0.0
-1 0.10196180958758716
0 0.04673249606097745
-5 0.15294271438138074
0 0.029738861129712923
7 0.0934649921219549
2 0.14019748818293234
7 0.012745226198448395
0 0.11895544451885169
3 0.07647135719069037
12 0.06797453972505811
5 0.1444458969157485
12 0.004248408732816132
7 0.11895544451885169
7 0.11895544451885169
7 0.06797453972505811
15 0.0
7 0.0
3 0.0
-5 0.0
-9 0.0
-2 0.0
3 0.012745226198448395
-2 0.004248408732816132
-9 0.004248408732816132
-7 0.6202676749911553
10 0.029738861129712923
5 0.0
0 0.0
5 0.04248408732816132
2 0.0
-7 0.0
-14 0.0
-2 0.0
2 0.008496817465632264
10 0.07647135719069037
15 0.15294271438138074
7 0.0
3 0.0
-5 0.0
-9 0.0
-2 0.0
7 0.004248408732816132
-2 0.02124204366408066
3 0.012745226198448395
-9 0.004248408732816132
0 0.58203199639581
-14 0.008496817465632264
-7 0.0
5 0.0
10 0.004248408732816132
5 0.055229313526609716
2 0.0
-7 0.0
-14 0.0
-2 0.0
10 0.07647135719069037
2 0.0
-2 0.15294271438138074
3 0.0
15 0.008496817465632264
7 0.0
-9 0.0
7 0.0
3 0.0
-5 0.0
-9 0.0
-2 0.0
10 0.14019748818293234
5 0.0807197659235065
2 0.0
10 0.055229313526609716
-2 0.14019748818293234
15 0.008496817465632264
-9 0.0
7 0.0
3 0.0
-5 0.0
-9 0.0
-2 0.0
7 0.004248408732816132
3 0.02124204366408066
10 0.11045862705321943
5 0.06797453972505811
2 0.0
-7 0.0
-14 0.0
-2 0.0
10 0.06372613099224197
-2 0.12745226198448395
15 0.012745226198448395
-9 0.0
7 0.0
3 0.0
-5 0.0
-9 0.0
-2 0.0
3 0.004248408732816132
7 0.0
10 0.14019748818293234
5 0.04673249606097745
3 0.008496817465632264
10 0.07647135719069037
-2 0.1317006707173001
15 0.012745226198448395
3 0.0
-9 0.0
7 0.0
7 0.0
3 0.0
-5 0.0
-9 0.0
-2 0.0
10 0.15294271438138074
7 0.008496817465632264
10 0.10196180958758716
-14 0.15294271438138074
5 0.008496817465632264
17 0.008496817465632264
-7 0.0
1 0.0
5 0.0
1 0.0
-7 0.0
-14 0.0
-2 0.0
10 0.161439531847013
10 0.11045862705321943
-2 0.11470703578603557
22 0.038235678595345185
-2 0.10196180958758716
-7 0.1571911231141969
5 0.13594907945011622
10 0.15294271438138074
10 0.11470703578603557
15 0.1571911231141969
6 0.0
3 0.0
0 0.0
-6 0.0
-9 0.0
-2 0.0
0 0.004248408732816132
-2 0.0
-9 0.008496817465632264
10 0.14019748818293234
10 0.1317006707173001
-14 0.07647135719069037
-7 0.033987269862529056
17 0.033987269862529056
5 0.0
5 0.0
1 0.0
-7 0.0
-14 0.0
-2 0.0
1 0.008496817465632264
-7 0.09771340085477104
10 0.04248408732816132
10 0.11470703578603557
-5 0.06797453972505811
-2 0.06797453972505811
22 0.0
-2 0.1317006707173001
-3 0.02549045239689679
-7 0.12745226198448395
-2 0.09771340085477104
5 0.06797453972505811
5 0.1317006707173001
0 0.004248408732816132
-2 0.14019748818293234
1 0.059477722259425846
10 0.06797453972505811
-14 0.02124204366408066
10 0.12320385325166783
3 0.0
-7 0.07222294845787425
-5 0.004248408732816132
5 0.055229313526609716
5 0.07647135719069037
1 0.059477722259425846
17 0.008496817465632264
17 0.11470703578603557
7 0.012745226198448395
3 0.09771340085477104
-5 0.0
10 0.02124204366408066
8 0.07222294845787425
22 0.06797453972505811
-5 0.0
5 0.0
1 0.0
10 0.0
-5 0.0
5 0.029738861129712923
1 0.0
22 0.11470703578603557
10 0.02124204366408066
7 0.07222294845787425
-2 0.016993634931264528
17 0.04673249606097745
12 0.0934649921219549
29 0.06797453972505811
0 0.0
5 0.0
0 0.0
8 0.0
0 0.0
8 0.004248408732816132
5 0.004248408732816132
19 0.11895544451885169
10 0.07222294845787425
1 0.012745226198448395
17 0.05098090479379358
24 0.161439531847013
12 0.0
-12 0.0
4 0.0
-2 0.0
7 0.0
-12 0.0
7 0.008496817465632264
0 0.0
19 0.0
12 0.1444458969157485
19 0.12745226198448395
17 0.17843316677827753
8 0.0
-7 0.0
5 0.0
-4 0.0
5 0.0
-7 0.0
0 0.012745226198448395
-7 0.004248408732816132
5 0.0
-4 0.3483695160909228
20 0.06797453972505811
3 0.0
-4 0.0
0 0.0
8 0.0
12 0.008496817465632264
8 0.004248408732816132
-4 0.07647135719069037
3 0.05098090479379358
11 0.016993634931264528
-4 0.059477722259425846
12 0.06797453972505811
-4 0.012745226198448395
1 0.06372613099224197
1 0.029738861129712923
13 0.012745226198448395
5 0.0
12 0.11895544451885169
11 0.11895544451885169
-5 0.07647135719069037
19 0.06797453972505811
2 0.0
-5 0.0
-1 0.0
7 0.0
7 0.008496817465632264
-5 0.05098090479379358
10 0.06797453972505811
2 0.033987269862529056
-5 0.04248408732816132
17 0.06372613099224197
11 0.0
-5 0.012745226198448395
0 0.06372613099224197
16 0.06797453972505811
4 0.0
0 0.0
12 0.012745226198448395
4 0.008496817465632264
0 0.012745226198448395
11 0.11045862705321943
10 0.12745226198448395
-6 0.07222294845787425
18 0.06372613099224197
1 0.0
-6 0.0
-2 0.0
6 0.0
6 0.029738861129712923
-6 0.04248408732816132
9 0.06797453972505811
1 0.02549045239689679
-6 0.029738861129712923
10 0.06797453972505811
-6 0.008496817465632264
-1 0.07222294845787425
11 0.06797453972505811
3 0.0
-1 0.0
3 0.012745226198448395
-1 0.012745226198448395
10 0.1062102183204033
9 0.12320385325166783
-7 0.07647135719069037
17 0.06372613099224197
0 0.0
-7 0.0
-3 0.0
5 0.0
5 0.012745226198448395
-7 0.05098090479379358
8 0.06372613099224197
0 0.008496817465632264
-7 0.07647135719069037
15 0.059477722259425846
3 0.0
9 0.004248408732816132
-7 0.008496817465632264
-2 0.059477722259425846
13 0.059477722259425846
1 0.0
-2 0.0
1 0.0
10 0.008496817465632264
1 0.0
-2 0.012745226198448395
9 0.12320385325166783
8 0.1317006707173001
17 0.13594907945011622
12 0.008496817465632264
-7 0.012745226198448395
0 0.0
11 0.09771340085477104
1 0.02124204366408066
10 0.11470703578603557
2 0.008496817465632264
15 0.14019748818293234
10 0.008496817465632264
-5 0.012745226198448395
3 0.033987269862529056
14 0.09771340085477104
13 0.1062102183204033
12 0.12745226198448395
8 0.02124204366408066
3 0.0
-4 0.008496817465632264
7 0.0934649921219549
-5 0.029738861129712923
6 0.1062102183204033
-4 0.016993634931264528
14 0.1444458969157485
5 0.004248408732816132
-3 0.004248408732816132
6 0.12745226198448395
-2 0.004248408732816132
8 0.12745226198448395
-2 0.008496817465632264
6 0.14869430564856462
15 0.0
6 0.0
0 0.0
-9 0.0
-1 0.004248408732816132
-9 0.016993634931264528
8 0.11045862705321943
-2 0.0
9 0.12320385325166783
-3 0.02549045239689679
11 0.11470703578603557
3 0.0
-6 0.0
-9 0.016993634931264528
10 0.11895544451885169
6 0.11895544451885169
-19 0.02124204366408066
-9 0.06372613099224197
-7 0.0
-15 0.0
-19 0.0
13 0.06372613099224197
5 0.0
-3 0.0
-7 0.0
-9 0.012745226198448395
5 0.004248408732816132
-7 0.05098090479379358
-8 0.06797453972505811
-7 0.06372613099224197
12 0.06797453972505811
3 0.02124204366408066
-7 0.004248408732816132
-2 0.055229313526609716
-11 0.0
-19 0.0
-26 0.0
10 0.06797453972505811
1 0.0
-14 0.02124204366408066
-6 0.11470703578603557
-5 0.12745226198448395
3 0.029738861129712923
-8 0.06797453972505811
-16 0.0
-23 0.0
-4 0.06372613099224197
13 0.004248408732816132
4 0.0
-3 0.0
-11 0.0
4 0.012745226198448395
-11 0.02549045239689679
-3 0.0934649921219549
6 0.012745226198448395
8 0.12745226198448395
-4 0.004248408732816132
9 0.12320385325166783
1 0.0
-8 0.0
-8 0.004248408732816132
8 0.12320385325166783
-11 0.016993634931264528
4 0.11045862705321943
-21 0.02124204366408066
-9 0.07222294845787425
-11 0.0
-17 0.0
3 0.038235678595345185
-5 0.0
-9 0.0
12 0.02549045239689679
-11 0.012745226198448395
3 0.008496817465632264
-9 0.06797453972505811
-10 0.06797453972505811
-9 0.055229313526609716
10 0.06372613099224197
1 0.008496817465632264
-9 0.012745226198448395
-21 0.012745226198448395
-4 0.04248408732816132
-12 0.0
-21 0.0
-28 0.0
8 0.06797453972505811
0 0.012745226198448395
-16 0.012745226198448395
-7 0.11895544451885169
-6 0.1444458969157485
3 0.008496817465632264
-9 0.07222294845787425
-17 0.0
-24 0.0
12 0.06797453972505811
7 0.008496817465632264
-5 0.004248408732816132
-12 0.0
6 0.12320385325166783
5 0.1317006707173001
10 0.1444458969157485
-4 0.02124204366408066
5 0.0
-10 0.0
9 0.12320385325166783
-3 0.008496817465632264
8 0.13594907945011622
-2 0.0
7 0.14869430564856462
-2 0.004248408732816132
5 0.004248408732816132
-9 0.0
4 0.12320385325166783
3 0.1317006707173001
5 0.14019748818293234
2 0.008496817465632264
-7 0.004248408732816132
1 0.11470703578603557
-3 0.012745226198448395
0 0.11470703578603557
-4 0.029738861129712923
3 0.12320385325166783
-1 0.004248408732816132
-5 0.02124204366408066
-2 0.08496817465632264
-3 0.1444458969157485
2 0.16993634931264529
-6 0.02124204366408066
-15 0.004248408732816132
-12 0.012745226198448395
-8 0.08921658338913876
-9 0.13594907945011622
0 0.1869299842439098
-34 0.0
-6 0.0
-10 0.0
-15 0.0
-22 0.0
0 0.0
-12 0.0
-6 0.004248408732816132
-10 0.012745226198448395
-15 0.008496817465632264
-12 0.012745226198448395
-3 0.3696115597550035
-3 0.11470703578603557
-10 0.14019748818293234
2 0.12745226198448395
2 0.14019748818293234
0 0.12745226198448395
9 0.1317006707173001
-39 0.0
0 0.016993634931264528
-3 0.008496817465632264
3 0.1062102183204033
-5 0.02124204366408066
-6 0.10196180958758716
2 0.004248408732816132
6 0.14019748818293234
-34 0.0
-3 0.004248408732816132
-10 0.02124204366408066
2 0.11045862705321943
0 0.11895544451885169
2 0.1317006707173001
-3 0.11895544451885169
2 0.14019748818293234
9 0.12745226198448395
7 0.12745226198448395
6 0.10196180958758716
15 0.1444458969157485
12 0.0
-39 0.0
7 0.1062102183204033
10 0.016993634931264528
6 0.1062102183204033
9 0.004248408732816132
2 0.14869430564856462
-34 0.0
10 0.11470703578603557
9 0.1062102183204033
21 0.14869430564856462
14 0.008496817465632264
10 0.11470703578603557
9 0.11045862705321943
2 0.10196180958758716
-5 0.0
-9 0.0
-14 0.0
10 0.14019748818293234
9 0.1062102183204033
21 0.14869430564856462
15 0.0
19 0.02124204366408066
10 0.11470703578603557
9 0.1062102183204033
2 0.11895544451885169
-6 0.0
-10 0.0
-15 0.0
10 0.11470703578603557
9 0.1062102183204033
33 0.16568794057982913
26 0.004248408732816132
10 0.11045862705321943
9 0.0807197659235065
2 0.15294271438138074
-5 0.0
-9 0.0
-14 0.0
10 0.10196180958758716
9 0.11045862705321943
33 0.11895544451885169
27 0.008496817465632264
19 0.008496817465632264
10 0.11895544451885169
9 0.0934649921219549
2 0.13594907945011622
-6 0.0
-10 0.0
-15 0.0
10 0.11895544451885169
9 0.1062102183204033
15 0.13594907945011622
3 0.004248408732816132
6 0.012745226198448395
10 0.11045862705321943
7 0.06797453972505811
10 0.059477722259425846
16 0.12320385325166783
7 0.004248408732816132
4 0.0
11 0.12320385325166783
8 0.05098090479379358
11 0.07222294845787425
8 0.11045862705321943
17 0.016993634931264528
5 0.004248408732816132
12 0.1062102183204033
9 0.08496817465632264
12 0.05098090479379358
18 0.11470703578603557
9 0.004248408732816132
6 0.008496817465632264
13 0.12320385325166783
10 0.04673249606097745
13 0.07222294845787425
7 0.1062102183204033
10 0.0
19 0.02549045239689679
14 0.11470703578603557
11 0.016993634931264528
14 0.1062102183204033
8 0.10196180958758716
11 0.0
20 0.02124204366408066
15 0.12745226198448395
12 0.038235678595345185
15 0.07647135719069037
21 0.12320385325166783
12 0.012745226198448395
9 0.008496817465632264
16 0.10196180958758716
13 0.06797453972505811
16 0.055229313526609716
-10 0.059477722259425846
9 0.06797453972505811
2 0.004248408732816132
26 0.12320385325166783
14 0.05098090479379358
-8 0.10196180958758716
18 0.04248408732816132
9 0.004248408732816132
21 0.12320385325166783
13 0.004248408732816132
14 0.11045862705321943
-6 0.06372613099224197
9 0.06372613099224197
2 0.012745226198448395
26 0.11470703578603557
18 0.008496817465632264
14 0.11470703578603557
-5 0.05098090479379358
18 0.07222294845787425
9 0.004248408732816132
21 0.12320385325166783
13 0.004248408732816132
14 0.11045862705321943
-3 0.05098090479379358
9 0.06797453972505811
2 0.004248408732816132
26 0.11895544451885169
18 0.004248408732816132
14 0.11045862705321943
-2 0.04673249606097745
18 0.06372613099224197
9 0.012745226198448395
13 0.11470703578603557
0 0.0
14 0.12745226198448395
2 0.06797453972505811
2 0.06797453972505811
4 0.3186306549612099
-24 0.0
28 0.06797453972505811
16 0.004248408732816132
0 0.0
-5 0.0
-12 0.004248408732816132
22 0.0
5 0.322879063694026
-23 0.0
29 0.06797453972505811
5 0.0
-4 0.0
-7 0.0
-16 0.0
5 0.008496817465632264
17 0.0
20 0.0
-4 0.004248408732816132
-7 0.008496817465632264
24 0.5352995003348326
-7 0.0
0 0.004248408732816132
24 0.08921658338913876
29 0.12745226198448395
20 0.008496817465632264
17 0.0
-4 0.004248408732816132
5 0.0
-7 0.008496817465632264
-7 0.4673249606097745
-12 0.008496817465632264
0 0.0
24 0.004248408732816132
24 0.0934649921219549
-4 0.10196180958758716
5 0.004248408732816132
-7 0.008496817465632264
29 0.008496817465632264
17 0.004248408732816132
24 0.11895544451885169
0 0.04248408732816132
7 0.0
24 0.06372613099224197
-4 0.10196180958758716
5 0.0
29 0.012745226198448395
17 0.008496817465632264
-7 0.008496817465632264
24 0.10196180958758716
7 0.06797453972505811
0 0.0
24 0.04248408732816132
5 0.11895544451885169
29 0.004248408732816132
-4 0.004248408732816132
17 0.004248408732816132
-7 0.0
24 0.1062102183204033
7 0.0807197659235065
0 0.0
24 0.033987269862529056
5 0.11470703578603557
29 0.004248408732816132
-4 0.0
17 0.008496817465632264
-7 0.004248408732816132
24 0.11470703578603557
24 0.10196180958758716
-12 0.05098090479379358
-24 0.0
-12 0.012745226198448395
-5 0.012745226198448395
31 0.04248408732816132
7 0.0
0 0.0
7 0.0
0 0.0
-5 0.0
-12 0.0
-5 0.0
-12 0.0
19 0.004248408732816132
3 0.02124204366408066
24 0.08921658338913876
24 0.11045862705321943
-10 0.06372613099224197
36 0.06372613099224197
12 0.0
24 0.016993634931264528
24 0.09771340085477104
24 0.1062102183204033
-9 0.04673249606097745
7 0.04673249606097745
31 0.02124204366408066
31 0.11895544451885169
19 0.0
19 0.08921658338913876
-7 0.07222294845787425
0 0.04248408732816132
24 0.02124204366408066
19 0.0807197659235065
-5 0.06372613099224197
14 0.038235678595345185
15 0.008496817465632264
12 0.06372613099224197
-5 0.012745226198448395
19 0.06797453972505811
-12 0.0
12 0.09771340085477104
14 0.0
-17 0.06797453972505811
8 0.004248408732816132
7 0.08921658338913876
-3 0.02549045239689679
-24 0.06797453972505811
12 0.0
7 0.09771340085477104
-1 0.008496817465632264
-29 0.07222294845787425
0 0.02549045239689679
0 0.07647135719069037
-24 0.06797453972505811
-36 0.0
-26 0.2634013414346002
2 0.004248408732816132
-2 0.05098090479379358
-7 0.0
-14 0.004248408732816132
2 0.008496817465632264
3 0.055229313526609716
5 0.05098090479379358
7 0.029738861129712923
8 0.02549045239689679
10 0.02124204366408066
12 0.029738861129712923
14 0.02124204366408066
15 0.02549045239689679
17 0.016993634931264528
19 0.02124204366408066
20 0.02549045239689679
22 0.016993634931264528
24 0.02549045239689679
3 0.0
-25 0.0
27 0.06797453972505811
-6 0.0
3 0.0
-9 0.0
-18 0.0
3 0.012745226198448395
-6 0.004248408732816132
-9 0.008496817465632264
-9 0.518305865403568
22 0.004248408732816132
-2 0.004248408732816132
22 0.09771340085477104
27 0.12745226198448395
15 0.004248408732816132
-6 0.008496817465632264
3 0.008496817465632264
-9 0.004248408732816132
15 0.1571911231141969
22 0.33987269862529057
-9 0.0
-2 0.0
-14 0.016993634931264528
22 0.08921658338913876
-6 0.1062102183204033
3 0.008496817465632264
27 0.0
15 0.004248408732816132
-9 0.0
22 0.12320385325166783
-2 0.05098090479379358
5 0.012745226198448395
22 0.04248408732816132
27 0.11470703578603557
3 0.0
15 0.004248408732816132
-6 0.0
-9 0.008496817465632264
22 0.09771340085477104
-2 0.07647135719069037
5 0.004248408732816132
22 0.02549045239689679
27 0.11895544451885169
3 0.004248408732816132
15 0.004248408732816132
-9 0.008496817465632264
-6 0.008496817465632264
22 0.09771340085477104
-2 0.07647135719069037
5 0.012745226198448395
22 0.02124204366408066
27 0.11045862705321943
15 0.012745226198448395
22 0.11045862705321943
22 0.08496817465632264
-14 0.0807197659235065
-26 0.0
-14 0.04248408732816132
-7 0.02124204366408066
29 0.004248408732816132
5 0.0
-2 0.0
-7 0.0
-14 0.0
17 0.004248408732816132
1 0.038235678595345185
22 0.08921658338913876
22 0.11045862705321943
-12 0.06797453972505811
34 0.06797453972505811
22 0.012745226198448395
10 0.0
22 0.11470703578603557
22 0.0934649921219549
-11 0.055229313526609716
29 0.06797453972505811
5 0.004248408732816132
29 0.11895544451885169
17 0.012745226198448395
17 0.07222294845787425
-9 0.0807197659235065
-2 0.05098090479379358
24 0.008496817465632264
22 0.008496817465632264
17 0.07222294845787425
-7 0.06797453972505811
12 0.02124204366408066
10 0.0807197659235065
-7 0.033987269862529056
-14 0.055229313526609716
17 0.012745226198448395
10 0.0934649921219549
12 0.008496817465632264
-19 0.05098090479379358
6 0.033987269862529056
5 0.07647135719069037
-5 0.029738861129712923
10 0.06372613099224197
-26 0.008496817465632264
-3 0.0807197659235065
5 0.02124204366408066
-31 0.04248408732816132
-2 0.04673249606097745
-2 0.05098090479379358
-38 0.06797453972505811
0 0.259152932701784
-28 0.0
-28 0.0
24 0.06797453972505811
12 0.004248408732816132
18 0.0
-16 0.016993634931264528
-9 0.0
-4 0.012745226198448395
1 0.2931402025643131
-27 0.0
-27 0.0
25 0.06797453972505811
1 0.0
-8 0.0
-11 0.0
-20 0.0
13 0.004248408732816132
16 0.004248408732816132
1 0.004248408732816132
-8 0.0
-11 0.008496817465632264
20 0.49706382173948743
-4 0.016993634931264528
20 0.0807197659235065
-4 0.02124204366408066
-28 0.033987269862529056
-28 0.0
27 0.06372613099224197
15 0.0
3 0.0
-4 0.0
-9 0.0
-16 0.0
-9 0.008496817465632264
3 0.0
20 0.1062102183204033
20 0.1062102183204033
-30 0.059477722259425846
-30 0.0
32 0.06797453972505811
8 0.0
0 0.004248408732816132
-4 0.004248408732816132
20 0.1062102183204033
20 0.1062102183204033
-28 0.0807197659235065
-28 0.0
24 0.06797453972505811
0 0.0
-9 0.0
-12 0.0
-21 0.0
12 0.004248408732816132
15 0.0
-9 0.02124204366408066
0 0.0
-12 0.0
15 0.0934649921219549
-5 0.39085360341908415
19 0.012745226198448395
-5 0.08496817465632264
19 0.004248408732816132
-29 0.05098090479379358
-29 0.0
26 0.06372613099224197
2 0.0
-5 0.0
-10 0.0
-17 0.0
14 0.008496817465632264
-10 0.008496817465632264
2 0.012745226198448395
3 0.0
19 0.08921658338913876
19 0.10196180958758716
-31 0.055229313526609716
-31 0.0
-1 0.059477722259425846
7 0.0
31 0.004248408732816132
-5 0.0
19 0.12320385325166783
19 0.08496817465632264
-30 0.0807197659235065
-30 0.0
22 0.06797453972505811
-2 0.0
-11 0.0
-14 0.0
-23 0.0
10 0.004248408732816132
13 0.0
-11 0.012745226198448395
-2 0.004248408732816132
-14 0.004248408732816132
17 0.4673249606097745
-7 0.0
17 0.0934649921219549
-7 0.0
-31 0.04248408732816132
24 0.06797453972505811
0 0.0
-7 0.0
-12 0.0
-19 0.0
12 0.004248408732816132
0 0.012745226198448395
-12 0.004248408732816132
17 0.0934649921219549
17 0.11470703578603557
12 0.04248408732816132
8 0.0
0 0.0
-4 0.0
-21 0.0
-33 0.0
5 0.06797453972505811
29 0.0
-4 0.0
12 0.0
8 0.0
12 0.0
8 0.0
0 0.0
-21 0.0
-33 0.0
0 0.0
-4 0.0
-12 0.0
-7 0.008496817465632264
17 0.11895544451885169
17 0.08921658338913876
10 0.06372613099224197
7 0.0
0 0.0
-2 0.0
-20 0.0
-32 0.0
19 0.06797453972505811
10 0.0
7 0.0
10 0.0
7 0.0
0 0.0
-20 0.0
-32 0.0
-2 0.0
-5 0.0
-12 0.0
-17 0.012745226198448395
-5 0.0
5 0.09771340085477104
8 0.0
0 0.0
-19 0.0
-31 0.0
8 0.06797453972505811
5 0.0
8 0.0
5 0.0
0 0.0
-19 0.0
-31 0.0
-4 0.0
-7 0.0
-12 0.0
7 0.1062102183204033
3 0.0
-2 0.0
-17 0.0
-29 0.0
7 0.06797453972505811
3 0.0
7 0.0
3 0.0
-2 0.0
-17 0.0
-29 0.0
-5 0.0
-9 0.0
-14 0.0
5 0.11045862705321943
0 0.0
-4 0.0
-16 0.0
-28 0.0
5 0.06797453972505811
0 0.0
5 0.0
0 0.0
-4 0.0
-16 0.0
-28 0.0
-7 0.0
-12 0.0
-16 0.0
3 0.11045862705321943
-2 0.0
-5 0.0
-14 0.0
-26 0.0
7 0.06797453972505811
3 0.0
-2 0.0
3 0.0
-2 0.0
-5 0.0
-14 0.0
-26 0.0
-9 0.0
-14 0.0
-17 0.0
-17 0.0
-5 0.008496817465632264
-17 0.012745226198448395
2 0.2634013414346002
-7 0.0
-5 0.0
-13 0.0
-25 0.0
2 0.06797453972505811
2 0.0
-5 0.0
-7 0.0
-13 0.0
-25 0.0
-7 0.0
-10 0.0
-17 0.0
-17 0.0
0 0.28464338509868087
-5 0.0
-9 0.0
-12 0.0
-17 0.0
-24 0.0
0 0.06797453972505811
0 0.0
-5 0.0
-9 0.0
-12 0.0
-24 0.0
-9 0.0
-12 0.0
-24 0.0
-17 0.0
-24 0.0
-13 0.3058854287627615
-5 0.008496817465632264
-17 0.004248408732816132
-9 0.0
-3 0.15294271438138074
-12 0.012745226198448395
-9 0.0
-29 0.004248408732816132
-3 0.14869430564856462
-12 0.004248408732816132
-9 0.0
-1 0.15294271438138074
-10 0.008496817465632264
-29 0.0
-7 0.012745226198448395
-1 0.13594907945011622
-10 0.008496817465632264
-30 0.0
-7 0.004248408732816132
-29 0.033987269862529056
0 0.11470703578603557
-36 0.0
-9 0.008496817465632264
-5 0.0
0 0.10196180958758716
-5 0.0
-9 0.0
-12 0.0
-17 0.0
-24 0.0
0 0.06797453972505811
-24 0.0
-9 0.004248408732816132
-5 0.004248408732816132
-29 0.0
-36 0.004248408732816132
-24 0.1571911231141969
-5 0.161439531847013
-13 0.008496817465632264
-17 0.008496817465632264
-9 0.004248408732816132
-3 0.12745226198448395
-29 0.008496817465632264
-12 0.004248408732816132
-9 0.0
-3 0.14869430564856462
-12 0.004248408732816132
-21 0.0
-29 0.15294271438138074
-1 0.008496817465632264
-10 0.0
-7 0.012745226198448395
-29 0.1444458969157485
-1 0.004248408732816132
-10 0.0
0 0.1444458969157485
-36 0.0
-9 0.0
-5 0.004248408732816132
0 0.11470703578603557
-5 0.0
-9 0.0
-12 0.0
-17 0.0
-24 0.0
0 0.06797453972505811
-24 0.0
-9 0.004248408732816132
-5 0.0
-29 0.004248408732816132
-36 0.0
-24 0.1444458969157485
0 0.16993634931264529
-17 0.0
-9 0.004248408732816132
-5 0.008496817465632264
-29 0.1317006707173001
2 0.016993634931264528
-7 0.004248408732816132
0 0.09771340085477104
-5 0.0
-9 0.0
-12 0.0
-17 0.0
-24 0.0
0 0.06797453972505811
-24 0.0
-9 0.004248408732816132
-5 0.0
-29 0.016993634931264528
-36 0.0
-24 0.1317006707173001
0 0.16993634931264529
-17 0.0
-9 0.004248408732816132
-29 0.14019748818293234
2 0.004248408732816132
-7 0.004248408732816132
-5 0.004248408732816132
0 0.09771340085477104
-5 0.0
-9 0.0
-12 0.0
-17 0.0
-24 0.0
0 0.06797453972505811
-24 0.0
-9 0.004248408732816132
-5 0.0
-29 0.016993634931264528
-36 0.004248408732816132
-24 0.13594907945011622
0 0.161439531847013
-17 0.0
-9 0.008496817465632264
-5 0.0
-29 0.1317006707173001
2 0.004248408732816132
-7 0.004248408732816132
3 0.1571911231141969
-5 0.0
-21 0.02124204366408066
-33 0.11895544451885169
-7 0.008496817465632264
2 0.004248408732816132
-3 0.09771340085477104
-7 0.0
-9 0.0
-12 0.0
-19 0.0
-31 0.0
0 0.06797453972505811
-19 0.0
-3 0.004248408732816132
-9 0.004248408732816132
-7 0.012745226198448395
-19 0.0
-21 0.012745226198448395
-31 0.11470703578603557
-2 0.12745226198448395
-7 0.0
-10 0.0
-14 0.0
-19 0.0
-26 0.0
-26 0.0
-2 0.06797453972505811
-19 0.0
-7 0.008496817465632264
-10 0.0
-14 0.008496817465632264
-19 0.0
-26 0.13594907945011622
-3 0.16568794057982913
5 0.0
2 0.0
-3 0.0
-10 0.0
-15 0.0
-7 0.0
-12 0.008496817465632264
-7 0.008496817465632264
-10 0.0
-19 0.004248408732816132
-31 0.12745226198448395
-5 0.1571911231141969
7 0.0
2 0.0
-2 0.0
-10 0.0
-14 0.0
-5 0.0
-10 0.012745226198448395
-14 0.0
-22 0.016993634931264528
-34 0.11895544451885169
-15 0.16993634931264529
-7 0.0
-19 0.0
9 0.0
5 0.0
0 0.0
-7 0.0
-12 0.0
-3 0.0
-14 0.008496817465632264
-10 0.0
-31 0.029738861129712923
-43 0.11045862705321943
-5 0.1869299842439098
-19 0.0
-26 0.0
10 0.0
5 0.0
2 0.0
-7 0.0
-10 0.0
-2 0.0
-14 0.004248408732816132
-26 0.0
-7 0.008496817465632264
-10 0.0
-38 0.14869430564856462
-3 0.161439531847013
5 0.0
2 0.0
-3 0.0
-10 0.0
-15 0.0
-7 0.0
-12 0.008496817465632264
-7 0.004248408732816132
-10 0.004248408732816132
-22 0.02124204366408066
-34 0.11895544451885169
7 0.004248408732816132
2 0.0
-2 0.0
-10 0.0
-14 0.0
-5 0.0
-2 0.1571911231141969
7 0.0
2 0.0
-2 0.0
-10 0.0
-14 0.0
-5 0.0
-10 0.008496817465632264
-7 0.004248408732816132
-17 0.016993634931264528
9 0.12745226198448395
5 0.0
0 0.0
-7 0.0
-12 0.0
-3 0.0
-29 0.008496817465632264
0 0.14869430564856462
-19 0.0
9 0.0
5 0.0
0 0.0
-7 0.0
-12 0.0
-3 0.0
-3 0.004248408732816132
-9 0.008496817465632264
-19 0.008496817465632264
-31 0.12745226198448395
10 0.016993634931264528
5 0.0
1 0.0
-7 0.0
-11 0.0
-2 0.0
1 0.16993634931264529
-19 0.0
-26 0.0
10 0.0
5 0.0
1 0.0
-7 0.0
-11 0.0
-2 0.0
-7 0.008496817465632264
-2 0.008496817465632264
-11 0.004248408732816132
-14 0.004248408732816132
-19 0.12320385325166783
-19 0.16993634931264529
1 0.008496817465632264
-19 0.0
10 0.0
5 0.0
1 0.0
-7 0.0
-11 0.0
-2 0.0
-2 0.012745226198448395
-7 0.0
-26 0.11470703578603557
3 0.02124204366408066
12 0.0
5 0.0
3 0.0
-7 0.0
-9 0.0
0 0.0
0 0.008496817465632264
-7 0.0
1 0.15294271438138074
-11 0.0
-19 0.0
-26 0.0
10 0.0
5 0.0
1 0.0
-7 0.0
-11 0.0
-2 0.0
-7 0.008496817465632264
-2 0.0
-14 0.016993634931264528
-11 0.0
2 0.0
1 0.322879063694026
-19 0.0
-19 0.0
10 0.0
5 0.0
1 0.0
-7 0.0
-11 0.0
-2 0.0
-2 0.008496817465632264
-7 0.004248408732816132
-26 0.11470703578603557
3 0.016993634931264528
12 0.0
5 0.0
3 0.0
-7 0.0
-9 0.0
0 0.0
0 0.012745226198448395
-7 0.004248408732816132
1 0.13594907945011622
-11 0.0
-19 0.0
-26 0.0
10 0.0
5 0.0
1 0.0
-7 0.0
-11 0.0
-2 0.0
-2 0.012745226198448395
-7 0.0
-14 0.004248408732816132
-11 0.0
3 0.14019748818293234
0 0.004248408732816132
-7 0.004248408732816132
-19 0.0
5 0.1444458969157485
1 0.0
5 0.0
-7 0.0
10 0.0
5 0.0
1 0.0
-7 0.0
-11 0.0
-2 0.0
-7 0.004248408732816132
-19 0.0
-26 0.14019748818293234
3 0.012745226198448395
12 0.0
5 0.0
3 0.0
-7 0.0
-9 0.0
0 0.0
0 0.008496817465632264
-7 0.0
1 0.15294271438138074
-2 0.0
-14 0.0
13 0.0
5 0.0
-7 0.0
1 0.0
-7 0.008496817465632264
-2 0.008496817465632264
-14 0.008496817465632264
-11 0.0
-19 0.1317006707173001
12 0.0
5 0.0
3 0.0
-7 0.0
-9 0.0
0 0.0
-21 0.16568794057982913
3 0.0
-9 0.0
-21 0.0
10 0.0
7 0.0
1 0.0
-5 0.0
-11 0.0
-2 0.0
-5 0.016993634931264528
-11 0.0
-33 0.12745226198448395
0 0.1869299842439098
8 0.0
0 0.0
-4 0.0
-12 0.0
-16 0.0
-21 0.0
-28 0.0
8 0.0
3 0.0
0 0.0
-9 0.0
-12 0.0
-4 0.0
-9 0.004248408732816132
-4 0.0
-12 0.02124204366408066
-21 0.004248408732816132
3 0.288891793831497
7 0.0
0 0.0
-5 0.0
-14 0.0
-12 0.0
-21 0.0
-28 0.0
-9 0.004248408732816132
0 0.0
-21 0.004248408732816132
-12 0.004248408732816132
5 0.13594907945011622
-7 0.004248408732816132
-28 0.004248408732816132
3 0.02549045239689679
-21 0.1062102183204033
-12 0.008496817465632264
5 0.004248408732816132
3 0.0
-7 0.0
5 0.0
0 0.0
-7 0.0
-16 0.0
-12 0.0
-21 0.0
-28 0.0
0 0.008496817465632264
7 0.14019748818293234
-28 0.004248408732816132
-5 0.004248408732816132
3 0.14019748818293234
-21 0.004248408732816132
-5 0.004248408732816132
7 0.0
-13 0.0
-1 0.0
3 0.0
-1 0.0
-9 0.0
-17 0.0
-13 0.0
-21 0.0
-28 0.0
3 0.038235678595345185
8 0.11045862705321943
3 0.0
-28 0.008496817465632264
-1 0.0
-4 0.0
8 0.16993634931264529
3 0.0
-4 0.0
5 0.0
0 0.0
-7 0.0
-16 0.0
-12 0.0
-21 0.0
-28 0.0
0 0.004248408732816132
-12 0.004248408732816132
-21 0.004248408732816132
-28 0.1571911231141969
3 0.17843316677827753
7 0.0
0 0.0
-5 0.0
-14 0.0
-12 0.0
-21 0.0
-28 0.0
-9 0.004248408732816132
0 0.0
-4 0.008496817465632264
-33 0.1062102183204033
5 0.02549045239689679
-7 0.0
5 0.14869430564856462
-7 0.0
8 0.0
0 0.0
-4 0.0
-12 0.0
-12 0.0
-16 0.0
-21 0.0
-28 0.0
-12 0.016993634931264528
3 0.0
0 0.0
-21 0.0
2 0.004248408732816132
-20 0.008496817465632264
7 0.12320385325166783
-5 0.004248408732816132
-28 0.008496817465632264
7 0.13594907945011622
10 0.0
4 0.0
-2 0.0
-8 0.0
-11 0.0
-16 0.0
-20 0.0
-28 0.0
-5 0.004248408732816132
4 0.0
-20 0.0
1 0.008496817465632264
-11 0.004248408732816132
8 0.14869430564856462
-4 0.004248408732816132
-28 0.004248408732816132
-26 0.012745226198448395
8 0.1444458969157485
8 0.0
5 0.0
-4 0.0
-7 0.0
-12 0.0
-19 0.0
-24 0.0
5 0.004248408732816132
0 0.0
-4 0.0
-12 0.02124204366408066
-19 0.004248408732816132
-16 0.0
-24 0.12745226198448395
8 0.161439531847013
-24 0.004248408732816132
-4 0.004248408732816132
5 0.0
-31 0.12320385325166783
10 0.02124204366408066
-2 0.008496817465632264
5 0.0
8 0.1571911231141969
5 0.004248408732816132
-4 0.004248408732816132
-12 0.016993634931264528
-16 0.0
-19 0.02124204366408066
-24 0.11045862705321943
8 0.16568794057982913
-4 0.004248408732816132
5 0.004248408732816132
-31 0.1062102183204033
10 0.033987269862529056
5 0.0
-2 0.004248408732816132
12 0.16568794057982913
-23 0.0
-19 0.0
-16 0.0
-7 0.0
8 0.004248408732816132
0 0.0
5 0.004248408732816132
-11 0.008496817465632264
-7 0.004248408732816132
-16 0.11045862705321943
-23 0.1869299842439098
12 0.016993634931264528
12 0.0
0 0.004248408732816132
8 0.0
5 0.008496817465632264
-35 0.10196180958758716
1 0.02549045239689679
13 0.0
8 0.008496817465632264
5 0.0
-15 0.12745226198448395
12 0.029738861129712923
5 0.0
8 0.004248408732816132
0 0.0
5 0.008496817465632264
-11 0.11045862705321943
-23 0.1571911231141969
12 0.038235678595345185
0 0.0
0 0.004248408732816132
8 0.008496817465632264
5 0.0
-35 0.0934649921219549
13 0.033987269862529056
1 0.0
8 0.0
5 0.0
15 0.1741847580454614
-7 0.0
-26 0.0
-14 0.0
10 0.004248408732816132
3 0.004248408732816132
5 0.0
-11 0.016993634931264528
-14 0.0
-7 0.004248408732816132
-19 0.13594907945011622
13 0.16993634931264529
17 0.0
5 0.0
1 0.004248408732816132
-19 0.0
-26 0.12745226198448395
15 0.016993634931264528
17 0.0
5 0.0
3 0.004248408732816132
17 0.15294271438138074
10 0.0
-2 0.0
-18 0.0
-30 0.0
-6 0.0
13 0.004248408732816132
5 0.0
10 0.008496817465632264
-11 0.012745226198448395
-7 0.012745226198448395
-14 0.0
-18 0.11470703578603557
15 0.02124204366408066
3 0.008496817465632264
-23 0.12745226198448395
17 0.004248408732816132
5 0.0
-7 0.0
5 0.004248408732816132
-30 0.1062102183204033
18 0.02124204366408066
6 0.0
5 0.0
-7 0.0
20 0.18268157551109368
-2 0.0
-14 0.0
-21 0.0
-21 0.0
-33 0.0
-4 0.0
8 0.004248408732816132
17 0.0
15 0.0
-7 0.016993634931264528
-4 0.008496817465632264
-9 0.02549045239689679
-21 0.1869299842439098
6 0.08496817465632264
18 0.0
-9 0.0
-21 0.0
-21 0.038235678595345185
20 0.10196180958758716
8 0.0
-33 0.0
22 0.16993634931264529
19 0.0
-14 0.0
-23 0.0
-26 0.0
-14 0.0
-23 0.0
-2 0.0
-5 0.0
-7 0.0
10 0.004248408732816132
17 0.0
-7 0.02549045239689679
-2 0.0
-5 0.004248408732816132
-11 0.1062102183204033
-23 0.16568794057982913
20 0.004248408732816132
8 0.0
-19 0.0
-31 0.0
-35 0.02124204366408066
-35 0.10196180958758716
22 0.02124204366408066
-23 0.0
10 0.0
24 0.16993634931264529
-24 0.0
12 0.0
4 0.0
0 0.0
-17 0.0
-24 0.0
0 0.0
-5 0.0
-8 0.0
-12 0.0
12 0.004248408732816132
19 0.0
16 0.0
0 0.033987269862529056
-5 0.004248408732816132
-8 0.004248408732816132
-12 0.11470703578603557
31 0.16993634931264529
19 0.008496817465632264
-17 0.0
19 0.10196180958758716
-24 0.016993634931264528
7 0.012745226198448395
5 0.0
2 0.0
-17 0.0
-5 0.0
-7 0.0
-10 0.0
19 0.05098090479379358
7 0.02549045239689679
5 0.0
2 0.0
-17 0.0
-5 0.0
-7 0.0
-10 0.0
24 0.0807197659235065
12 0.0
4 0.0
0 0.0
-17 0.0
-24 0.0
0 0.0
-5 0.0
-8 0.0
-12 0.0
12 0.004248408732816132
16 0.004248408732816132
-8 0.016993634931264528
0 0.004248408732816132
-12 0.02549045239689679
-8 0.1062102183204033
-5 0.033987269862529056
31 0.11045862705321943
19 0.016993634931264528
-5 0.004248408732816132
19 0.1062102183204033
7 0.02124204366408066
5 0.0
2 0.0
-17 0.0
-5 0.0
-7 0.0
-10 0.0
7 0.07647135719069037
5 0.0
2 0.0
-17 0.0
-5 0.0
-7 0.0
-10 0.0
24 0.07647135719069037
12 0.0
4 0.0
0 0.0
-17 0.0
-24 0.0
0 0.0
-5 0.0
-8 0.0
-12 0.0
12 0.008496817465632264
16 0.004248408732816132
-5 0.14869430564856462
0 0.004248408732816132
-8 0.016993634931264528
31 0.1317006707173001
19 0.012745226198448395
-12 0.02549045239689679
19 0.08496817465632264
7 0.02549045239689679
5 0.0
2 0.0
-17 0.0
-5 0.0
-7 0.0
-10 0.0
19 0.06797453972505811
7 0.008496817465632264
5 0.0
2 0.0
-17 0.0
-5 0.0
-7 0.0
-10 0.0
-17 0.033987269862529056
24 0.04248408732816132
12 0.0
4 0.0
0 0.0
-17 0.0
-24 0.0
0 0.0
-5 0.0
-8 0.0
-12 0.0
12 0.016993634931264528
16 0.004248408732816132
-24 0.033987269862529056
31 0.2506561152361518
7 0.004248408732816132
19 0.008496817465632264
-5 0.016993634931264528
19 0.11895544451885169
7 0.0
7 0.0
5 0.0
2 0.0
-17 0.0
-5 0.0
-7 0.0
-10 0.0
-5 0.012745226198448395
7 0.06372613099224197
5 0.0
2 0.0
-17 0.0
-5 0.0
-7 0.0
-10 0.0
24 0.07647135719069037
12 0.0
4 0.0
0 0.0
-17 0.0
-24 0.0
0 0.0
-5 0.0
-8 0.0
-12 0.0
12 0.004248408732816132
16 0.004248408732816132
-8 0.008496817465632264
0 0.0
-12 0.008496817465632264
-5 0.24215929777051953
-8 0.0
-12 0.0
-17 0.0
-24 0.0
31 0.06797453972505811
19 0.0
7 0.0
19 0.0
5 0.0
2 0.0
-17 0.0
-24 0.0
-5 0.0
-7 0.0
-10 0.0
7 0.008496817465632264
-5 0.012745226198448395
-5 0.059477722259425846
-7 0.0
-10 0.0
-17 0.0
7 0.055229313526609716
19 0.012745226198448395
7 0.0
7 0.0
5 0.0
2 0.0
-17 0.0
-29 0.0
-5 0.0
-7 0.0
-10 0.0
-5 0.004248408732816132
31 0.016993634931264528
-5 0.06372613099224197
-8 0.0
-12 0.0
-17 0.0
-24 0.0
24 0.06797453972505811
12 0.0
12 0.0
4 0.0
0 0.0
-17 0.0
-24 0.0
0 0.0
-5 0.0
-8 0.0
-12 0.0
-8 0.004248408732816132
0 0.004248408732816132
-12 0.012745226198448395
-5 0.22941407157207114
-8 0.0
-12 0.0
-17 0.0
-24 0.0
31 0.06797453972505811
7 0.0
19 0.0
5 0.0
2 0.0
-17 0.0
-24 0.0
-5 0.0
-7 0.0
-10 0.0
19 0.004248408732816132
7 0.004248408732816132
-5 0.008496817465632264
-5 0.059477722259425846
-7 0.0
-10 0.0
-17 0.0
7 0.059477722259425846
19 0.008496817465632264
7 0.0
7 0.0
5 0.0
2 0.0
-17 0.0
-29 0.0
-5 0.0
-7 0.0
-10 0.0
-5 0.004248408732816132
-5 0.0807197659235065
-8 0.0
-12 0.0
-17 0.0
-24 0.0
-8 0.06372613099224197
0 0.004248408732816132
24 0.0
12 0.0
12 0.0
4 0.0
0 0.0
-17 0.0
-24 0.0
0 0.0
-5 0.0
-8 0.0
-12 0.0
-12 0.004248408732816132
-5 0.0807197659235065
-7 0.0
-10 0.0
-17 0.0
31 0.06797453972505811
19 0.0
7 0.0
7 0.0
7 0.0
5 0.0
2 0.0
-17 0.0
-29 0.0
-5 0.0
-7 0.0
-10 0.0
-5 0.012745226198448395
-5 0.08496817465632264
-8 0.0
-12 0.0
-17 0.0
-24 0.0
24 0.06797453972505811
12 0.0
12 0.0
4 0.0
0 0.0
-17 0.0
-24 0.0
0 0.0
-5 0.0
-8 0.0
-12 0.0
12 0.008496817465632264
4 0.008496817465632264
0 0.012745226198448395
-5 0.05098090479379358
-7 0.0
-10 0.0
-17 0.0
31 0.06797453972505811
7 0.0
7 0.0
5 0.0
2 0.0
-17 0.0
-29 0.0
-5 0.0
-7 0.0
-10 0.0
7 0.004248408732816132
19 0.004248408732816132
-5 0.0934649921219549
-8 0.0
-12 0.0
-17 0.0
-24 0.0
24 0.06797453972505811
12 0.0
12 0.0
4 0.0
0 0.0
-17 0.0
-24 0.0
0 0.0
-5 0.0
-8 0.0
-12 0.0
4 0.004248408732816132
12 0.004248408732816132
0 0.012745226198448395
-12 0.225165662839255
-24 0.0
5 0.36111474228937124
0 0.0
-4 0.0
-7 0.0
-12 0.0
-16 0.0
-24 0.0
-31 0.0
-31 0.0
5 0.06797453972505811
-4 0.0
-7 0.0
-12 0.0
-19 0.0
-31 0.0
-19 0.0
36 0.3483695160909228
24 0.004248408732816132
12 0.0
32 0.008496817465632264
29 0.0
8 0.0
5 0.004248408732816132
0 0.0
0 0.10196180958758716
0 0.11470703578603557
5 0.05098090479379358
0 0.0
-4 0.0
-7 0.0
-12 0.0
-16 0.0
-24 0.0
-31 0.0
-31 0.0
29 0.06797453972505811
24 0.0
5 0.0
-4 0.0
-7 0.0
-12 0.0
-19 0.0
-31 0.0
-19 0.0
20 0.004248408732816132
17 0.0
0 0.0
5 0.0
-7 0.008496817465632264
-4 0.012745226198448395
24 0.3058854287627615
12 0.008496817465632264
17 0.004248408732816132
0 0.0
20 0.0
-4 0.0
-7 0.004248408732816132
-12 0.0
0 0.09771340085477104
0 0.11045862705321943
5 0.038235678595345185
0 0.0
-4 0.0
-7 0.0
-12 0.0
-16 0.0
-24 0.0
-31 0.0
-31 0.0
17 0.06797453972505811
5 0.0
-4 0.0
-7 0.0
-12 0.0
-19 0.0
-31 0.0
-19 0.0
5 0.004248408732816132
12 0.004248408732816132
8 0.0
-12 0.008496817465632264
-7 0.0
-16 0.004248408732816132
-19 0.0
0 0.0934649921219549
0 0.11470703578603557
12 0.11470703578603557
5 0.0
-4 0.0
-7 0.0
-12 0.0
-19 0.0
-31 0.0
-19 0.0
0 0.004248408732816132
-12 0.008496817465632264
8 0.0
5 0.0
-19 0.0
-16 0.004248408732816132
-24 0.004248408732816132
0 0.09771340085477104
-5 0.055229313526609716
-5 0.0
-12 0.0
-17 0.0
-24 0.0
-24 0.0
0 0.059477722259425846
5 0.11045862705321943
5 0.0
-4 0.0
-7 0.0
-12 0.0
-19 0.0
-31 0.0
-19 0.0
0 0.008496817465632264
-7 0.0
-4 0.0
-19 0.004248408732816132
-24 0.004248408732816132
-28 0.004248408732816132
-31 0.0
-29 0.016993634931264528
5 0.22941407157207114
0 0.0
-7 0.0
-19 0.0
-12 0.0
-28 0.0
0 0.06797453972505811
-7 0.0
-7 0.0
-12 0.0
-19 0.0
-28 0.0
-19 0.0
-12 0.012745226198448395
-7 0.0
-4 0.0
-24 0.004248408732816132
-28 0.0
-31 0.0
-36 0.004248408732816132
2 0.09771340085477104
2 0.11470703578603557
7 0.05098090479379358
2 0.0
-1 0.0
-5 0.0
-13 0.0
-22 0.0
-29 0.0
-29 0.0
-10 0.06797453972505811
-5 0.0
-5 0.0
-10 0.0
-13 0.0
7 0.0
-5 0.0
-13 0.0
-29 0.0
-22 0.0
-29 0.0
-17 0.0
-17 0.004248408732816132
-13 0.0
-37 0.0
-29 0.004248408732816132
-34 0.0
-41 0.004248408732816132
-13 0.32712747242684215
-22 0.012745226198448395
-29 0.008496817465632264
-17 0.07647135719069037
-29 0.07222294845787425
-22 0.004248408732816132
-10 0.008496817465632264
-5 0.11895544451885169
14 0.0
26 0.0
-13 0.02124204366408066
-12 0.0807197659235065
-10 0.004248408732816132
-3 0.08921658338913876
-13 0.09771340085477104
-1 0.004248408732816132
7 0.0
19 0.0
-22 0.004248408732816132
-5 0.10196180958758716
-13 0.06372613099224197
-10 0.004248408732816132
2 0.033987269862529056
7 0.11045862705321943
2 0.0
14 0.0
-5 0.02124204366408066
-10 0.004248408732816132
-13 0.004248408732816132
2 0.07647135719069037
9 0.1062102183204033
-1 0.06797453972505811
-10 0.012745226198448395
11 0.02549045239689679
-5 0.0
7 0.0
-1 0.0934649921219549
7 0.012745226198448395
-10 0.016993634931264528
14 0.08921658338913876
2 0.08496817465632264
-1 0.0
19 0.016993634931264528
-10 0.0
2 0.0
14 0.1062102183204033
21 0.09771340085477104
7 0.05098090479379358
2 0.004248408732816132
23 0.04248408732816132
-17 0.0
-5 0.0
2 0.10196180958758716
19 0.004248408732816132
26 0.08496817465632264
3 0.059477722259425846
-5 0.0
-14 0.0
-21 0.0
-9 0.0
-17 0.0
-26 0.0
-33 0.0
-33 0.0
31 0.06797453972505811
3 0.0
-5 0.0
-9 0.0
-14 0.0
-21 0.0
-33 0.0
-17 0.0
19 0.004248408732816132
7 0.004248408732816132
10 0.0
22 0.0
3 0.008496817465632264
27 0.008496817465632264
34 0.3143822462283938
22 0.004248408732816132
31 0.004248408732816132
27 0.0
10 0.0
7 0.0
3 0.008496817465632264
-2 0.004248408732816132
-2 0.08921658338913876
-2 0.11470703578603557
3 0.04673249606097745
-5 0.0
-14 0.0
-21 0.0
-9 0.0
-17 0.0
-26 0.0
-33 0.0
-33 0.0
27 0.06797453972505811
3 0.0
-5 0.0
-9 0.0
-14 0.0
-21 0.0
-33 0.0
-17 0.0
15 0.004248408732816132
22 0.0
19 0.0
3 0.004248408732816132
-2 0.0
-9 0.0
-5 0.008496817465632264
22 0.32712747242684215
10 0.004248408732816132
19 0.0
-14 0.008496817465632264
-9 0.0
-2 0.0
15 0.0
-5 0.004248408732816132
-2 0.08921658338913876
-2 0.11470703578603557
3 0.04673249606097745
-5 0.0
-14 0.0
-21 0.0
-9 0.0
-17 0.0
-26 0.0
-33 0.0
-33 0.0
15 0.06797453972505811
3 0.0
3 0.0
-5 0.0
-9 0.0
-14 0.0
-21 0.0
-33 0.0
-17 0.0
10 0.004248408732816132
7 0.0
-14 0.004248408732816132
-17 0.0
-9 0.0
-21 0.008496817465632264
-2 0.0934649921219549
-2 0.11045862705321943
10 0.1062102183204033
3 0.0
-5 0.0
-9 0.0
-14 0.0
-21 0.0
-33 0.0
-17 0.0
-2 0.008496817465632264
7 0.004248408732816132
3 0.004248408732816132
-21 0.0
-14 0.004248408732816132
-17 0.0
-26 0.012745226198448395
-2 0.0807197659235065
-7 0.055229313526609716
-7 0.0
-14 0.0
-19 0.0
-26 0.0
-19 0.0
-1 0.038235678595345185
-2 0.016993634931264528
3 0.11470703578603557
3 0.0
-5 0.0
-9 0.0
-14 0.0
-21 0.0
-33 0.0
-17 0.0
-9 0.008496817465632264
-26 0.004248408732816132
-2 0.0
-21 0.0
-5 0.0
-29 0.004248408732816132
-33 0.0
3 0.2676497501674163
-5 0.0
-9 0.0
-14 0.0
-17 0.0
-33 0.0
-29 0.0
-2 0.033987269862529056
-14 0.008496817465632264
-5 0.004248408732816132
-9 0.0
-29 0.004248408732816132
-33 0.0
-26 0.0
-9 0.012745226198448395
-9 0.0
-14 0.0
-21 0.0
-29 0.0
-17 0.0
0 0.11470703578603557
0 0.11895544451885169
5 0.04673249606097745
0 0.0
-3 0.0
-7 0.0
-12 0.0
-15 0.0
-24 0.0
-31 0.0
-31 0.0
-7 0.06797453972505811
-15 0.0
-7 0.0
-12 0.0
-15 0.0
5 0.0
-7 0.0
-15 0.0
-19 0.0
-24 0.0
-31 0.0
-19 0.0
-19 0.004248408732816132
-12 0.0
-36 0.012745226198448395
-39 0.0
-31 0.0
-43 0.008496817465632264
-15 0.3186306549612099
-24 0.008496817465632264
-31 0.012745226198448395
-19 0.06372613099224197
-24 0.0807197659235065
-31 0.0
-12 0.004248408732816132
-7 0.11895544451885169
12 0.0
24 0.0
-15 0.02124204366408066
-12 0.08496817465632264
-5 0.1062102183204033
-15 0.06797453972505811
-24 0.016993634931264528
-3 0.02549045239689679
5 0.0
17 0.0
-7 0.09771340085477104
-15 0.008496817465632264
0 0.08921658338913876
-15 0.1062102183204033
-7 0.0
5 0.008496817465632264
-12 0.0
0 0.0
12 0.0
3 0.012745226198448395
0 0.0807197659235065
7 0.1062102183204033
-3 0.06797453972505811
-12 0.008496817465632264
9 0.029738861129712923
-7 0.0
5 0.0
-3 0.10196180958758716
-12 0.008496817465632264
5 0.008496817465632264
3 0.008496817465632264
12 0.08496817465632264
0 0.10196180958758716
5 0.0
-3 0.0
17 0.016993634931264528
-12 0.0
0 0.0
0 0.0807197659235065
12 0.016993634931264528
0 0.05098090479379358
-3 0.029738861129712923
5 0.012745226198448395
0 0.0
19 0.004248408732816132
1 0.033987269862529056
21 0.06797453972505811
-19 0.0
1 0.0
-7 0.0
3 0.08496817465632264
12 0.012745226198448395
3 0.055229313526609716
24 0.016993634931264528
5 0.06797453972505811
29 0.06797453972505811
5 0.0
10 0.004248408732816132
5 0.0
17 0.0
1 0.008496817465632264
22 0.0
7 0.08496817465632264
7 0.06797453972505811
8 0.09771340085477104
-2 0.0
-7 0.0
-11 0.0
-17 0.0
-7 0.06797453972505811
-11 0.0
17 0.0
8 0.0
5 0.0
1 0.0
-2 0.0
10 0.0934649921219549
5 0.02124204366408066
10 0.04673249606097745
-14 0.02124204366408066
-5 0.012745226198448395
5 0.008496817465632264
12 0.05098090479379358
-4 0.0
-7 0.0
-12 0.0
12 0.06797453972505811
12 0.0
5 0.0
0 0.0
-4 0.0
7 0.004248408732816132
-7 0.004248408732816132
-4 0.008496817465632264
-12 0.012745226198448395
5 0.0934649921219549
0 0.07647135719069037
0 0.05098090479379358
-5 0.0
-14 0.0
-12 0.0
-24 0.0
-8 0.055229313526609716
-14 0.008496817465632264
7 0.004248408732816132
4 0.0
-2 0.0
-5 0.0
0 0.004248408732816132
-2 0.11895544451885169
-5 0.08496817465632264
-24 0.033987269862529056
-7 0.02124204366408066
-12 0.0
-16 0.0
-19 0.0
5 0.06372613099224197
5 0.0
-4 0.0
-7 0.0
-12 0.008496817465632264
-19 0.0
-4 0.0
3 0.24640770650333566
-18 0.0
12 0.06372613099224197
0 0.0
-4 0.0
-4 0.0
-4 0.016993634931264528
-9 0.004248408732816132
0 0.08496817465632264
0 0.11895544451885169
-17 0.05098090479379358
0 0.06372613099224197
3 0.0
0 0.0
-5 0.0
-5 0.012745226198448395
5 0.08496817465632264
1 0.004248408732816132
14 0.09771340085477104
2 0.02124204366408066
7 0.038235678595345185
-16 0.0
15 0.06797453972505811
3 0.0
0 0.0
3 0.008496817465632264
-4 0.016993634931264528
0 0.0
3 0.08496817465632264
15 0.004248408732816132
15 0.11895544451885169
5 0.0
-15 0.02549045239689679
3 0.06797453972505811
7 0.0
3 0.0
-3 0.02549045239689679
0 0.0
14 0.09771340085477104
5 0.016993634931264528
9 0.04248408732816132
15 0.04248408732816132
10 0.07222294845787425
3 0.06372613099224197
19 0.0
7 0.0
3 0.0
0 0.0
-5 0.0
-9 0.0
-12 0.0
7 0.004248408732816132
0 0.008496817465632264
12 0.08496817465632264
7 0.02124204366408066
9 0.08921658338913876
12 0.008496817465632264
14 0.04248408732816132
-22 0.0
14 0.06372613099224197
7 0.0
2 0.0
-2 0.0
-5 0.0
-10 0.0
-14 0.0
7 0.012745226198448395
10 0.004248408732816132
2 0.004248408732816132
14 0.07222294845787425
19 0.0934649921219549
2 0.05098090479379358
-10 0.0
26 0.06797453972505811
21 0.0
6 0.0
0 0.0
-3 0.0
-6 0.0
-10 0.0
-15 0.0
9 0.004248408732816132
14 0.0
14 0.0807197659235065
21 0.09771340085477104
7 0.06372613099224197
-17 0.0
19 0.06372613099224197
7 0.0
-2 0.0
-5 0.0
-5 0.0
-10 0.0
-17 0.0
14 0.008496817465632264
10 0.0
7 0.0
2 0.0
-5 0.004248408732816132
14 0.29738861129712924
22 0.0
2 0.008496817465632264
-5 0.008496817465632264
-7 0.0
12 0.11045862705321943
-17 0.06797453972505811
11 0.016993634931264528
15 0.11470703578603557
10 0.0
0 0.02124204366408066
-9 0.0
-5 0.012745226198448395
9 0.06372613099224197
8 0.0934649921219549
14 0.1062102183204033
14 0.0
2 0.0
-6 0.008496817465632264
6 0.0
-2 0.0
-10 0.004248408732816132
5 0.08921658338913876
-17 0.07647135719069037
4 0.004248408732816132
7 0.11045862705321943
3 0.0
7 0.0
-5 0.0
-9 0.012745226198448395
-12 0.008496817465632264
-3 0.0
2 0.0807197659235065
1 0.0934649921219549
5 0.10196180958758716
-1 0.004248408732816132
-13 0.0
-19 0.008496817465632264
-2 0.07647135719069037
-29 0.04248408732816132
-3 0.05098090479379358
-2 0.1062102183204033
-5 0.004248408732816132
-14 0.008496817465632264
-21 0.008496817465632264
-7 0.07222294845787425
-9 0.08496817465632264
-10 0.08921658338913876
2 0.0
-10 0.0
-15 0.016993634931264528
-22 0.004248408732816132
-11 0.0807197659235065
-29 0.0807197659235065
-12 0.004248408732816132
-5 0.12320385325166783
-5 0.0
-17 0.0
-5 0.0
-17 0.0
-17 0.008496817465632264
-14 0.0
-22 0.0
-10 0.29738861129712924
-14 0.0
-22 0.02124204366408066
2 0.22091725410643887
-17 0.06797453972505811
-21 0.0
2 0.0
-29 0.008496817465632264
2 0.02549045239689679
2 0.09771340085477104
-5 0.09771340085477104
-17 0.06797453972505811
-5 0.0
-24 0.29738861129712924
-10 0.22941407157207114
-21 0.06797453972505811
-10 0.0
-10 0.033987269862529056
-10 0.09771340085477104
-17 0.09771340085477104
-27 0.06797453972505811
-17 0.0
-26 0.29738861129712924
-17 0.2803949763658647
-21 0.004248408732816132
-26 0.008496817465632264
-2 0.004248408732816132
-33 0.0
-33 0.0
-14 0.004248408732816132
-9 0.012745226198448395
-5 0.0
-33 0.14869430564856462
-24 0.28464338509868087
-17 0.004248408732816132
-21 0.012745226198448395
-17 0.07222294845787425
-21 0.0
-26 0.0
-33 0.0
-17 0.059477722259425846
-2 0.004248408732816132
-14 0.0
-33 0.0
-9 0.008496817465632264
-26 0.0
-5 0.004248408732816132
-33 0.13594907945011622
-24 0.27614656763304857
-21 0.008496817465632264
-17 0.0
-17 0.06797453972505811
-21 0.0
-26 0.0
-33 0.0
-2 0.06797453972505811
-33 0.0
-17 0.004248408732816132
-26 0.008496817465632264
-14 0.0
-5 0.004248408732816132
-9 0.0
-33 0.1317006707173001
-17 0.2931402025643131
-24 0.0
-21 0.004248408732816132
-17 0.07647135719069037
-21 0.0
-26 0.0
-33 0.0
-17 0.06797453972505811
-2 0.0
-33 0.0
-14 0.004248408732816132
-5 0.004248408732816132
-26 0.0
-9 0.008496817465632264
-33 0.1317006707173001
-14 0.161439531847013
-14 0.0934649921219549
-24 0.02124204366408066
-17 0.0
-2 0.004248408732816132
-5 0.0
-21 0.004248408732816132
-14 0.0
-9 0.008496817465632264
-9 0.055229313526609716
-17 0.0
-21 0.0
-26 0.0
-33 0.0
-2 0.06372613099224197
-33 0.0
-14 0.0
-17 0.0
-21 0.0
-14 0.008496817465632264
-5 0.004248408732816132
-26 0.0
-17 0.0
-9 0.004248408732816132
-21 0.0
0 0.14019748818293234
-12 0.0
-9 0.004248408732816132
-5 0.0
-33 0.02124204366408066
-14 0.12745226198448395
-14 0.09771340085477104
0 0.02549045239689679
-12 0.008496817465632264
-17 0.0
-24 0.0
-9 0.004248408732816132
-21 0.0
-5 0.0
-9 0.055229313526609716
-17 0.0
-21 0.0
-26 0.0
-33 0.0
-5 0.06797453972505811
-12 0.0
0 0.0
-33 0.0
-14 0.0
-17 0.0
-21 0.0
-9 0.004248408732816132
-17 0.0
-26 0.0
-21 0.008496817465632264
-9 0.13594907945011622
3 0.0
-33 0.0
-2 0.004248408732816132
-5 0.008496817465632264
-14 0.2124204366408066
3 0.04248408732816132
-9 0.004248408732816132
-24 0.0
-2 0.0
-21 0.0
-17 0.0
-5 0.0
-14 0.04248408732816132
-17 0.029738861129712923
-21 0.0
-26 0.0
-33 0.0
3 0.06372613099224197
-2 0.0
-9 0.0
-9 0.0
-33 0.0
-14 0.0
-17 0.0
-21 0.0
-5 0.008496817465632264
-21 0.0
-17 0.0
-26 0.004248408732816132
7 0.13594907945011622
3 0.0
-33 0.0
-5 0.0
-2 0.008496817465632264
-14 0.2124204366408066
7 0.033987269862529056
3 0.008496817465632264
-2 0.0
-5 0.0
-24 0.0
-17 0.004248408732816132
-21 0.0
-14 0.04248408732816132
-17 0.02124204366408066
-21 0.0
-26 0.0
-33 0.0
-17 0.06372613099224197
7 0.004248408732816132
-21 0.0
-5 0.0
-33 0.0
-17 0.0
-21 0.0
-14 0.0
3 0.004248408732816132
-2 0.0
-9 0.0
-26 0.008496817465632264
10 0.13594907945011622
-2 0.0
3 0.012745226198448395
7 0.004248408732816132
-33 0.016993634931264528
-14 0.19117839297672592
12 0.033987269862529056
-17 0.008496817465632264
0 0.0
3 0.004248408732816132
7 0.0
-10 0.004248408732816132
-22 0.02124204366408066
-14 0.02124204366408066
-17 0.029738861129712923
-21 0.0
-26 0.0
-33 0.0
-33 0.0
-9 0.06372613099224197
12 0.004248408732816132
7 0.0
-17 0.0
0 0.0
3 0.0
-5 0.0
-9 0.0
-17 0.0
-14 0.0
-17 0.0
-21 0.0
-9 0.004248408732816132
-21 0.008496817465632264
10 0.13594907945011622
-2 0.0
7 0.0
3 0.004248408732816132
-33 0.008496817465632264
7 0.1062102183204033
12 0.13594907945011622
-5 0.0
-9 0.0
-14 0.0
3 0.004248408732816132
0 0.0
7 0.0
-9 0.008496817465632264
-17 0.008496817465632264
-5 0.05098090479379358
-9 0.0
-14 0.0
10 0.07647135719069037
-5 0.0
-9 0.0
-14 0.0
3 0.004248408732816132
-17 0.0
-2 0.0
-10 0.004248408732816132
-22 0.012745226198448395
-21 0.004248408732816132
-5 0.12745226198448395
7 0.004248408732816132
3 0.0
-33 0.004248408732816132
10 0.24215929777051953
-5 0.0
-9 0.0
-14 0.0
-2 0.004248408732816132
7 0.0
3 0.004248408732816132
-17 0.0
-10 0.004248408732816132
-21 0.0
-5 0.055229313526609716
-9 0.0
-14 0.0
10 0.07222294845787425
-5 0.0
-9 0.0
-14 0.0
-11 0.008496817465632264
3 0.0
-23 0.004248408732816132
7 0.0
-17 0.0
-2 0.0
5 0.13594907945011622
-7 0.008496817465632264
-33 0.008496817465632264
3 0.012745226198448395
7 0.225165662839255
-5 0.0
-9 0.0
-14 0.0
-5 0.008496817465632264
-11 0.0
3 0.004248408732816132
-23 0.004248408732816132
-5 0.055229313526609716
-9 0.0
-14 0.0
7 0.07222294845787425
-5 0.0
-9 0.0
-14 0.0
-12 0.004248408732816132
-5 0.008496817465632264
3 0.0
-17 0.0
-21 0.008496817465632264
-24 0.012745226198448395
-9 0.11470703578603557
3 0.0
-5 0.0
-33 0.004248408732816132
7 0.24640770650333566
-5 0.0
-9 0.0
-14 0.0
3 0.004248408732816132
-5 0.0
-17 0.012745226198448395
-12 0.004248408732816132
-21 0.016993634931264528
-5 0.033987269862529056
-9 0.0
-14 0.0
7 0.07647135719069037
-5 0.0
-9 0.0
-14 0.0
2 0.004248408732816132
-5 0.0
-17 0.004248408732816132
-13 0.0
-21 0.008496817465632264
-25 0.008496817465632264
2 0.12320385325166783
-10 0.0
-5 0.004248408732816132
-33 0.004248408732816132
-21 0.1444458969157485
3 0.1062102183204033
-5 0.0
-9 0.0
-14 0.0
-13 0.004248408732816132
-9 0.0
-5 0.0
-25 0.012745226198448395
-17 0.0
-21 0.008496817465632264
-5 0.05098090479379358
-9 0.0
-14 0.0
-14 0.07222294845787425
3 0.0
-18 0.0
-6 0.0
-9 0.0
-15 0.0
15 0.0
3 0.0
-6 0.0
-18 0.0
-9 0.004248408732816132
-26 0.008496817465632264
-6 0.004248408732816132
-21 0.0
14 0.07647135719069037
2 0.0
-11 0.05098090479379358
1 0.004248408732816132
-33 0.004248408732816132
-6 0.0
13 0.033987269862529056
1 0.0
13 0.0934649921219549
1 0.0
3 0.12745226198448395
-6 0.0
-6 0.0
-9 0.0
-15 0.0
-9 0.008496817465632264
-18 0.004248408732816132
-26 0.0
-15 0.004248408732816132
-6 0.059477722259425846
-9 0.0
-15 0.0
-19 0.06797453972505811
-15 0.004248408732816132
3 0.0
-7 0.0
-9 0.0
-16 0.0
-7 0.0
-19 0.0
-26 0.008496817465632264
-9 0.0
-7 0.0
12 0.08496817465632264
0 0.0
-33 0.05098090479379358
-1 0.004248408732816132
-9 0.008496817465632264
-7 0.0
11 0.02549045239689679
-1 0.0
11 0.0934649921219549
-1 0.0
3 0.13594907945011622
-15 0.0
-26 0.0
-7 0.0
-9 0.0
-16 0.0
-19 0.004248408732816132
-7 0.004248408732816132
-9 0.0
-21 0.016993634931264528
-7 0.04248408732816132
-9 0.0
-16 0.0
3 0.07222294845787425
-7 0.0
-9 0.0
-16 0.0
-16 0.008496817465632264
-26 0.004248408732816132
-9 0.004248408732816132
-7 0.0
-19 0.0
10 0.0807197659235065
-2 0.0
-33 0.059477722259425846
-2 0.0
-9 0.012745226198448395
-7 0.0
9 0.02549045239689679
-3 0.0
8 0.0934649921219549
-4 0.0
3 0.13594907945011622
-9 0.0
-17 0.0
-9 0.008496817465632264
-16 0.004248408732816132
-26 0.004248408732816132
-21 0.004248408732816132
-19 0.0
-9 0.055229313526609716
-17 0.0
-17 0.0807197659235065
3 0.0
-21 0.0
-9 0.0
-17 0.0
-21 0.0
-9 0.008496817465632264
-26 0.0
-5 0.0
-33 0.16993634931264529
-24 0.24640770650333566
-17 0.0
-17 0.06372613099224197
-21 0.0
-26 0.0
-33 0.0
-2 0.06797453972505811
-33 0.0
-14 0.004248408732816132
-5 0.004248408732816132
-26 0.0
-17 0.0
-9 0.008496817465632264
-33 0.13594907945011622
-17 0.27189815890023245
-21 0.0
-24 0.0
-17 0.07222294845787425
-21 0.0
-26 0.0
-33 0.0
-26 0.059477722259425846
-17 0.004248408732816132
-2 0.0
-33 0.0
-14 0.008496817465632264
-5 0.004248408732816132
-9 0.004248408732816132
-33 0.12320385325166783
-17 0.27189815890023245
-24 0.004248408732816132
-21 0.0
-17 0.07647135719069037
-21 0.0
-26 0.0
-33 0.0
-26 0.06797453972505811
-2 0.0
-33 0.0
-14 0.004248408732816132
-5 0.004248408732816132
-9 0.004248408732816132
-33 0.12320385325166783
-14 0.22941407157207114
-2 0.038235678595345185
-24 0.004248408732816132
-14 0.0
-21 0.0
-9 0.004248408732816132
-5 0.0
-17 0.0
-14 0.04248408732816132
-33 0.02549045239689679
-26 0.0
-21 0.0
-17 0.0
-2 0.06372613099224197
-14 0.0
-9 0.0
-33 0.0
-14 0.0
-17 0.0
-21 0.0
-17 0.008496817465632264
-21 0.0
-26 0.0
-9 0.004248408732816132
-5 0.004248408732816132
-9 0.14019748818293234
3 0.0
-33 0.0
-5 0.0
-2 0.004248408732816132
-14 0.20817202790799047
3 0.04248408732816132
-24 0.0
-9 0.0
-2 0.004248408732816132
-5 0.0
-21 0.004248408732816132
-17 0.0
-14 0.038235678595345185
-17 0.029738861129712923
-21 0.0
-26 0.0
-33 0.0
-17 0.06372613099224197
-21 0.0
3 0.0
-9 0.0
-33 0.0
-14 0.0
-17 0.0
-21 0.0
-9 0.008496817465632264
-2 0.0
-26 0.0
-5 0.004248408732816132
7 0.13594907945011622
-5 0.008496817465632264
-33 0.0
-2 0.0
3 0.004248408732816132
-14 0.20817202790799047
-17 0.029738861129712923
7 0.004248408732816132
-12 0.0
-2 0.008496817465632264
3 0.0
-5 0.0
-21 0.0
-14 0.04673249606097745
-17 0.02124204366408066
-21 0.0
-26 0.0
-33 0.0
-17 0.06372613099224197
7 0.004248408732816132
-33 0.0
-14 0.0
-17 0.0
-21 0.0
-5 0.004248408732816132
3 0.0
-21 0.0
-26 0.008496817465632264
-2 0.0
-14 0.0
-9 0.004248408732816132
10 0.1317006707173001
-2 0.0
7 0.004248408732816132
3 0.0
-33 0.029738861129712923
-14 0.18268157551109368
10 0.029738861129712923
-17 0.004248408732816132
-2 0.0
3 0.004248408732816132
7 0.0
-12 0.004248408732816132
-21 0.008496817465632264
-24 0.004248408732816132
-14 0.038235678595345185
-17 0.02124204366408066
-21 0.0
-26 0.0
-33 0.0
-17 0.055229313526609716
-2 0.008496817465632264
10 0.004248408732816132
7 0.0
-14 0.0
-9 0.0
-33 0.0
-14 0.0
-17 0.0
-21 0.0
3 0.004248408732816132
-21 0.0
-26 0.0
15 0.16993634931264529
3 0.004248408732816132
10 0.0
7 0.0
-33 0.012745226198448395
-14 0.21666884537362274
14 0.02549045239689679
2 0.008496817465632264
10 0.004248408732816132
7 0.0
-7 0.004248408732816132
-19 0.004248408732816132
-14 0.0
-17 0.008496817465632264
-14 0.04673249606097745
-17 0.033987269862529056
-21 0.0
-26 0.0
-33 0.0
-33 0.0
7 0.008496817465632264
-17 0.04248408732816132
-21 0.008496817465632264
12 0.008496817465632264
-9 0.0
-9 0.0
-5 0.0
-9 0.0
-17 0.0
-14 0.0
-17 0.0
-21 0.0
0 0.004248408732816132
7 0.0
3 0.0
10 0.1444458969157485
-2 0.0
7 0.0
3 0.008496817465632264
-17 0.20392361917517432
-9 0.0
-5 0.0
12 0.04248408732816132
0 0.0
7 0.0
3 0.004248408732816132
-9 0.004248408732816132
-17 0.004248408732816132
-22 0.016993634931264528
-21 0.012745226198448395
-17 0.004248408732816132
-5 0.0
-9 0.0
12 0.08921658338913876
-17 0.0
-5 0.0
-9 0.0
0 0.004248408732816132
3 0.0
-10 0.0
-17 0.008496817465632264
-21 0.004248408732816132
-22 0.004248408732816132
7 0.1444458969157485
-5 0.0
-33 0.004248408732816132
-17 0.19542680170954208
-5 0.0
-9 0.0
10 0.04248408732816132
-2 0.0
-22 0.0
3 0.008496817465632264
7 0.0
-17 0.004248408732816132
-10 0.004248408732816132
-17 0.033987269862529056
-5 0.0
-9 0.0
-17 0.08921658338913876
-5 0.0
-9 0.0
-11 0.004248408732816132
10 0.0
-2 0.004248408732816132
3 0.008496817465632264
-17 0.0
7 0.004248408732816132
-23 0.0
-21 0.0
-33 0.1444458969157485
8 0.0
-4 0.004248408732816132
3 0.004248408732816132
-17 0.20392361917517432
-5 0.0
-9 0.0
10 0.04673249606097745
-11 0.0
3 0.004248408732816132
-23 0.0
-2 0.0
-17 0.0
-21 0.016993634931264528
-17 0.02124204366408066
-5 0.0
-9 0.0
10 0.0934649921219549
-17 0.0
-5 0.0
-9 0.0
3 0.008496817465632264
-2 0.0
-12 0.004248408732816132
-17 0.0
-21 0.004248408732816132
-24 0.004248408732816132
3 0.13594907945011622
5 0.0
-33 0.004248408732816132
-9 0.0
-7 0.0
-16 0.1996752104423582
-4 0.0
-9 0.0
8 0.038235678595345185
-4 0.0
-4 0.0
-16 0.0
-12 0.012745226198448395
3 0.0
-17 0.004248408732816132
-21 0.008496817465632264
-16 0.029738861129712923
-4 0.0
-9 0.0
8 0.08921658338913876
-16 0.0
-4 0.0
-9 0.0
-4 0.0
-16 0.0
-13 0.004248408732816132
-4 0.0
3 0.004248408732816132
-25 0.0
-21 0.029738861129712923
3 0.11045862705321943
-9 0.0
-4 0.004248408732816132
-33 0.0
19 0.11470703578603557
7 0.0
17 0.08921658338913876
5 0.0
-16 0.004248408732816132
-4 0.0
-9 0.0
7 0.02549045239689679
3 0.004248408732816132
-5 0.0
-13 0.012745226198448395
-25 0.0
-21 0.016993634931264528
15 0.02124204366408066
3 0.0
-16 0.008496817465632264
-4 0.0
-9 0.0
15 0.0807197659235065
3 0.0
7 0.004248408732816132
-5 0.0
-17 0.0
-17 0.004248408732816132
-5 0.0
-9 0.0
-14 0.008496817465632264
-5 0.0
-21 0.0
-26 0.0
2 0.0
0 0.008496817465632264
2 0.12745226198448395
-10 0.0
-33 0.0
-7 0.004248408732816132
-17 0.20817202790799047
-5 0.0
-9 0.0
14 0.0
2 0.0
3 0.04248408732816132
-26 0.004248408732816132
-9 0.0
-6 0.0
-14 0.0
-21 0.016993634931264528
-17 0.02549045239689679
-5 0.0
-9 0.0
13 0.0
1 0.0
-15 0.08496817465632264
3 0.008496817465632264
-26 0.0
-18 0.0
-6 0.0
-9 0.0
13 0.0
1 0.0
-6 0.0
-18 0.0
-21 0.004248408732816132
-9 0.0
-6 0.004248408732816132
1 0.1444458969157485
-33 0.0
-11 0.0
-6 0.004248408732816132
-18 0.2124204366408066
-6 0.0
-9 0.0
12 0.004248408732816132
0 0.0
3 0.038235678595345185
-6 0.004248408732816132
-9 0.008496817465632264
-26 0.004248408732816132
-15 0.0
-21 0.0
-18 0.033987269862529056
-6 0.0
-9 0.0
11 0.004248408732816132
-1 0.0
-19 0.08921658338913876
-7 0.0
-9 0.0
3 0.004248408732816132
-16 0.0
-7 0.0
-19 0.0
-9 0.004248408732816132
-21 0.0
11 0.0
-1 0.0
-26 0.008496817465632264
-7 0.0
-13 0.1317006707173001
-1 0.004248408732816132
-33 0.004248408732816132
-19 0.22091725410643887
-7 0.0
-9 0.0
10 0.0
-2 0.0
3 0.04673249606097745
-9 0.004248408732816132
-16 0.004248408732816132
-26 0.008496817465632264
-21 0.0
-19 0.02549045239689679
-7 0.0
-9 0.0
8 0.004248408732816132
-4 0.0
-21 0.08921658338913876
-9 0.0
7 0.004248408732816132
-5 0.0
3 0.004248408732816132
-21 0.0
-5 0.008496817465632264
-21 0.0
-26 0.0
-17 0.0
-9 0.0
-33 0.14869430564856462
-24 0.2803949763658647
-17 0.008496817465632264
-21 0.004248408732816132
-17 0.06372613099224197
-21 0.0
-26 0.0
-33 0.0
-2 0.06797453972505811
-26 0.0
-33 0.0
-14 0.004248408732816132
-5 0.0
-17 0.008496817465632264
-9 0.0
-33 0.14869430564856462
-24 0.2549045239689679
-17 0.004248408732816132
-21 0.004248408732816132
-17 0.059477722259425846
-21 0.0
-26 0.0
-33 0.0
0 0.06797453972505811
-33 0.0
-12 0.004248408732816132
-17 0.008496817465632264
-9 0.0
-5 0.0
-26 0.0
-21 0.008496817465632264
-33 0.15294271438138074
-24 0.2634013414346002
-17 0.004248408732816132
-21 0.0
-17 0.059477722259425846
-21 0.0
-26 0.0
-33 0.0
1 0.06797453972505811
-33 0.0
-17 0.004248408732816132
-26 0.004248408732816132
-11 0.0
-21 0.0
-2 0.008496817465632264
-5 0.0
-1 0.008496817465632264
-33 0.1444458969157485
-21 0.259152932701784
-17 0.0
-14 0.004248408732816132
-14 0.07647135719069037
-17 0.0
-22 0.0
2 0.06797453972505811
-14 0.0
-17 0.0
-34 0.0
-10 0.004248408732816132
-2 0.0
-22 0.0
-5 0.008496817465632264
2 0.0807197659235065
2 0.0
-10 0.0
-34 0.059477722259425846
2 0.033987269862529056
2 0.0
-10 0.0
7 0.09771340085477104
-2 0.0
7 0.0
-2 0.0
-5 0.0
-10 0.0
-14 0.0
-15 0.14019748818293234
-21 0.0
-12 0.004248408732816132
-12 0.07222294845787425
-15 0.0
-22 0.0
2 0.06797453972505811
-22 0.0
-34 0.0
-6 0.004248408732816132
-12 0.004248408732816132
-10 0.0
0 0.016993634931264528
2 0.06797453972505811
2 0.0
-10 0.0
-34 0.055229313526609716
2 0.038235678595345185
2 0.0
-10 0.0
9 0.08921658338913876
0 0.0
9 0.0
0 0.0
-3 0.0
-12 0.0
-10 0.0
-10 0.0934649921219549
2 0.0
2 0.0
-10 0.0
2 0.04248408732816132
-21 0.0
-17 0.0
-10 0.008496817465632264
-2 0.0
-5 0.0
-14 0.004248408732816132
-10 0.038235678595345185
2 0.0
2 0.0
-10 0.0
-14 0.033987269862529056
-17 0.0
-22 0.0
-29 0.0
-5 0.059477722259425846
7 0.0
7 0.0
-5 0.0
2 0.004248408732816132
-2 0.0
-14 0.0
-17 0.0
-10 0.0
-5 0.0
-29 0.0
-22 0.008496817465632264
2 0.13594907945011622
7 0.004248408732816132
-5 0.0
-2 0.0
-29 0.012745226198448395
-10 0.2124204366408066
7 0.038235678595345185
2 0.004248408732816132
-5 0.0
-17 0.0
-21 0.0
-2 0.0
-14 0.004248408732816132
-14 0.02549045239689679
-17 0.0
-22 0.0
-29 0.0
-10 0.02124204366408066
2 0.0807197659235065
-5 0.0
7 0.004248408732816132
-29 0.0
-10 0.0
-14 0.0
-17 0.0
-2 0.008496817465632264
-14 0.0
-17 0.0
-22 0.0
-5 0.0
-21 0.008496817465632264
10 0.12320385325166783
-2 0.004248408732816132
7 0.0
2 0.004248408732816132
-29 0.0
-10 0.225165662839255
10 0.02124204366408066
-2 0.0
7 0.0
-21 0.004248408732816132
2 0.0
-17 0.004248408732816132
-14 0.008496817465632264
-10 0.055229313526609716
-14 0.0
-17 0.0
-22 0.0
-29 0.0
10 0.06372613099224197
-2 0.0
-14 0.0
-17 0.0
-21 0.0
-22 0.0
-29 0.0
-10 0.0
-14 0.0
-17 0.0
2 0.008496817465632264
7 0.0
-5 0.02124204366408066
14 0.1062102183204033
2 0.0
10 0.004248408732816132
-29 0.0
7 0.004248408732816132
-10 0.20817202790799047
14 0.038235678595345185
10 0.0
2 0.0
7 0.004248408732816132
-9 0.004248408732816132
-21 0.004248408732816132
-14 0.0
-17 0.0
-10 0.033987269862529056
-14 0.02124204366408066
-17 0.0
-22 0.0
-29 0.0
14 0.06797453972505811
10 0.0
2 0.0
-5 0.0
-29 0.0
-10 0.0
-14 0.0
-17 0.0
7 0.004248408732816132
-10 0.0
-14 0.0
-17 0.0
-22 0.016993634931264528
14 0.14869430564856462
19 0.0
10 0.0
7 0.004248408732816132
-29 0.016993634931264528
-10 0.21666884537362274
17 0.02124204366408066
5 0.008496817465632264
10 0.0
14 0.0
-3 0.0
-15 0.004248408732816132
-10 0.008496817465632264
-14 0.008496817465632264
-10 0.05098090479379358
-14 0.033987269862529056
-17 0.0
-22 0.0
-29 0.0
-29 0.02124204366408066
-5 0.033987269862529056
-10 0.008496817465632264
-17 0.004248408732816132
-14 0.0
15 0.0
-5 0.0
-10 0.0
-14 0.0
-17 0.0
10 0.004248408732816132
3 0.0
7 0.0
14 0.14869430564856462
2 0.0
10 0.0
7 0.004248408732816132
-29 0.0
7 0.12320385325166783
-14 0.08496817465632264
-2 0.0
-10 0.0
15 0.04248408732816132
10 0.0
3 0.0
7 0.0
-5 0.016993634931264528
-15 0.008496817465632264
-14 0.02549045239689679
-2 0.0
-10 0.0
15 0.08921658338913876
-14 0.0
-2 0.0
-10 0.0
6 0.004248408732816132
3 0.0
-11 0.008496817465632264
-6 0.012745226198448395
-18 0.004248408732816132
-14 0.004248408732816132
-10 0.029738861129712923
-2 0.0934649921219549
10 0.004248408732816132
6 0.0
-29 0.012745226198448395
-14 0.19542680170954208
-2 0.0
-10 0.0
14 0.04248408732816132
-18 0.0
2 0.004248408732816132
10 0.0
-6 0.0
-10 0.008496817465632264
-14 0.004248408732816132
-14 0.033987269862529056
-2 0.0
-10 0.0
-14 0.0934649921219549
-2 0.0
-10 0.0
14 0.004248408732816132
2 0.004248408732816132
-7 0.0
7 0.0
10 0.008496817465632264
-17 0.0
-19 0.0
-14 0.004248408732816132
12 0.1317006707173001
-29 0.004248408732816132
0 0.0
10 0.0
7 0.008496817465632264
-14 0.2124204366408066
-2 0.0
-10 0.0
14 0.029738861129712923
2 0.004248408732816132
-17 0.0
7 0.0
10 0.0
-7 0.008496817465632264
-14 0.04673249606097745
-2 0.0
-10 0.0
14 0.08496817465632264
-8 0.008496817465632264
2 0.0
7 0.0
-15 0.0
-3 0.0
-10 0.0
-17 0.008496817465632264
-20 0.0
9 0.14019748818293234
-3 0.012745226198448395
7 0.004248408732816132
-29 0.012745226198448395
-15 0.18268157551109368
-3 0.0
-5 0.0
12 0.038235678595345185
7 0.004248408732816132
0 0.0
-8 0.0
-20 0.0
-17 0.012745226198448395
-15 0.038235678595345185
-3 0.0
-5 0.0
12 0.0934649921219549
-14 0.0
-2 0.0
-5 0.0
-5 0.0
-17 0.012745226198448395
7 0.0
0 0.0
-9 0.004248408732816132
-21 0.004248408732816132
7 0.1317006707173001
-5 0.0
0 0.008496817465632264
-29 0.008496817465632264
-2 0.0
-14 0.20392361917517432
-2 0.0
-5 0.0
10 0.04248408732816132
-2 0.008496817465632264
7 0.0
-17 0.0
-9 0.012745226198448395
-22 0.02549045239689679
-14 0.0
-2 0.0
-5 0.0
-14 0.0934649921219549
-2 0.0
-5 0.0
10 0.008496817465632264
5 0.004248408732816132
-2 0.0
-17 0.004248408732816132
-10 0.0
-22 0.004248408732816132
-7 0.13594907945011622
-2 0.0
5 0.0
-29 0.02549045239689679
-14 0.19542680170954208
-2 0.0
-5 0.0
10 0.033987269862529056
-2 0.004248408732816132
5 0.004248408732816132
-22 0.004248408732816132
-10 0.0
-17 0.008496817465632264
-14 0.038235678595345185
-2 0.0
-5 0.0
10 0.08921658338913876
-11 0.0
4 0.0
10 0.0
-2 0.004248408732816132
-17 0.0
-22 0.0
-14 0.0
-2 0.0
-5 0.0
9 0.08496817465632264
-1 0.02124204366408066
4 0.04673249606097745
-8 0.0
-2 0.004248408732816132
-29 0.008496817465632264
7 0.012745226198448395
7 0.0934649921219549
-14 0.0934649921219549
-2 0.0
-5 0.0
4 0.038235678595345185
10 0.0
-2 0.0
-11 0.008496817465632264
-22 0.012745226198448395
-14 0.033987269862529056
-2 0.0
-5 0.0
10 0.0934649921219549
-14 0.0
-2 0.0
-5 0.0
-6 0.0
3 0.004248408732816132
-2 0.004248408732816132
-12 0.008496817465632264
-18 0.004248408732816132
-22 0.0
5 0.07222294845787425
3 0.06372613099224197
-9 0.0
3 0.029738861129712923
-14 0.18268157551109368
-2 0.0
-5 0.0
7 0.04248408732816132
3 0.0
-5 0.008496817465632264
-18 0.004248408732816132
-22 0.008496817465632264
-14 0.029738861129712923
-2 0.0
-5 0.0
-14 0.0934649921219549
-2 0.0
-5 0.0
7 0.012745226198448395
-5 0.0
-5 0.004248408732816132
2 0.0
-22 0.004248408732816132
-14 0.0
-17 0.004248408732816132
2 0.0807197659235065
-29 0.04673249606097745
0 0.05098090479379358
-2 0.0934649921219549
-10 0.09771340085477104
2 0.04673249606097745
-21 0.0
-17 0.0
-5 0.0
-14 0.004248408732816132
-2 0.004248408732816132
-10 0.038235678595345185
-14 0.029738861129712923
-17 0.0
-22 0.0
-29 0.0
2 0.06797453972505811
-21 0.0
-14 0.0
-5 0.0
-10 0.0
-14 0.0
-17 0.0
-17 0.004248408732816132
-5 0.0
-2 0.004248408732816132
-22 0.0
2 0.1317006707173001
-5 0.0
7 0.0
-29 0.012745226198448395
-2 0.0
-6 0.02124204366408066
-5 0.08921658338913876
-10 0.08921658338913876
-2 0.0
-2 0.04248408732816132
10 0.0
2 0.008496817465632264
7 0.0
-17 0.0
-14 0.004248408732816132
-21 0.0
-10 0.033987269862529056
2 0.0
-14 0.02549045239689679
-17 0.0
-22 0.0
-29 0.0
-14 0.0
-17 0.0
-22 0.0
-29 0.0
-5 0.06372613099224197
10 0.004248408732816132
-2 0.0
-14 0.0
6 0.0
-10 0.0
-14 0.0
-17 0.0
-17 0.004248408732816132
-21 0.004248408732816132
7 0.0
-22 0.0
7 0.08921658338913876
2 0.04673249606097745
14 0.0
10 0.004248408732816132
7 0.0
-29 0.016993634931264528
9 0.02549045239689679
10 0.09771340085477104
-5 0.06797453972505811
14 0.029738861129712923
19 0.016993634931264528
10 0.004248408732816132
7 0.0
14 0.0
-9 0.004248408732816132
-21 0.008496817465632264
-14 0.0
-17 0.004248408732816132
-5 0.02549045239689679
-5 0.02549045239689679
-10 0.0
-14 0.0
-20 0.0
18 0.008496817465632264
19 0.055229313526609716
14 0.0
-2 0.0
-10 0.0
-14 0.0
-5 0.0
-14 0.008496817465632264
7 0.0
-17 0.0
-10 0.0
-21 0.008496817465632264
19 0.02549045239689679
21 0.0934649921219549
22 0.04248408732816132
14 0.004248408732816132
10 0.0
-32 0.0
19 0.0
22 0.05098090479379358
21 0.09771340085477104
-2 0.0807197659235065
22 0.016993634931264528
21 0.012745226198448395
9 0.004248408732816132
-3 0.008496817465632264
-5 0.0
14 0.0
19 0.008496817465632264
-10 0.004248408732816132
-2 0.04673249606097745
21 0.012745226198448395
-7 0.02549045239689679
-10 0.0
-14 0.0
-19 0.0
-14 0.0
-2 0.04248408732816132
-5 0.008496817465632264
-10 0.008496817465632264
19 0.004248408732816132
2 0.0
19 0.0
-7 0.0
-10 0.0
-14 0.0
7 0.008496817465632264
14 0.0
10 0.0
17 0.08921658338913876
-19 0.05098090479379358
17 0.008496817465632264
10 0.0
5 0.004248408732816132
14 0.0
-31 0.004248408732816132
19 0.02549045239689679
17 0.09771340085477104
14 0.0934649921219549
-10 0.008496817465632264
2 0.0
-2 0.0
19 0.029738861129712923
-5 0.004248408732816132
7 0.0
14 0.0
-2 0.0
10 0.008496817465632264
-10 0.008496817465632264
17 0.038235678595345185
-10 0.004248408732816132
2 0.0
-2 0.0
-13 0.029738861129712923
14 0.059477722259425846
19 0.008496817465632264
-10 0.0
2 0.0
-3 0.0
-3 0.004248408732816132
9 0.0
14 0.0
7 0.004248408732816132
-13 0.0
-10 0.0
9 0.0807197659235065
-19 0.07222294845787425
14 0.0
2 0.008496817465632264
9 0.0
14 0.012745226198448395
7 0.09771340085477104
-10 0.08921658338913876
2 0.0
-3 0.0
9 0.004248408732816132
17 0.033987269862529056
5 0.0
-3 0.004248408732816132
-13 0.0
-9 0.02124204366408066
-10 0.029738861129712923
2 0.0
-3 0.0
14 0.008496817465632264
-12 0.02124204366408066
-9 0.06372613099224197
0 0.0
-4 0.0
-4 0.004248408732816132
-9 0.0
-12 0.0
17 0.0
17 0.0
5 0.004248408732816132
12 0.0
8 0.0
15 0.08921658338913876
15 0.07222294845787425
3 0.0
8 0.0
12 0.004248408732816132
-31 0.004248408732816132
17 0.012745226198448395
15 0.0934649921219549
-9 0.0934649921219549
0 0.0
-4 0.0
12 0.0
17 0.04248408732816132
5 0.0
12 0.004248408732816132
-12 0.004248408732816132
8 0.0
-9 0.004248408732816132
-4 0.0
-9 0.033987269862529056
0 0.0
-4 0.0
15 0.0
-15 0.029738861129712923
17 0.06372613099224197
-9 0.0
0 0.0
-5 0.0
12 0.0
7 0.008496817465632264
-9 0.004248408732816132
5 0.0
-15 0.004248408732816132
12 0.0
-5 0.0
7 0.07647135719069037
7 0.07222294845787425
12 0.004248408732816132
0 0.0
-21 0.008496817465632264
-19 0.004248408732816132
2 0.004248408732816132
12 0.0
5 0.0934649921219549
-9 0.0934649921219549
0 0.0
-5 0.0
7 0.0
15 0.038235678595345185
3 0.004248408732816132
12 0.0
-15 0.0
-9 0.004248408732816132
-5 0.004248408732816132
7 0.0
-9 0.04248408732816132
0 0.0
-5 0.0
12 0.0
-14 0.029738861129712923
-9 0.06372613099224197
-6 0.0
-2 0.0
15 0.004248408732816132
15 0.0
-6 0.004248408732816132
6 0.0
-9 0.0
-14 0.0
3 0.0
10 0.016993634931264528
14 0.07222294845787425
10 0.059477722259425846
-19 0.004248408732816132
-2 0.0
6 0.012745226198448395
15 0.016993634931264528
10 0.0934649921219549
-9 0.08921658338913876
-6 0.0
-2 0.0
6 0.008496817465632264
14 0.029738861129712923
2 0.004248408732816132
-6 0.008496817465632264
10 0.0
6 0.0
-14 0.004248408732816132
-9 0.008496817465632264
-9 0.029738861129712923
-6 0.0
-2 0.0
10 0.008496817465632264
-15 0.02549045239689679
-10 0.059477722259425846
-7 0.0
9 0.004248408732816132
14 0.0
14 0.004248408732816132
5 0.008496817465632264
2 0.0
-7 0.004248408732816132
-15 0.0
-10 0.0
12 0.0807197659235065
9 0.059477722259425846
-3 0.0
5 0.004248408732816132
-19 0.008496817465632264
14 0.02124204366408066
5 0.0934649921219549
-15 0.08921658338913876
-10 0.0
-7 0.0
2 0.008496817465632264
9 0.033987269862529056
14 0.004248408732816132
2 0.0
-7 0.0
-15 0.0
5 0.04248408732816132
-15 0.004248408732816132
-10 0.0
-7 0.0
-17 0.033987269862529056
-14 0.059477722259425846
-8 0.0
-5 0.0
14 0.008496817465632264
-8 0.0
14 0.0
2 0.004248408732816132
-17 0.0
-14 0.0
7 0.016993634931264528
12 0.07647135719069037
7 0.055229313526609716
4 0.012745226198448395
-31 0.004248408732816132
14 0.029738861129712923
7 0.09771340085477104
-14 0.07647135719069037
-8 0.0
-5 0.0
4 0.02549045239689679
14 0.02124204366408066
2 0.004248408732816132
-8 0.0
-14 0.012745226198448395
-14 0.02549045239689679
-8 0.0
-5 0.0
-19 0.033987269862529056
7 0.0
-9 0.059477722259425846
-7 0.0
-3 0.0
14 0.008496817465632264
2 0.008496817465632264
-15 0.012745226198448395
-9 0.0
14 0.012745226198448395
12 0.09771340085477104
5 0.029738861129712923
3 0.016993634931264528
-19 0.0
7 0.055229313526609716
5 0.09771340085477104
-9 0.08496817465632264
-7 0.0
-3 0.0
4 0.012745226198448395
10 0.004248408732816132
-2 0.012745226198448395
-15 0.008496817465632264
-9 0.004248408732816132
-9 0.06372613099224197
-7 0.0
-3 0.0
3 0.008496817465632264
-14 0.033987269862529056
10 0.06372613099224197
-10 0.0
-7 0.0
-2 0.0
2 0.0
-2 0.012745226198448395
2 0.008496817465632264
-10 0.0
-14 0.016993634931264528
-7 0.3441211073581067
-12 0.0
-26 0.016993634931264528
-7 0.08496817465632264
-19 0.0
-10 0.059477722259425846
-14 0.1062102183204033
-2 0.0
-10 0.0
-14 0.0
-26 0.0
-2 0.06797453972505811
-38 0.0
-10 0.0
-19 0.0
-26 0.0
-7 0.04248408732816132
-17 0.012745226198448395
-3 0.02124204366408066
-15 0.0
-5 0.033987269862529056
-10 0.06372613099224197
-19 0.029738861129712923
2 0.0934649921219549
-3 0.016993634931264528
-12 0.02124204366408066
-2 0.02124204366408066
-14 0.0
-2 0.04248408732816132
-5 0.06372613099224197
-3 0.059477722259425846
-15 0.0
-10 0.033987269862529056
5 0.033987269862529056
0 0.0
-7 0.0
2 0.08496817465632264
-5 0.0
-17 0.0
-10 0.04673249606097745
-2 0.055229313526609716
10 0.11470703578603557
5 0.016993634931264528
-2 0.008496817465632264
-3 0.055229313526609716
-15 0.0
7 0.016993634931264528
2 0.09771340085477104
-5 0.06372613099224197
-17 0.0
0 0.06372613099224197
-7 0.08496817465632264
-19 0.0
2 0.008496817465632264
-2 0.08921658338913876
-3 0.0934649921219549
9 0.04248408732816132
2 0.016993634931264528
0 0.0934649921219549
-12 0.0
5 0.016993634931264528
0 0.09771340085477104
2 0.08496817465632264
-10 0.0
-5 0.038235678595345185
-10 0.008496817465632264
7 0.02124204366408066
-3 0.0
2 0.016993634931264528
0 0.10196180958758716
-12 0.0
-3 0.02124204366408066
-15 0.07647135719069037
-5 0.016993634931264528
5 0.10196180958758716
0 0.008496817465632264
2 0.055229313526609716
-10 0.0
-3 0.038235678595345185
-7 0.055229313526609716
-26 0.0
0 0.09771340085477104
-12 0.0
7 0.06797453972505811
-4 0.0
2 0.012745226198448395
-10 0.004248408732816132
-5 0.016993634931264528
-1 0.07222294845787425
-13 0.0
-4 0.012745226198448395
-5 0.11045862705321943
-16 0.0
2 0.0934649921219549
-1 0.012745226198448395
0 0.059477722259425846
-12 0.0
-4 0.02549045239689679
-26 0.0807197659235065
-10 0.0
0 0.08496817465632264
-12 0.0
5 0.06797453972505811
-9 0.0
-17 0.0
-5 0.0
0 0.008496817465632264
-7 0.008496817465632264
-12 0.008496817465632264
-1 0.06372613099224197
-13 0.0
-5 0.016993634931264528
-17 0.08921658338913876
-7 0.012745226198448395
-1 0.1062102183204033
3 0.004248408732816132
0 0.07222294845787425
-12 0.0
-5 0.033987269862529056
-26 0.059477722259425846
-9 0.004248408732816132
-2 0.11470703578603557
-14 0.0
-7 0.059477722259425846
-14 0.0
5 0.004248408732816132
-10 0.0
-18 0.0
-6 0.0
-2 0.008496817465632264
-3 0.1062102183204033
-15 0.0
-6 0.02124204366408066
-18 0.07222294845787425
-7 0.02124204366408066
0 0.10196180958758716
-3 0.02124204366408066
-2 0.05098090479379358
-14 0.0
-6 0.033987269862529056
-12 0.06797453972505811
-26 0.0
-2 0.08921658338913876
-14 0.0
2 0.06372613099224197
-19 0.0
-7 0.0
-2 0.016993634931264528
-3 0.0807197659235065
-15 0.0
-7 0.02549045239689679
-10 0.08496817465632264
-26 0.12745226198448395
-3 0.004248408732816132
-5 0.06372613099224197
-17 0.0
-7 0.02124204366408066
-10 0.0934649921219549
-8 0.0807197659235065
-10 0.0
-20 0.0
-26 0.0
-5 0.06797453972505811
-8 0.008496817465632264
-9 0.06372613099224197
-21 0.0
-17 0.1741847580454614
-14 0.09771340085477104
-8 0.06372613099224197
-20 0.0
-12 0.02124204366408066
-10 0.0934649921219549
-9 0.04673249606097745
-21 0.0
-24 0.0
-9 0.06797453972505811
-10 0.0
-6 0.12745226198448395
-9 0.012745226198448395
-10 0.008496817465632264
-22 0.0
-2 0.06797453972505811
0 0.059477722259425846
2 0.08496817465632264
-6 0.008496817465632264
-14 0.004248408732816132
-18 0.012745226198448395
3 0.07222294845787425
-9 0.012745226198448395
-21 0.0
6 0.06797453972505811
10 0.06372613099224197
-7 0.05098090479379358
-10 0.0
-22 0.0
-15 0.0
14 0.06797453972505811
-31 0.0
-7 0.02124204366408066
-15 0.0
-19 0.012745226198448395
5 0.07647135719069037
-9 0.02124204366408066
-21 0.0
4 0.06797453972505811
3 0.09771340085477104
2 0.11045862705321943
-3 0.1062102183204033
-7 0.04248408732816132
-19 0.0
-7 0.06797453972505811
-9 0.08496817465632264
-10 0.10196180958758716
-14 0.0
-2 0.06797453972505811
-26 0.0
-10 0.016993634931264528
-14 0.02549045239689679
-26 0.012745226198448395
-19 0.0
-7 0.35261792482373894
-12 0.02124204366408066
-26 0.04248408732816132
-7 0.033987269862529056
-19 0.0
-10 0.02549045239689679
-14 0.08496817465632264
-19 0.038235678595345185
-2 0.02124204366408066
-10 0.0
-14 0.0
-26 0.0
-2 0.06797453972505811
-38 0.0
-10 0.0
-19 0.0
-26 0.0
-7 0.02124204366408066
-17 0.012745226198448395
-3 0.033987269862529056
-15 0.0
-7 0.016993634931264528
-5 0.016993634931264528
-10 0.07222294845787425
-19 0.02124204366408066
2 0.11895544451885169
-3 0.016993634931264528
-12 0.008496817465632264
-2 0.038235678595345185
-14 0.0
-10 0.016993634931264528
-2 0.012745226198448395
-5 0.07647135719069037
-10 0.004248408732816132
-3 0.055229313526609716
-15 0.0
-7 0.04673249606097745
5 0.02124204366408066
0 0.016993634931264528
-5 0.059477722259425846
-17 0.0
2 0.02549045239689679
-10 0.04248408732816132
-2 0.04248408732816132
-7 0.11045862705321943
10 0.02549045239689679
5 0.016993634931264528
-3 0.06372613099224197
-15 0.0
7 0.02124204366408066
2 0.0934649921219549
-5 0.05098090479379358
-17 0.0
0 0.06797453972505811
-7 0.0934649921219549
-19 0.0
2 0.012745226198448395
-2 0.1062102183204033
-3 0.10196180958758716
9 0.033987269862529056
2 0.029738861129712923
0 0.0807197659235065
-12 0.0
5 0.016993634931264528
0 0.09771340085477104
2 0.10196180958758716
-7 0.0
-10 0.0
-17 0.0
7 0.06797453972505811
-29 0.0
-7 0.0
-10 0.0
-2 0.008496817465632264
-29 0.016993634931264528
0 0.10196180958758716
-12 0.0
2 0.016993634931264528
-22 0.08921658338913876
-5 0.016993634931264528
-3 0.04248408732816132
5 0.06797453972505811
-3 0.0
-3 0.004248408732816132
-14 0.038235678595345185
2 0.059477722259425846
-10 0.0
-2 0.012745226198448395
-7 0.10196180958758716
3 0.09771340085477104
-5 0.0
-9 0.0
-9 0.0
-24 0.0
7 0.06797453972505811
-36 0.0
-9 0.0
-17 0.0
-5 0.0
-5 0.02124204366408066
-9 0.008496817465632264
2 0.07222294845787425
-10 0.0
-5 0.11895544451885169
0 0.13594907945011622
-7 0.0
-24 0.02549045239689679
3 0.06372613099224197
-9 0.0
-5 0.016993634931264528
-17 0.08921658338913876
-9 0.008496817465632264
2 0.07222294845787425
-10 0.0
3 0.06797453972505811
-9 0.004248408732816132
-5 0.004248408732816132
0 0.07647135719069037
-12 0.0
-12 0.02124204366408066
-17 0.08921658338913876
7 0.12320385325166783
-15 0.0
-5 0.004248408732816132
-10 0.0
3 0.004248408732816132
0 0.008496817465632264
2 0.0807197659235065
-10 0.0
-9 0.008496817465632264
-17 0.11045862705321943
0 0.055229313526609716
-6 0.0
-12 0.0
10 0.06797453972505811
-24 0.0
-14 0.0
-6 0.0
6 0.004248408732816132
-2 0.0
3 0.004248408732816132
-12 0.012745226198448395
-9 0.11045862705321943
-2 0.008496817465632264
-14 0.0
14 0.10196180958758716
3 0.008496817465632264
6 0.0
2 0.008496817465632264
-18 0.02124204366408066
-14 0.09771340085477104
6 0.09771340085477104
12 0.0
0 0.008496817465632264
-12 0.0
0 0.004248408732816132
3 0.0
-9 0.0
3 0.1571911231141969
-7 0.0
-9 0.0
-9 0.0
-19 0.0
9 0.06372613099224197
-31 0.0
-9 0.0
-15 0.0
-7 0.0
-3 0.008496817465632264
3 0.004248408732816132
-31 0.016993634931264528
2 0.1062102183204033
-10 0.0
5 0.004248408732816132
-15 0.0807197659235065
-3 0.04248408732816132
-2 0.10196180958758716
7 0.055229313526609716
2 0.012745226198448395
-14 0.0
-2 0.0
3 0.06372613099224197
-9 0.0
3 0.02124204366408066
-9 0.02124204366408066
-5 0.06797453972505811
5 0.06372613099224197
-3 0.0
-7 0.0
-7 0.0
-22 0.0
-34 0.06797453972505811
-7 0.0
-15 0.0
-3 0.0
9 0.012745226198448395
-3 0.004248408732816132
-7 0.008496817465632264
3 0.0934649921219549
-9 0.0
-3 0.09771340085477104
2 0.12320385325166783
-5 0.0
-22 0.016993634931264528
5 0.08496817465632264
-7 0.0
-3 0.004248408732816132
-15 0.07647135719069037
-7 0.04673249606097745
3 0.055229313526609716
-9 0.0
5 0.06797453972505811
-3 0.008496817465632264
-7 0.004248408732816132
2 0.06372613099224197
-10 0.0
-10 0.02124204366408066
-15 0.08496817465632264
9 0.12745226198448395
-14 0.0
5 0.008496817465632264
-9 0.004248408732816132
-3 0.0
3 0.07647135719069037
-9 0.0
-7 0.016993634931264528
-15 0.09771340085477104
2 0.059477722259425846
-4 0.0
-10 0.0
12 0.06797453972505811
-22 0.0
-12 0.0
-4 0.0
0 0.008496817465632264
8 0.0
-10 0.0
5 0.008496817465632264
3 0.08921658338913876
-9 0.0
-7 0.008496817465632264
-16 0.11470703578603557
15 0.0934649921219549
8 0.012745226198448395
3 0.004248408732816132
5 0.0
-12 0.004248408732816132
5 0.08496817465632264
-7 0.0
-7 0.016993634931264528
-29 0.1571911231141969
7 0.055229313526609716
-5 0.0
-17 0.0
14 0.06797453972505811
-29 0.0
-7 0.0
-13 0.0
-5 0.0
2 0.004248408732816132
7 0.0
5 0.008496817465632264
-13 0.0
8 0.13594907945011622
-4 0.0
-10 0.02124204366408066
-7 0.08921658338913876
17 0.12320385325166783
-10 0.0
-1 0.0
7 0.012745226198448395
5 0.004248408732816132
-5 0.04248408732816132
9 0.055229313526609716
-3 0.0
-4 0.02549045239689679
-3 0.08921658338913876
10 0.07222294845787425
-2 0.0
-24 0.0
15 0.06372613099224197
-6 0.0
-9 0.0
-14 0.0
-24 0.0
6 0.0
3 0.0
-6 0.0
-9 0.0
-2 0.0
3 0.012745226198448395
-2 0.0
-9 0.004248408732816132
6 0.004248408732816132
-12 0.008496817465632264
9 0.0807197659235065
-3 0.0
-1 0.016993634931264528
0 0.09771340085477104
2 0.0934649921219549
10 0.08921658338913876
-2 0.0
3 0.016993634931264528
4 0.09771340085477104
-31 0.029738861129712923
-31 0.02124204366408066
9 0.04673249606097745
-3 0.0
-19 0.0
-15 0.059477722259425846
-3 0.0
5 0.008496817465632264
-7 0.0
-9 0.0
-15 0.0
5 0.0
-3 0.0
3 0.012745226198448395
10 0.1062102183204033
-2 0.0
-12 0.02124204366408066
-9 0.0934649921219549
19 0.0934649921219549
7 0.004248408732816132
15 0.012745226198448395
-3 0.0
11 0.08496817465632264
-1 0.0
-2 0.02124204366408066
-1 0.0934649921219549
12 0.05098090479379358
0 0.0
-22 0.0
17 0.06797453972505811
-4 0.0
-7 0.0
-12 0.0
-22 0.0
8 0.0
5 0.0
-4 0.0
5 0.016993634931264528
8 0.004248408732816132
0 0.0
-10 0.004248408732816132
-7 0.0
11 0.0934649921219549
-1 0.0
1 0.012745226198448395
2 0.1062102183204033
3 0.08921658338913876
12 0.09771340085477104
0 0.0
5 0.008496817465632264
6 0.11895544451885169
-25 0.06797453972505811
11 0.004248408732816132
-1 0.0
-25 0.0
-17 0.02124204366408066
7 0.04248408732816132
-5 0.0
-7 0.0
-10 0.0
-25 0.0
7 0.0
-5 0.0
2 0.012745226198448395
5 0.004248408732816132
-10 0.004248408732816132
12 0.11895544451885169
0 0.0
-7 0.02124204366408066
-5 0.0934649921219549
-1 0.10196180958758716
20 0.016993634931264528
8 0.004248408732816132
17 0.004248408732816132
14 0.0
13 0.07647135719069037
1 0.0
0 0.016993634931264528
1 0.09771340085477104
14 0.07222294845787425
2 0.0
-29 0.0
19 0.06797453972505811
-7 0.0
-10 0.0
-17 0.0
-29 0.0
-7 0.0
7 0.004248408732816132
17 0.004248408732816132
2 0.008496817465632264
-5 0.004248408732816132
15 0.09771340085477104
3 0.0
3 0.016993634931264528
5 0.09771340085477104
7 0.12745226198448395
17 0.10196180958758716
5 0.0
9 0.008496817465632264
11 0.11045862705321943
15 0.1317006707173001
3 0.0
-24 0.004248408732816132
7 0.06372613099224197
19 0.0
-9 0.0
-12 0.0
-17 0.0
-36 0.0
3 0.0
-9 0.0
12 0.004248408732816132
-24 0.004248408732816132
-36 0.0
14 0.16568794057982913
14 0.016993634931264528
2 0.0
-17 0.02124204366408066
-12 0.12745226198448395
21 0.004248408732816132
15 0.0
9 0.0
17 0.11045862705321943
-5 0.04248408732816132
-9 0.004248408732816132
18 0.10196180958758716
22 0.016993634931264528
10 0.004248408732816132
15 0.0
3 0.0
-14 0.11470703578603557
-9 0.0
-2 0.0
22 0.016993634931264528
19 0.008496817465632264
10 0.0
-14 0.004248408732816132
14 0.16568794057982913
2 0.0
-19 0.0
21 0.06797453972505811
17 0.0
3 0.0
-3 0.0
-7 0.0
-19 0.0
5 0.0
3 0.0
9 0.004248408732816132
-3 0.02124204366408066
-7 0.0
-9 0.012745226198448395
-15 0.004248408732816132
12 0.161439531847013
0 0.0
19 0.012745226198448395
-15 0.04673249606097745
21 0.06372613099224197
19 0.1062102183204033
15 0.012745226198448395
7 0.0
-24 0.004248408732816132
14 0.1317006707173001
2 0.0
14 0.008496817465632264
-31 0.05098090479379358
15 0.06372613099224197
12 0.1571911231141969
0 0.0
-22 0.0
17 0.06797453972505811
0 0.0
-4 0.0
-7 0.0
-22 0.0
2 0.0
5 0.004248408732816132
14 0.004248408732816132
-4 0.033987269862529056
-7 0.0
-12 0.0
-16 0.004248408732816132
11 0.13594907945011622
-1 0.0
11 0.11895544451885169
12 0.12320385325166783
0 0.0
12 0.12745226198448395
0 0.0
14 0.004248408732816132
-22 0.10196180958758716
12 0.02124204366408066
11 0.1062102183204033
-1 0.0
-17 0.0
15 0.06797453972505811
-29 0.0
-1 0.0
-7 0.0
-10 0.0
-29 0.0
-1 0.0
3 0.004248408732816132
11 0.004248408732816132
10 0.1062102183204033
-2 0.0
-17 0.06372613099224197
5 0.09771340085477104
-13 0.08496817465632264
-7 0.0
14 0.07222294845787425
2 0.008496817465632264
11 0.004248408732816132
6 0.13594907945011622
11 0.008496817465632264
-1 0.0
-5 0.06797453972505811
7 0.07222294845787425
10 0.13594907945011622
-2 0.0
-24 0.0
-24 0.055229313526609716
14 0.012745226198448395
-2 0.0
-6 0.0
-9 0.0
-24 0.0
3 0.0
-2 0.0
2 0.008496817465632264
10 0.0
6 0.008496817465632264
-14 0.161439531847013
5 0.10196180958758716
15 0.12745226198448395
3 0.0
6 0.18268157551109368
-6 0.05098090479379358
9 0.055229313526609716
-22 0.0807197659235065
12 0.06797453972505811
10 0.0
6 0.0
-34 0.0
0 0.0
0 0.008496817465632264
-22 0.038235678595345185
9 0.1062102183204033
10 0.12745226198448395
-12 0.008496817465632264
9 0.033987269862529056
-3 0.0
9 0.06797453972505811
-3 0.0
7 0.11895544451885169
-6 0.008496817465632264
9 0.1062102183204033
7 0.07222294845787425
-5 0.0
-21 0.0
7 0.06797453972505811
-33 0.0
-5 0.0
-21 0.02124204366408066
-12 0.004248408732816132
0 0.10196180958758716
-5 0.11895544451885169
1 0.012745226198448395
2 0.08921658338913876
14 0.12745226198448395
-10 0.004248408732816132
9 0.11470703578603557
-20 0.0807197659235065
-14 0.029738861129712923
-20 0.008496817465632264
10 0.029738861129712923
-32 0.0
2 0.0
-2 0.0
2 0.1317006707173001
-5 0.06372613099224197
-2 0.016993634931264528
6 0.04248408732816132
-6 0.0
2 0.06797453972505811
7 0.1062102183204033
-10 0.038235678595345185
6 0.07222294845787425
5 0.06797453972505811
-7 0.0
-19 0.0
5 0.06372613099224197
-31 0.0
-14 0.012745226198448395
-19 0.008496817465632264
2 0.0934649921219549
-7 0.11045862705321943
-2 0.02549045239689679
0 0.09771340085477104
-10 0.07647135719069037
12 0.038235678595345185
5 0.12320385325166783
4 0.05098090479379358
-8 0.0
-18 0.0
-18 0.04248408732816132
9 0.02124204366408066
-30 0.0
0 0.0
-3 0.0
4 0.11895544451885169
-12 0.0934649921219549
-3 0.016993634931264528
3 0.05098090479379358
-9 0.0
-2 0.06797453972505811
10 0.11045862705321943
-2 0.0
-9 0.04248408732816132
3 0.0807197659235065
2 0.04248408732816132
-10 0.0
-17 0.004248408732816132
7 0.06372613099224197
-29 0.0
-5 0.0
-14 0.02549045239689679
-17 0.004248408732816132
2 0.10196180958758716
-5 0.1062102183204033
-10 0.02549045239689679
-2 0.1062102183204033
1 0.11470703578603557
-11 0.0
2 0.008496817465632264
-11 0.02124204366408066
1 0.09771340085477104
0 0.11045862705321943
-12 0.0
-19 0.0
-26 0.0
5 0.06797453972505811
-19 0.0
-26 0.0
0 0.004248408732816132
-26 0.012745226198448395
-4 0.1317006707173001
-12 0.11895544451885169
-9 0.004248408732816132
-1 0.10196180958758716
-13 0.0
7 0.06797453972505811
-10 0.016993634931264528
-4 0.1741847580454614
-1 0.11470703578603557
-33 0.14869430564856462
-2 0.008496817465632264
-9 0.0
-14 0.0
-17 0.0
-33 0.0
3 0.06797453972505811
-9 0.016993634931264528
-17 0.0
-5 0.004248408732816132
-33 0.004248408732816132
-2 0.0
-26 0.016993634931264528
-17 0.22091725410643887
-21 0.008496817465632264
7 0.161439531847013
-5 0.0
3 0.012745226198448395
-2 0.0
-14 0.1317006707173001
10 0.24640770650333566
-2 0.004248408732816132
7 0.004248408732816132
-9 0.0
3 0.004248408732816132
-5 0.0
-14 0.008496817465632264
-9 0.2549045239689679
-17 0.0
-14 0.0
0 0.02124204366408066
-12 0.0
12 0.06797453972505811
0 0.008496817465632264
7 0.0
3 0.0
-17 0.17843316677827753
-21 0.0
-26 0.02124204366408066
2 0.161439531847013
-6 0.0
-14 0.0
-10 0.0
-14 0.0
-24 0.0
14 0.06372613099224197
-2 0.0
-6 0.0
-9 0.0
2 0.008496817465632264
10 0.004248408732816132
6 0.0
-36 0.004248408732816132
-24 0.004248408732816132
-14 0.2549045239689679
-18 0.016993634931264528
3 0.04673249606097745
-9 0.0
15 0.06372613099224197
6 0.0
3 0.008496817465632264
10 0.004248408732816132
-9 0.1444458969157485
18 0.20392361917517432
6 0.008496817465632264
15 0.008496817465632264
10 0.0
-6 0.012745226198448395
-9 0.0
-14 0.012745226198448395
-6 0.22091725410643887
-2 0.008496817465632264
-9 0.004248408732816132
6 0.06797453972505811
-6 0.0
22 0.06797453972505811
18 0.004248408732816132
10 0.0
15 0.016993634931264528
-29 0.161439531847013
-41 0.008496817465632264
7 0.1869299842439098
-13 0.0
-5 0.0
-13 0.0
-22 0.0
-29 0.0
26 0.06797453972505811
-1 0.0
-5 0.0
-10 0.0
23 0.008496817465632264
14 0.0
-13 0.0
19 0.004248408732816132
-10 0.008496817465632264
-22 0.0
-17 0.008496817465632264
6 0.0934649921219549
-6 0.0
-13 0.15294271438138074
-10 0.008496817465632264
23 0.1062102183204033
11 0.004248408732816132
14 0.012745226198448395
19 0.004248408732816132
7 0.09771340085477104
-5 0.0
-5 0.033987269862529056
-1 0.0
-10 0.012745226198448395
6 0.1444458969157485
-6 0.0
19 0.06797453972505811
14 0.008496817465632264
7 0.0
11 0.0
-1 0.0
2 0.016993634931264528
-5 0.004248408732816132
5 0.1062102183204033
-7 0.0
-1 0.1444458969157485
-5 0.0
-10 0.012745226198448395
15 0.08921658338913876
3 0.008496817465632264
11 0.0
7 0.008496817465632264
-9 0.14019748818293234
-5 0.008496817465632264
6 0.0
-6 0.0
-13 0.02124204366408066
5 0.18268157551109368
-6 0.0
-14 0.0
-7 0.0
-14 0.0
-24 0.0
14 0.06372613099224197
-2 0.0
-6 0.0
-9 0.0
2 0.012745226198448395
6 0.0
10 0.004248408732816132
-36 0.02549045239689679
-24 0.012745226198448395
3 0.07222294845787425
-9 0.0
-14 0.161439531847013
-18 0.016993634931264528
10 0.1062102183204033
6 0.0
-2 0.012745226198448395
3 0.016993634931264528
5 0.07647135719069037
-7 0.0
-18 0.033987269862529056
-9 0.016993634931264528
3 0.14019748818293234
-9 0.0
-24 0.0
6 0.06797453972505811
-6 0.008496817465632264
-2 0.012745226198448395
2 0.11470703578603557
-10 0.0
-9 0.1062102183204033
-2 0.0
-14 0.016993634931264528
-6 0.14869430564856462
3 0.0
-2 0.016993634931264528
3 0.11895544451885169
-9 0.0
-14 0.055229313526609716
-9 0.004248408732816132
-18 0.008496817465632264
2 0.1317006707173001
-7 0.0
-19 0.004248408732816132
-31 0.0
-31 0.012745226198448395
-7 0.04248408732816132
2 0.008496817465632264
-7 0.0
-10 0.0
-10 0.012745226198448395
-14 0.004248408732816132
-19 0.004248408732816132
5 0.12320385325166783
-7 0.016993634931264528
5 0.08921658338913876
-7 0.008496817465632264
10 0.12320385325166783
2 0.012745226198448395
-2 0.004248408732816132
-10 0.0
0 0.08921658338913876
-3 0.0
-10 0.0
-19 0.0
-31 0.0
2 0.18268157551109368
-2 0.0
-10 0.0
-19 0.0
-31 0.0
14 0.28464338509868087
10 0.016993634931264528
-10 0.008496817465632264
-14 0.0
9 0.11470703578603557
-7 0.0
2 0.02124204366408066
5 0.008496817465632264
-3 0.09771340085477104
-7 0.0
-10 0.0
-19 0.0
-31 0.0
-12 0.06797453972505811
-15 0.0
-22 0.0
-19 0.05098090479379358
12 0.0
-14 0.008496817465632264
-2 0.059477722259425846
-5 0.0
-10 0.0
-19 0.0
-31 0.0
7 0.06797453972505811
-14 0.0
-10 0.0
-22 0.0
2 0.008496817465632264
-5 0.016993634931264528
9 0.08921658338913876
-3 0.012745226198448395
9 0.09771340085477104
-3 0.016993634931264528
14 0.12320385325166783
-3 0.008496817465632264
9 0.0
5 0.008496817465632264
2 0.0
-7 0.012745226198448395
3 0.08921658338913876
0 0.0
-7 0.0
-9 0.0
-19 0.0
-31 0.0
3 0.06797453972505811
0 0.0
-9 0.0
-12 0.0
5 0.11895544451885169
2 0.0
-7 0.0
-10 0.0
-19 0.0
-31 0.0
5 0.06372613099224197
2 0.0
-7 0.0
-10 0.0
17 0.1869299842439098
-7 0.016993634931264528
5 0.004248408732816132
-10 0.004248408732816132
12 0.10196180958758716
-4 0.012745226198448395
0 0.02549045239689679
0 0.13594907945011622
-4 0.0
-10 0.0
-19 0.0
-31 0.0
-7 0.06797453972505811
-19 0.0
-12 0.0
-7 0.033987269862529056
-10 0.0
15 0.004248408732816132
-13 0.0
12 0.012745226198448395
3 0.0
2 0.07222294845787425
-1 0.0
-5 0.0
-10 0.0
-19 0.0
-31 0.0
11 0.06372613099224197
-13 0.0
-7 0.0
-19 0.0
7 0.008496817465632264
-1 0.012745226198448395
-5 0.012745226198448395
12 0.0934649921219549
0 0.02124204366408066
-5 0.02124204366408066
14 0.0807197659235065
2 0.02549045239689679
17 0.14869430564856462
5 0.016993634931264528
0 0.004248408732816132
14 0.008496817465632264
2 0.004248408732816132
-7 0.004248408732816132
-4 0.0
5 0.11895544451885169
2 0.0
-5 0.0
-7 0.0
-10 0.0
-19 0.0
-31 0.0
5 0.06797453972505811
2 0.0
-7 0.0
-10 0.0
7 0.14869430564856462
3 0.0
-5 0.0
-9 0.0
-19 0.0
-31 0.0
7 0.06797453972505811
3 0.0
-5 0.0
-9 0.0
19 0.259152932701784
7 0.008496817465632264
15 0.0
-5 0.004248408732816132
-9 0.004248408732816132
14 0.11895544451885169
-2 0.008496817465632264
10 0.02124204366408066
2 0.0
2 0.1571911231141969
-1 0.0
-5 0.0
-9 0.0
-19 0.0
-31 0.0
-13 0.06797453972505811
-5 0.0
-17 0.0
-9 0.033987269862529056
17 0.016993634931264528
-12 0.004248408732816132
5 0.016993634931264528
3 0.07222294845787425
0 0.0
-5 0.0
-9 0.0
-19 0.0
-31 0.0
-5 0.055229313526609716
12 0.012745226198448395
0 0.0
-5 0.0
-17 0.0
-12 0.0
7 0.004248408732816132
15 0.2803949763658647
-9 0.004248408732816132
12 0.02124204366408066
-5 0.12320385325166783
19 0.004248408732816132
7 0.008496817465632264
-2 0.004248408732816132
-12 0.016993634931264528
12 0.15294271438138074
7 0.0
0 0.0
-9 0.0
-12 0.0
-19 0.0
-24 0.0
-31 0.0
12 0.06797453972505811
7 0.0
0 0.0
-2 0.0
-9 0.0
-2 0.0
-5 0.0
-9 0.0
-12 0.0
-5 0.04248408732816132
22 0.004248408732816132
10 0.012745226198448395
14 0.10196180958758716
7 0.0
2 0.0
-8 0.0
-12 0.0
-19 0.0
-24 0.0
-31 0.0
19 0.04248408732816132
-2 0.004248408732816132
14 0.004248408732816132
2 0.012745226198448395
-8 0.004248408732816132
14 0.0
7 0.0
2 0.0
-2 0.0
-8 0.0
-2 0.0
-5 0.0
-8 0.0
-12 0.0
26 0.27614656763304857
-3 0.0
14 0.004248408732816132
-7 0.11045862705321943
-9 0.0
-3 0.02124204366408066
9 0.0
21 0.012745226198448395
-7 0.02124204366408066
17 0.004248408732816132
9 0.008496817465632264
5 0.0
-3 0.0
-7 0.0
-9 0.0
-3 0.0
-7 0.0
-9 0.0
5 0.004248408732816132
3 0.004248408732816132
29 0.27189815890023245
17 0.004248408732816132
5 0.016993634931264528
-2 0.08496817465632264
10 0.0
-7 0.0
-10 0.0
-14 0.0
-26 0.0
22 0.06797453972505811
10 0.0
10 0.0
5 0.0
-2 0.0
-7 0.0
-10 0.0
-2 0.0
-7 0.0
-10 0.0
2 0.008496817465632264
10 0.008496817465632264
-2 0.004248408732816132
14 0.10196180958758716
2 0.0
5 0.06372613099224197
17 0.0
17 0.06797453972505811
14 0.0
10 0.0
5 0.0
-7 0.0
-14 0.0
5 0.0
2 0.0
-7 0.0
-10 0.0
-14 0.0
-26 0.0
-19 0.0
10 0.08921658338913876
22 0.0
2 0.0
-7 0.0
-14 0.0
-14 0.0
22 0.06797453972505811
14 0.0
10 0.0
10 0.0
-7 0.0
-14 0.0
2 0.0
-7 0.0
10 0.0
2 0.0
-2 0.0
-10 0.0
-14 0.0
-26 0.0
-19 0.0
5 0.6585033535865005
17 0.0
17 0.06797453972505811
5 0.0
9 0.08496817465632264
21 0.0
-7 0.0
-10 0.0
-19 0.0
21 0.06797453972505811
14 0.0
9 0.0
9 0.0
-7 0.0
-10 0.0
2 0.0
-10 0.0
9 0.0
5 0.0
-3 0.0
-7 0.0
-10 0.0
-22 0.0
-19 0.0
2 0.07222294845787425
14 0.0
17 0.06797453972505811
5 0.0
2 0.06797453972505811
14 0.0
14 0.06797453972505811
2 0.0
7 0.0807197659235065
19 0.0
-5 0.0
-14 0.0
-17 0.0
19 0.06797453972505811
14 0.0
10 0.0
7 0.0
-2 0.0
-17 0.0
-2 0.0
-10 0.0
7 0.0
-2 0.0
-5 0.0
-14 0.0
-17 0.0
-29 0.0
-17 0.0
2 0.23366248030488726
14 0.0
14 0.06797453972505811
2 0.0
5 0.07222294845787425
17 0.0
-7 0.0
-10 0.0
-14 0.0
17 0.06797453972505811
14 0.0
10 0.0
5 0.0
-2 0.0
-14 0.0
-2 0.0
-14 0.0
5 0.0
2 0.0
-7 0.0
-10 0.0
-14 0.0
-26 0.0
-19 0.0
-2 0.07222294845787425
10 0.0
14 0.06797453972505811
2 0.0
-2 0.06372613099224197
10 0.0
10 0.06797453972505811
-2 0.0
3 0.07647135719069037
15 0.0
-5 0.0
-14 0.0
-21 0.0
-21 0.0
15 0.06797453972505811
10 0.0
7 0.0
3 0.0
-2 0.0
-21 0.0
-2 0.0
-14 0.0
3 0.0
-5 0.0
-9 0.0
-17 0.0
-21 0.0
-33 0.0
-17 0.0
-2 0.2506561152361518
10 0.0
10 0.06797453972505811
-2 0.0
2 0.06797453972505811
14 0.0
-19 0.0
-7 0.004248408732816132
-9 0.0
14 0.06372613099224197
9 0.0
5 0.0
2 0.0
-3 0.0
-19 0.0
-3 0.0
-15 0.0
2 0.0
-7 0.0
-9 0.0
-15 0.0
-19 0.0
-31 0.0
-19 0.0
-3 0.06372613099224197
9 0.0
9 0.06797453972505811
-3 0.0
-3 0.06372613099224197
9 0.0
5 0.06797453972505811
-7 0.0
-2 0.07647135719069037
10 0.0
-7 0.0
-10 0.0
-14 0.0
10 0.06797453972505811
10 0.0
2 0.0
-2 0.0
-2 0.0
-14 0.0
-2 0.0
-14 0.0
-2 0.0
-10 0.0
-10 0.0
-19 0.0
-14 0.0
-26 0.0
-19 0.0
-7 0.2506561152361518
5 0.0
-7 0.0
-10 0.0
-19 0.0
-26 0.0
5 0.06797453972505811
5 0.0
2 0.0
5 0.0
2 0.0
-14 0.0
-26 0.0
-7 0.0
-10 0.0
-19 0.0
-14 0.0
-26 0.0
-2 0.09771340085477104
10 0.0
-7 0.0
-10 0.0
-19 0.0
-26 0.0
10 0.06797453972505811
10 0.0
2 0.0
10 0.0
2 0.0
-14 0.0
-26 0.0
-2 0.0
-10 0.0
-19 0.0
-14 0.0
-26 0.0
5 0.6585033535865005
5 0.06797453972505811
5 0.0
8 0.0934649921219549
-4 0.0
-7 0.0
-13 0.0
-23 0.0
8 0.06797453972505811
-1 0.0
1 0.0
8 0.0
-23 0.0
-35 0.0
-4 0.0
-7 0.0
-11 0.0
-13 0.0
5 0.07222294845787425
1 0.1317006707173001
6 0.14869430564856462
1 0.0
-6 0.0
-14 0.0
-18 0.0
6 0.06797453972505811
1 0.0
-2 0.0
6 0.0
-18 0.0
-30 0.0
-6 0.0
-11 0.0
-14 0.0
1 0.23366248030488726
1 0.06797453972505811
1 0.0
5 0.06372613099224197
-7 0.0
-14 0.0
-16 0.0
-26 0.0
5 0.06797453972505811
-2 0.0
-4 0.0
5 0.0
-14 0.0
-26 0.0
-7 0.0
-10 0.0
-14 0.0
-16 0.0
2 0.07222294845787425
-2 0.12745226198448395
3 0.161439531847013
-9 0.0
-14 0.0
-18 0.0
-21 0.0
3 0.06797453972505811
-2 0.0
-6 0.0
3 0.0
-21 0.0
-33 0.0
-9 0.0
-14 0.0
-18 0.0
-2 0.24640770650333566
-2 0.06797453972505811
-2 0.0
2 0.059477722259425846
-7 0.0
-9 0.0
-15 0.0
-19 0.0
2 0.06797453972505811
-3 0.0
-7 0.0
2 0.0
-19 0.0
-31 0.0
-7 0.0
-9 0.0
-15 0.0
-19 0.0
-3 0.06797453972505811
-7 0.12745226198448395
-2 0.1741847580454614
-7 0.0
-10 0.0
-14 0.0
-14 0.0
-2 0.06797453972505811
-2 0.0
-2 0.0
-14 0.0
-26 0.0
-10 0.0
-14 0.0
-19 0.0
-7 0.4120956470831648
-10 0.0
-14 0.0
-15 0.0
-7 0.3143822462283938
-10 0.0
-14 0.0
-5 0.1317006707173001
-10 0.0
-14 0.0
-17 0.0
-3 0.41634405581598094
-7 0.0
-9 0.0
-12 0.0
-19 0.0
5 0.06797453972505811
-7 0.0
5 0.0
-7 0.0
-9 0.0
-15 0.0
-19 0.0
-2 0.3951020121519003
-7 0.0
-10 0.0
-14 0.0
-14 0.0
-2 0.06797453972505811
-2 0.0
-10 0.0
-14 0.0
-19 0.0
-7 0.36536315102218736
-10 0.0
-14 0.0
-15 0.0
-7 0.33137588115965827
-10 0.0
-14 0.0
-5 0.11895544451885169
-10 0.0
-14 0.0
-17 0.0
-3 0.40784723835034864
-7 0.0
-9 0.0
-12 0.0
-19 0.0
5 0.06797453972505811
-7 0.0
5 0.0
-7 0.0
-9 0.0
-15 0.0
-19 0.0
-2 0.3696115597550035
-6 0.0
-14 0.0
-11 0.0
-18 0.0
-2 0.06797453972505811
-6 0.0
-2 0.0
-6 0.0
-11 0.0
-14 0.0
-18 0.0
-11 0.41634405581598094
-14 0.0
-18 0.0
-19 0.0
-11 0.2803949763658647
-14 0.0
-18 0.0
-9 0.12320385325166783
-14 0.0
-18 0.0
-21 0.0
-7 0.4290892820144293
-11 0.0
-14 0.0
-19 0.0
-23 0.0
1 0.06797453972505811
-2 0.0
1 0.0
-7 0.0
-11 0.0
-16 0.0
-19 0.0
-6 0.386605194686268
-11 0.0
-14 0.0
-18 0.0
-18 0.0
-2 0.07222294845787425
-6 0.0
-2 0.0
-6 0.0
-11 0.0
-14 0.0
-18 0.0
-11 0.38235678595345185
-14 0.0
-18 0.0
-19 0.0
-11 0.31013383749557766
-14 0.0
-18 0.0
-9 0.11470703578603557
-14 0.0
-18 0.0
-21 0.0
-7 0.4290892820144293
-11 0.0
-14 0.0
-19 0.0
-23 0.0
1 0.06797453972505811
-2 0.0
1 0.0
-7 0.0
-11 0.0
-16 0.0
-19 0.0
-6 0.40784723835034864
-14 0.0
-18 0.0
-14 0.0
-18 0.0
-21 0.0
-6 0.0
-9 0.0
-18 0.0
-21 0.0
-6 0.0
-9 0.0
-14 0.0
-23 0.4120956470831648
-24 0.13594907945011622
-25 0.13594907945011622
-26 0.14019748818293234
-2 0.029738861129712923
-11 0.0
-23 0.0
-26 0.0
-2 0.0
-11 0.0
-19 0.0
-11 0.40784723835034864
-14 0.0
-30 0.0
-30 0.02549045239689679
-18 0.0
-11 0.11470703578603557
-9 0.0
-14 0.0
-7 0.14019748818293234
-11 0.0
-14 0.0
-6 0.17843316677827753
-9 0.0
-14 0.0
-21 0.0
-6 0.0
-9 0.0
-18 0.0
-21 0.0
-6 0.0
-9 0.0
-14 0.0
-23 0.4375860994800616
-24 0.1444458969157485
-25 0.14869430564856462
-26 0.1444458969157485
-2 0.02549045239689679
-11 0.0
-23 0.0
-26 0.0
-2 0.0
-11 0.0
-19 0.0
-11 0.4248408732816132
-14 0.0
-30 0.0
-30 0.012745226198448395
-18 0.0
-9 0.14869430564856462
-11 0.0
-14 0.0
-8 0.1317006707173001
-11 0.0
-14 0.0
-7 0.1571911231141969
-11 0.0
-16 0.0
-23 0.0
-7 0.0
-11 0.0
-19 0.0
-23 0.0
-7 0.0
-11 0.0
-16 0.0
-25 0.4248408732816132
-26 0.1444458969157485
-27 0.14019748818293234
-28 0.1444458969157485
-4 0.02549045239689679
-13 0.0
-25 0.0
-28 0.0
-4 0.0
-13 0.0
-21 0.0
-13 0.42059246454879706
-16 0.0
-32 0.0
-32 0.033987269862529056
-20 0.0
-11 0.1062102183204033
-13 0.0
-16 0.0
-10 0.1571911231141969
-13 0.0
-16 0.0
-9 0.19117839297672592
-13 0.0
-18 0.0
-25 0.0
-9 0.0
-13 0.0
-21 0.0
-25 0.0
-9 0.0
-13 0.0
-18 0.0
-26 0.40784723835034864
-28 0.14019748818293234
-29 0.13594907945011622
-30 0.13594907945011622
-6 0.02549045239689679
-14 0.0
-26 0.0
-30 0.0
-6 0.0
-14 0.0
-23 0.0
-33 0.41634405581598094
-21 0.0
-14 0.012745226198448395
-18 0.0
-33 0.0
-13 0.14019748818293234
-14 0.0
-18 0.0
-12 0.1444458969157485
-14 0.0
-18 0.0
-11 0.161439531847013
-14 0.0
-18 0.0
-30 0.0
-11 0.0
-14 0.0
-18 0.0
-30 0.02549045239689679
-11 0.0
-14 0.0
-23 0.0
-30 0.0
-11 0.39085360341908415
-14 0.0
-18 0.0
-31 0.02549045239689679
-11 0.11470703578603557
-14 0.0
-18 0.0
-11 0.1444458969157485
-14 0.0
-18 0.0
-11 0.17843316677827753
-14 0.0
-18 0.0
-33 0.02549045239689679
-7 0.45033132567851
-13 0.0
-16 0.0
-35 0.02549045239689679
-23 0.0
-35 0.0
-11 0.3993504208847164
-14 0.0
-18 0.0
-11 0.0
-14 0.0
-18 0.0
-30 0.02549045239689679
-23 0.0
-30 0.0
-11 0.40784723835034864
-14 0.0
-18 0.0
-31 0.02549045239689679
-11 0.11045862705321943
-14 0.0
-18 0.0
-11 0.15294271438138074
-14 0.0
-18 0.0
-11 0.12320385325166783
-14 0.0
-18 0.0
-33 0.02549045239689679
-7 0.3993504208847164
-13 0.0
-16 0.0
-35 0.004248408732816132
-23 0.02124204366408066
-35 0.0
-26 0.4290892820144293
-23 0.0
-26 0.0
-11 0.0
-14 0.0
-19 0.0
-11 0.4545797344113261
-14 0.0
-19 0.0
-28 0.02549045239689679
-11 0.2931402025643131
-14 0.0
-19 0.0
-11 0.13594907945011622
-14 0.0
-19 0.0
-30 0.02549045239689679
-31 0.41634405581598094
-23 0.0
-31 0.0
-7 0.0
-15 0.0
-19 0.0
-26 0.44183450821287773
-23 0.0
-26 0.0
-11 0.0
-14 0.0
-19 0.0
-11 0.42059246454879706
-14 0.0
-19 0.0
-28 0.02549045239689679
-11 0.3143822462283938
-14 0.0
-19 0.0
-11 0.11470703578603557
-14 0.0
-19 0.0
-30 0.02549045239689679
-31 0.42059246454879706
-23 0.0
-31 0.0
-7 0.0
-15 0.0
-19 0.0
-16 0.4673249606097745
-19 0.0
-23 0.0
-11 0.0
-23 0.0
-16 0.0
-19 0.0
-23 0.8454333378304103
-23 0.0
-23 0.0
-11 0.42059246454879706
-23 0.0
-18 0.4545797344113261
-21 0.0
-11 0.0
-23 0.0
-18 0.0
-21 0.0
-25 0.90066265135702
-25 0.0
-25 0.0
-11 0.44183450821287773
-23 0.0
-19 0.4545797344113261
-23 0.0
-11 0.0
-23 0.0
-19 0.0
-23 0.0
-26 0.8411849290975941
-26 0.0
-26 0.0
-11 0.4290892820144293
-23 0.0
-13 0.4248408732816132
-11 0.0
-23 0.0
-19 0.0
-13 0.0
-28 0.9176562862882846
-28 0.0
-28 0.0
-11 0.4035988296175325
-11 0.0
-23 0.0
-11 0.45033132567851
-14 0.0
-18 0.0
-23 0.0
-30 0.0
-14 0.0
-18 0.0
-23 0.0
-30 0.0
-11 0.0
-23 0.0
-14 0.0
-18 0.0
-30 0.0
-30 0.0
-30 0.06797453972505811
-11 1.2107964888525975
-14 0.0
-18 0.0
-23 0.0
-30 0.0
-30 0.06797453972505811
-11 0.42059246454879706
-14 0.0
-18 0.0
-23 0.0
-30 0.0
-30 0.06797453972505811
-11 1.2277901237838622
-14 0.0
-18 0.0
-23 0.0
-30 0.0
-30 0.06797453972505811
-11 0.386605194686268
-14 0.0
-18 0.0
-23 0.0
-30 0.0
-30 0.06797453972505811
-11 0.7902040243038005
-14 0.0
-18 0.0
-23 0.0
-30 0.0
-30 0.06797453972505811
-11 0.36111474228937124
-14 0.0
-18 0.0
-23 0.0
-30 0.0
-30 0.06797453972505811
-11 0.386605194686268
-14 0.0
-18 0.0
-23 0.0
-30 0.0
-30 0.06797453972505811
-11 1.2575289849135751
-14 0.0
-18 0.0
-23 0.0
-30 0.0
-30 0.06797453972505811
-11 0.3738599684878196
-14 0.0
-18 0.0
-23 0.0
-30 0.0
-30 0.06797453972505811
6 0.36111474228937124
2 0.008496817465632264
7 0.12320385325166783
3 0.012745226198448395
4 0.07647135719069037
8 0.038235678595345185
5 0.059477722259425846
9 0.008496817465632264
10 0.11895544451885169
6 0.0
-14 0.48431859554103907
-11 0.0
-18 0.0
-30 0.0
-23 0.0
-30 0.06797453972505811
9 0.1741847580454614
1 0.004248408732816132
5 0.016993634931264528
-14 0.21666884537362274
-11 0.0
-18 0.0
-30 0.0
-23 0.0
10 0.06372613099224197
-30 0.0
6 0.008496817465632264
10 0.7052358496474779
6 0.02549045239689679
9 0.07647135719069037
5 0.029738861129712923
10 0.0807197659235065
6 0.02124204366408066
13 0.23791088903770338
5 0.02124204366408066
9 0.0
10 0.23791088903770338
14 0.0
6 0.008496817465632264
9 0.225165662839255
1 0.012745226198448395
5 0.008496817465632264
10 0.22941407157207114
6 0.004248408732816132
10 0.2549045239689679
6 0.0
9 0.11895544451885169
5 0.02549045239689679
10 0.07647135719069037
6 0.008496817465632264
-11 0.4588281431441423
-14 0.0
-18 0.0
-23 0.0
-30 0.0
-30 0.06372613099224197
9 0.2676497501674163
5 0.008496817465632264
2 0.012745226198448395
-11 0.19542680170954208
-14 0.0
-18 0.0
-23 0.0
-30 0.0
-30 0.06797453972505811
6 0.004248408732816132
10 0.0
-11 0.47582177807540676
-14 0.0
-18 0.0
-23 0.0
-30 0.0
-30 0.06797453972505811
9 0.23791088903770338
5 0.008496817465632264
1 0.0
10 0.24640770650333566
6 0.004248408732816132
9 0.22091725410643887
0 0.012745226198448395
4 0.02124204366408066
6 0.21666884537362274
10 0.004248408732816132
3 0.24215929777051953
-1 0.02549045239689679
8 0.004248408732816132
9 0.12320385325166783
-11 0.029738861129712923
-14 0.0
-18 0.0
-23 0.0
-30 0.0
-30 0.06372613099224197
10 0.008496817465632264
8 0.23366248030488726
2 0.02124204366408066
-2 0.05098090479379358
9 0.016993634931264528
-10 0.04248408732816132
-14 0.0
-18 0.0
-22 0.0
-30 0.0
10 0.06797453972505811
-30 0.0
6 0.012745226198448395
-3 0.30163702002994536
-2 0.06797453972505811
-6 0.12320385325166783
1 0.008496817465632264
2 0.12320385325166783
-6 0.004248408732816132
-4 0.0934649921219549
4 0.04248408732816132
-3 0.08496817465632264
5 0.004248408732816132
2 0.15294271438138074
6 0.0
-2 0.016993634931264528
-6 0.004248408732816132
2 0.0
-2 0.02124204366408066
-6 0.02124204366408066
-10 0.42059246454879706
-14 0.0
-18 0.0
-22 0.0
-30 0.0
-30 0.06372613099224197
-2 0.16568794057982913
1 0.008496817465632264
5 0.004248408732816132
-10 0.21666884537362274
-14 0.0
-18 0.0
-22 0.0
-30 0.0
6 0.06797453972505811
-30 0.0
2 0.008496817465632264
6 0.7434715282428231
2 0.02124204366408066
5 0.059477722259425846
1 0.0
6 0.11045862705321943
2 0.012745226198448395
9 0.23366248030488726
1 0.012745226198448395
5 0.0
6 0.22091725410643887
10 0.0
2 0.012745226198448395
5 0.2124204366408066
-2 0.008496817465632264
1 0.008496817465632264
6 0.22941407157207114
2 0.008496817465632264
6 0.24640770650333566
2 0.008496817465632264
5 0.10196180958758716
1 0.0
6 0.11895544451885169
2 0.004248408732816132
-10 0.4630765518769584
-14 0.0
-18 0.0
-22 0.0
-30 0.0
-30 0.06372613099224197
5 0.16993634931264529
-2 0.008496817465632264
-5 0.004248408732816132
-10 0.19117839297672592
-14 0.0
-18 0.0
-22 0.0
-30 0.0
6 0.06372613099224197
-30 0.0
2 0.016993634931264528
-10 0.35686633355655506
-14 0.0
-18 0.0
-22 0.0
-30 0.0
-30 0.06372613099224197
5 0.21666884537362274
-1 0.016993634931264528
-5 0.004248408732816132
6 0.2124204366408066
2 0.02124204366408066
5 0.19542680170954208
0 0.033987269862529056
-4 0.004248408732816132
6 0.161439531847013
-18 0.0
2 0.029738861129712923
1 0.20392361917517432
4 0.012745226198448395
-3 0.008496817465632264
5 0.08496817465632264
-10 0.033987269862529056
-14 0.0
-18 0.0
-22 0.0
-30 0.0
6 0.06372613099224197
-30 0.0
4 0.24215929777051953
1 0.004248408732816132
-2 0.016993634931264528
5 0.06372613099224197
-10 0.012745226198448395
-13 0.0
-17 0.0
-22 0.0
-30 0.0
6 0.06372613099224197
-30 0.0
-17 0.0
2 0.029738861129712923
-1 0.12745226198448395
0 0.09771340085477104
1 0.08496817465632264
-1 0.0934649921219549
2 0.012745226198448395
-5 0.012745226198448395
1 0.0934649921219549
-2 0.02124204366408066
2 0.0807197659235065
-1 0.016993634931264528
1 0.0807197659235065
-2 0.02124204366408066
-5 0.08921658338913876
2 0.008496817465632264
-1 0.016993634931264528
-10 0.3441211073581067
-13 0.0
-17 0.0
-22 0.0
-30 0.0
-30 0.06797453972505811
-10 0.36111474228937124
-13 0.0
-17 0.0
-22 0.0
-30 0.0
-30 0.06797453972505811
5 0.2124204366408066
1 0.004248408732816132
-1 0.004248408732816132
6 0.20817202790799047
2 0.016993634931264528
1 0.18268157551109368
-5 0.02124204366408066
-2 0.008496817465632264
2 0.20392361917517432
-1 0.012745226198448395
-10 0.33562428989247445
-13 0.0
-17 0.0
-22 0.0
-30 0.0
-30 0.06372613099224197
-10 0.3441211073581067
-13 0.0
-16 0.0
-22 0.0
-30 0.0
-30 0.06797453972505811
-16 0.0
5 0.20817202790799047
1 0.0
-1 0.016993634931264528
6 0.22091725410643887
2 0.004248408732816132
1 0.225165662839255
-4 0.016993634931264528
2 0.20392361917517432
5 0.19117839297672592
-1 0.0
1 0.008496817465632264
-10 0.12745226198448395
-13 0.0
-16 0.0
-22 0.0
-30 0.0
6 0.06797453972505811
-30 0.0
2 0.008496817465632264
1 0.1869299842439098
-2 0.012745226198448395
-4 0.0
-10 0.1317006707173001
-12 0.0
-15 0.0
-22 0.0
-30 0.0
-3 0.059477722259425846
2 0.008496817465632264
-30 0.0
-15 0.0
16 0.21666884537362274
8 0.02124204366408066
17 0.07222294845787425
9 0.0
18 0.1062102183204033
14 0.0
12 0.0
13 0.23366248030488726
-3 0.0
6 0.004248408732816132
14 0.2124204366408066
2 0.008496817465632264
6 0.0
5 0.2634013414346002
-1 0.0
-10 0.033987269862529056
-5 0.0807197659235065
-10 0.038235678595345185
-12 0.0
-15 0.0
-22 0.0
-30 0.0
-4 0.06372613099224197
6 0.004248408732816132
-30 0.0
0 0.004248408732816132
0 0.225165662839255
-3 0.004248408732816132
-6 0.13594907945011622
-11 0.0
-11 0.0
-14 0.0
-23 0.0
-30 0.0
-30 0.0
-6 0.0
-14 0.0
-11 0.0
-14 0.0
1 0.06797453972505811
-2 0.012745226198448395
-11 0.2124204366408066
-2 0.0
-6 0.09771340085477104
-1 0.0
-4 0.0934649921219549
0 0.008496817465632264
1 0.08496817465632264
-3 0.008496817465632264
6 0.09771340085477104
-2 0.008496817465632264
9 0.08496817465632264
-1 0.0
-11 0.04673249606097745
-14 0.0
-23 0.0
-30 0.0
-1 0.04248408732816132
10 0.02124204366408066
6 0.0
1 0.008496817465632264
-2 0.008496817465632264
9 0.19117839297672592
5 0.004248408732816132
-11 0.14869430564856462
-14 0.0
-23 0.0
-30 0.0
10 0.06372613099224197
6 0.008496817465632264
-7 0.386605194686268
-11 0.0
-14 0.0
-23 0.0
-30 0.0
-7 0.0
13 0.2931402025643131
9 0.0
5 0.012745226198448395
15 0.19117839297672592
10 0.012745226198448395
6 0.0
1 0.1869299842439098
9 0.004248408732816132
5 0.004248408732816132
6 0.20392361917517432
10 0.0
10 0.22091725410643887
6 0.0
9 0.08496817465632264
5 0.004248408732816132
-11 0.04248408732816132
-14 0.0
-23 0.0
-30 0.0
10 0.06372613099224197
6 0.008496817465632264
-8 0.33137588115965827
-11 0.0
-14 0.0
-23 0.0
-30 0.0
-8 0.0
11 0.33987269862529057
-1 0.016993634931264528
2 0.0
-6 0.0
6 0.004248408732816132
13 0.20392361917517432
6 0.004248408732816132
4 0.012745226198448395
1 0.008496817465632264
-6 0.0
1 0.20392361917517432
-2 0.008496817465632264
2 0.07647135719069037
-10 0.02549045239689679
-10 0.0
2 0.06797453972505811
-1 0.012745226198448395
10 0.20392361917517432
6 0.012745226198448395
-1 0.008496817465632264
1 0.0
-6 0.02124204366408066
-13 0.11895544451885169
-18 0.0
-30 0.0
11 0.06797453972505811
-13 0.0
-18 0.0
6 0.004248408732816132
-1 0.0
2 0.016993634931264528
-6 0.0
-1 0.20392361917517432
-4 0.012745226198448395
1 0.07222294845787425
-13 0.02549045239689679
-18 0.0
-25 0.0
-25 0.0
1 0.06797453972505811
-2 0.12320385325166783
8 0.11470703578603557
2 0.008496817465632264
-1 0.008496817465632264
-6 0.004248408732816132
-10 0.02124204366408066
10 0.16993634931264529
1 0.008496817465632264
6 0.004248408732816132
-6 0.004248408732816132
-10 0.004248408732816132
-2 0.20392361917517432
-5 0.008496817465632264
-1 0.05098090479379358
-11 0.038235678595345185
-11 0.0
-1 0.06797453972505811
-4 0.004248408732816132
6 0.19117839297672592
-6 0.0
-13 0.016993634931264528
-10 0.0
-10 0.11045862705321943
-16 0.0
-18 0.0
-25 0.0
-10 0.0
8 0.06797453972505811
-13 0.004248408732816132
2 0.008496817465632264
-10 0.004248408732816132
-4 0.004248408732816132
-3 0.1869299842439098
-7 0.004248408732816132
-2 0.08496817465632264
-14 0.04673249606097745
-18 0.0
-23 0.0
-35 0.0
-2 0.06372613099224197
-6 0.0
-11 0.0
-11 0.0
-14 0.0
-18 0.0
-1 0.2549045239689679
-4 0.0
0 0.09771340085477104
-3 0.0
1 0.0934649921219549
-2 0.0
-6 0.008496817465632264
-11 0.004248408732816132
0 0.0807197659235065
1 0.0934649921219549
-2 0.012745226198448395
0 0.07647135719069037
-3 0.016993634931264528
-14 0.02124204366408066
-18 0.0
-23 0.0
1 0.06372613099224197
-2 0.0
-15 0.19117839297672592
1 0.0
-6 0.016993634931264528
-14 0.1062102183204033
-18 0.0
-23 0.0
-2 0.06797453972505811
-6 0.0
-11 0.004248408732816132
-9 0.19117839297672592
1 0.0
-6 0.0
-14 0.012745226198448395
-14 0.1062102183204033
-18 0.0
-23 0.0
-2 0.06797453972505811
-6 0.012745226198448395
-11 0.004248408732816132
-7 0.1741847580454614
-3 0.0
3 0.0
-12 0.004248408732816132
-2 0.18268157551109368
-11 0.008496817465632264
-6 0.0
-3 0.16568794057982913
-9 0.0
6 0.004248408732816132
0 0.012745226198448395
-12 0.0934649921219549
-12 0.0
1 0.07222294845787425
-2 0.02124204366408066
-6 0.0
10 0.1741847580454614
0 0.0
-6 0.0
3 0.008496817465632264
-11 0.10196180958758716
-11 0.0
-14 0.008496817465632264
-18 0.0
-23 0.0
6 0.06797453972505811
-2 0.004248408732816132
1 0.0
13 0.17843316677827753
3 0.016993634931264528
6 0.0
-2 0.0
-13 0.12320385325166783
-16 0.0
-23 0.0
-13 0.0
1 0.06797453972505811
10 0.0
5 0.0
-7 0.0
-11 0.0
4 0.08921658338913876
5 0.09771340085477104
-11 0.004248408732816132
8 0.0807197659235065
-1 0.004248408732816132
9 0.0807197659235065
5 0.016993634931264528
10 0.06372613099224197
6 0.012745226198448395
11 0.07647135719069037
7 0.016993634931264528
12 0.07222294845787425
8 0.02124204366408066
13 0.08921658338913876
10 0.0
5 0.012745226198448395
-1 0.016993634931264528
23 0.19117839297672592
11 0.004248408732816132
24 0.08921658338913876
12 0.02124204366408066
13 0.08921658338913876
25 0.016993634931264528
-14 0.0
-14 0.3483695160909228
-18 0.0
-23 0.0
-30 0.0
-23 0.06797453972505811
-30 0.0
-14 0.0
-6 0.0
-30 0.004248408732816132
-2 0.32712747242684215
-30 0.0
-6 0.008496817465632264
-3 0.06797453972505811
-7 0.008496817465632264
-2 0.0807197659235065
-6 0.0
-30 0.0
-14 0.36536315102218736
-18 0.0
-23 0.0
-30 0.0
-8 0.23366248030488726
-11 0.04248408732816132
-7 0.033987269862529056
-14 0.004248408732816132
-18 0.0
-23 0.0
-30 0.0
-6 0.06372613099224197
-14 0.016993634931264528
-7 0.16993634931264529
-3 0.0
-2 0.19117839297672592
-6 0.0
0 0.5905288138614423
0 0.008496817465632264
-6 0.012745226198448395
0 0.004248408732816132
-3 0.0
-6 0.0
-3 0.016993634931264528
1 0.04248408732816132
2 0.08921658338913876
-2 0.004248408732816132
-3 0.16993634931264529
-11 0.012745226198448395
-7 0.004248408732816132
-6 0.1571911231141969
-2 0.008496817465632264
-3 0.1741847580454614
-7 0.016993634931264528
-11 0.004248408732816132
-6 0.15294271438138074
-2 0.0
-3 0.1741847580454614
-1 0.008496817465632264
-6 0.0
0 0.06797453972505811
1 0.07222294845787425
-2 0.008496817465632264
-12 0.19117839297672592
-15 0.004248408732816132
-14 0.12320385325166783
-18 0.0
-23 0.0
-30 0.0
-11 0.06372613099224197
-14 0.008496817465632264
0 0.1869299842439098
-3 0.004248408732816132
-2 0.038235678595345185
1 0.029738861129712923
-6 0.02124204366408066
-14 0.0
-12 0.0
-22 0.0
-30 0.0
-30 0.0
2 0.06372613099224197
-2 0.0
-22 0.0
-2 0.0
-2 0.012745226198448395
-11 0.1869299842439098
8 0.0
-18 0.0
5 0.008496817465632264
9 0.06372613099224197
6 0.09771340085477104
-11 0.0
10 0.0
-6 0.0
4 0.18268157551109368
-3 0.012745226198448395
-10 0.004248408732816132
5 0.059477722259425846
6 0.08921658338913876
-6 0.012745226198448395
2 0.004248408732816132
-2 0.0
12 0.16993634931264529
1 0.004248408732816132
8 0.012745226198448395
-6 0.004248408732816132
13 0.059477722259425846
14 0.0934649921219549
2 0.0
-2 0.0
10 0.004248408732816132
2 0.18268157551109368
8 0.004248408732816132
5 0.0
9 0.0807197659235065
-6 0.02124204366408066
-11 0.0
-14 0.0
-23 0.0
-30 0.0
6 0.06372613099224197
10 0.004248408732816132
1 0.0
10 0.1741847580454614
6 0.0
-6 0.0
-18 0.0
-6 0.0
9 0.07647135719069037
5 0.004248408732816132
10 0.0807197659235065
6 0.0
9 0.07222294845787425
5 0.012745226198448395
10 0.06372613099224197
6 0.0
9 0.07222294845787425
5 0.008496817465632264
10 0.08921658338913876
6 0.004248408732816132
4 0.18268157551109368
1 0.008496817465632264
-3 0.0
5 0.07647135719069037
0 0.0
-14 0.016993634931264528
-18 0.0
-23 0.0
-30 0.0
6 0.06797453972505811
-30 0.0
1 0.004248408732816132
-2 0.008496817465632264
-2 0.16568794057982913
-10 0.02549045239689679
-3 0.059477722259425846
-7 0.0
-14 0.012745226198448395
-18 0.0
-23 0.0
-30 0.0
-2 0.06797453972505811
-30 0.0
-11 0.004248408732816132
-6 0.0
9 0.16993634931264529
5 0.012745226198448395
10 0.16993634931264529
6 0.0
9 0.5437963178004649
-3 0.0
14 0.0
2 0.0
-10 0.008496817465632264
5 0.004248408732816132
-14 0.08496817465632264
-18 0.0
-23 0.0
-30 0.0
10 0.06797453972505811
-30 0.0
6 0.004248408732816132
-2 0.0
-6 0.012745226198448395
13 0.14869430564856462
9 0.0
-3 0.004248408732816132
1 0.004248408732816132
-11 0.008496817465632264
5 0.0
-14 0.10196180958758716
-18 0.0
-23 0.0
-30 0.0
6 0.059477722259425846
-2 0.0
10 0.008496817465632264
-30 0.0
-6 0.008496817465632264
18 0.14869430564856462
9 0.004248408732816132
2 0.0
-6 0.008496817465632264
14 0.0
6 0.008496817465632264
13 0.14019748818293234
-2 0.008496817465632264
1 0.0
10 0.004248408732816132
17 0.161439531847013
3 0.0
9 0.0
5 0.0
-7 0.004248408732816132
15 0.0
13 0.161439531847013
1 0.0
10 0.004248408732816132
-2 0.004248408732816132
1 0.16568794057982913
-2 0.008496817465632264
-3 0.06372613099224197
0 0.008496817465632264
-14 0.012745226198448395
-18 0.0
-14 0.0
-23 0.0
-30 0.0
1 0.06372613099224197
-2 0.012745226198448395
4 0.16568794057982913
1 0.004248408732816132
5 0.06797453972505811
-6 0.012745226198448395
-12 0.0
-14 0.0
-14 0.0
-22 0.0
-30 0.0
-30 0.0
6 0.06797453972505811
2 0.0
10 0.0
10 0.0
-2 0.0
-10 0.0
-22 0.0
-2 0.0
9 0.16993634931264529
5 0.004248408732816132
1 0.0
6 0.07647135719069037
10 0.004248408732816132
10 0.08921658338913876
13 0.004248408732816132
6 0.008496817465632264
14 0.004248408732816132
14 0.06372613099224197
10 0.004248408732816132
13 0.08496817465632264
9 0.012745226198448395
10 0.06797453972505811
14 0.004248408732816132
21 0.09771340085477104
14 0.0
17 0.004248408732816132
16 0.004248408732816132
18 0.06372613099224197
22 0.004248408732816132
21 0.08496817465632264
17 0.008496817465632264
14 0.0
18 0.06797453972505811
22 0.004248408732816132
-6 0.05098090479379358
-11 0.0
-14 0.0
-14 0.0
-11 0.0
-14 0.0
-30 0.0
22 0.06797453972505811
10 0.0
6 0.0
6 0.0
-6 0.0
-6 0.0
-18 0.0
-6 0.0
13 0.004248408732816132
18 0.0
-6 0.008496817465632264
6 0.0
1 0.012745226198448395
23 0.22941407157207114
13 0.004248408732816132
8 0.004248408732816132
24 0.07647135719069037
18 0.004248408732816132
9 0.0
6 0.004248408732816132
25 0.15294271438138074
13 0.0
6 0.008496817465632264
10 0.004248408732816132
30 0.16993634931264529
22 0.008496817465632264
18 0.008496817465632264
6 0.0
13 0.0
37 0.30163702002994536
22 0.004248408732816132
25 0.09771340085477104
15 0.029738861129712923
13 0.06797453972505811
25 0.012745226198448395
30 0.11045862705321943
22 0.0
6 0.012745226198448395
13 0.0
18 0.004248408732816132
37 0.27614656763304857
22 0.0
25 0.1062102183204033
15 0.016993634931264528
13 0.06797453972505811
25 0.008496817465632264
30 0.11895544451885169
22 0.0
18 0.004248408732816132
6 0.004248408732816132
13 0.008496817465632264
37 0.27614656763304857
22 0.004248408732816132
25 0.10196180958758716
15 0.012745226198448395
13 0.06372613099224197
25 0.008496817465632264
22 0.11895544451885169
30 0.0
13 0.016993634931264528
18 0.0
6 0.016993634931264528
25 0.27614656763304857
10 0.008496817465632264
13 0.14869430564856462
1 0.012745226198448395
18 0.1444458969157485
6 0.004248408732816132
10 0.0
-6 0.15294271438138074
13 0.161439531847013
-2 0.004248408732816132
1 0.15294271438138074
-11 0.004248408732816132
-6 0.14869430564856462
6 0.008496817465632264
-2 0.004248408732816132
-18 0.1444458969157485
1 0.15294271438138074
-14 0.004248408732816132
-11 0.14869430564856462
-23 0.004248408732816132
-18 0.14869430564856462
-6 0.008496817465632264
-14 0.004248408732816132
-30 0.1571911231141969
-23 0.1571911231141969
-11 0.008496817465632264
-23 0.15294271438138074
-14 0.1869299842439098
-30 0.0
-18 0.0
-18 0.33987269862529057
-23 0.012745226198448395
-12 0.2549045239689679
-11 0.06372613099224197
-14 0.0
-7 0.16993634931264529
-15 0.0
-6 0.1571911231141969
-14 0.0
-7 0.16568794057982913
-3 0.0
-2 0.1741847580454614
-6 0.0
-13 0.16993634931264529
-4 0.004248408732816132
-8 0.0
-3 0.17843316677827753
-7 0.004248408732816132
-12 0.004248408732816132
-2 0.1741847580454614
-6 0.008496817465632264
-9 0.004248408732816132
-1 0.17843316677827753
-5 0.008496817465632264
-10 0.004248408732816132
-11 0.20817202790799047
0 0.004248408732816132
-4 0.0
1 0.1996752104423582
-3 0.008496817465632264
-6 0.0
6 0.225165662839255
-2 0.008496817465632264
1 0.008496817465632264
-11 0.22091725410643887
-14 0.0
-18 0.0
-23 0.0
-30 0.0
10 0.06797453972505811
6 0.0
1 0.0
-30 0.0
-2 0.012745226198448395
-11 1.189554445188517
-14 0.0
-18 0.0
-23 0.0
-30 0.0
-11 0.4248408732816132
-14 0.0
-18 0.0
-23 0.0
-30 0.0
-30 0.06372613099224197
-11 1.2065480801197814
-14 0.0
-18 0.0
-23 0.0
-30 0.0
-11 0.42059246454879706
-14 0.0
-23 0.0
-30 0.0
22 0.06797453972505811
-30 0.0
18 0.004248408732816132
6 0.008496817465632264
9 0.11470703578603557
10 0.11895544451885169
12 0.07222294845787425
13 0.10196180958758716
15 0.06797453972505811
16 0.09771340085477104
17 0.1062102183204033
21 0.004248408732816132
22 0.10196180958758716
18 0.004248408732816132
5 0.016993634931264528
6 0.1062102183204033
9 0.11045862705321943
10 0.0934649921219549
13 0.0934649921219549
15 0.1062102183204033
16 0.09771340085477104
17 0.0934649921219549
21 0.012745226198448395
22 0.09771340085477104
18 0.0
4 0.016993634931264528
6 0.08921658338913876
9 0.1062102183204033
10 0.0934649921219549
13 0.11470703578603557
15 0.08921658338913876
16 0.0934649921219549
21 0.10196180958758716
17 0.02124204366408066
18 0.08496817465632264
22 0.0
2 0.02124204366408066
6 0.08496817465632264
25 0.08921658338913876
21 0.016993634931264528
9 0.0
10 0.11045862705321943
26 0.0934649921219549
22 0.004248408732816132
13 0.004248408732816132
14 0.10196180958758716
21 0.1062102183204033
16 0.0
17 0.08496817465632264
10 0.059477722259425846
6 0.0
-9 0.0
22 0.06797453972505811
10 0.0
6 0.0
18 0.004248408732816132
1 0.0
5 0.11895544451885169
6 0.07222294845787425
9 0.08496817465632264
10 0.08496817465632264
13 0.07647135719069037
5 0.0807197659235065
9 0.0
-9 0.0
17 0.008496817465632264
18 0.059477722259425846
5 0.0
9 0.0
21 0.06372613099224197
22 0.08921658338913876
10 0.012745226198448395
6 0.0
-9 0.0
2 0.06797453972505811
10 0.0
6 0.0
5 0.12745226198448395
6 0.07222294845787425
9 0.06797453972505811
10 0.06372613099224197
14 0.08496817465632264
17 0.0807197659235065
5 0.02549045239689679
9 0.0
-9 0.0
18 0.033987269862529056
5 0.033987269862529056
9 0.0
21 0.033987269862529056
22 0.06797453972505811
10 0.016993634931264528
6 0.0
-9 0.0
1 0.06797453972505811
10 0.0
6 0.0
4 0.10196180958758716
6 0.07647135719069037
9 0.07222294845787425
10 0.08496817465632264
13 0.0807197659235065
16 0.0807197659235065
5 0.02549045239689679
9 0.0
-9 0.0
18 0.038235678595345185
5 0.029738861129712923
9 0.0
21 0.033987269862529056
22 0.08496817465632264
10 0.038235678595345185
6 0.0
-9 0.0
0 0.06797453972505811
10 0.0
6 0.0
3 0.11045862705321943
6 0.06372613099224197
9 0.08496817465632264
10 0.06372613099224197
12 0.08496817465632264
15 0.059477722259425846
5 0.055229313526609716
9 0.0
-9 0.0
18 0.029738861129712923
21 0.033987269862529056
5 0.004248408732816132
9 0.0
22 0.05098090479379358
10 0.14019748818293234
6 0.0
-9 0.0
-1 0.004248408732816132
-1 0.04248408732816132
18 0.02124204366408066
-30 0.0
10 0.0
6 0.0
15 0.02124204366408066
3 0.08921658338913876
6 0.06797453972505811
9 0.10196180958758716
10 0.0934649921219549
11 0.10196180958758716
13 0.09771340085477104
17 0.0934649921219549
14 0.012745226198448395
18 0.09771340085477104
-2 0.0
15 0.012745226198448395
3 0.059477722259425846
6 0.1062102183204033
9 0.07222294845787425
10 0.11045862705321943
11 0.08496817465632264
13 0.11895544451885169
17 0.08496817465632264
14 0.016993634931264528
18 0.0934649921219549
15 0.0
-3 0.012745226198448395
-1 0.07647135719069037
3 0.0807197659235065
6 0.09771340085477104
10 0.08921658338913876
11 0.0807197659235065
13 0.1062102183204033
17 0.09771340085477104
14 0.016993634931264528
15 0.08496817465632264
18 0.0
-4 0.02549045239689679
-1 0.06372613099224197
22 0.09771340085477104
14 0.016993634931264528
3 0.0
17 0.0
6 0.1062102183204033
23 0.055229313526609716
18 0.008496817465632264
15 0.02124204366408066
10 0.0
11 0.08496817465632264
17 0.1062102183204033
13 0.008496817465632264
14 0.07647135719069037
6 0.055229313526609716
3 0.0
-9 0.0
18 0.06372613099224197
6 0.0
3 0.0
15 0.012745226198448395
-2 0.02124204366408066
-1 0.0807197659235065
2 0.07222294845787425
3 0.09771340085477104
6 0.04673249606097745
10 0.08496817465632264
11 0.06797453972505811
2 0.0
5 0.0
-9 0.0
2 0.06797453972505811
5 0.0
14 0.012745226198448395
15 0.05098090479379358
18 0.0807197659235065
6 0.008496817465632264
3 0.0
-9 0.0
-3 0.06797453972505811
6 0.0
3 0.0
-1 0.08496817465632264
2 0.07222294845787425
3 0.09771340085477104
6 0.04248408732816132
9 0.08496817465632264
11 0.06797453972505811
2 0.033987269862529056
5 0.0
-9 0.0
14 0.033987269862529056
2 0.029738861129712923
5 0.0
15 0.04673249606097745
18 0.04248408732816132
6 0.055229313526609716
3 0.0
-9 0.0
-4 0.06372613099224197
6 0.0
3 0.0
-1 0.07647135719069037
2 0.0807197659235065
3 0.12745226198448395
6 0.02549045239689679
8 0.08921658338913876
11 0.059477722259425846
2 0.02549045239689679
5 0.0
-9 0.0
14 0.055229313526609716
2 0.012745226198448395
5 0.0
18 0.10196180958758716
6 0.033987269862529056
3 0.0
-9 0.0
-5 0.06797453972505811
6 0.0
3 0.0
-1 0.06372613099224197
-1 0.059477722259425846
1 0.08921658338913876
2 0.04248408732816132
6 0.08496817465632264
7 0.08921658338913876
2 0.055229313526609716
5 0.0
-9 0.0
11 0.008496817465632264
2 0.055229313526609716
5 0.0
13 0.008496817465632264
14 0.06797453972505811
18 0.059477722259425846
-6 0.14869430564856462
13 0.02549045239689679
6 0.0
-6 0.0
-14 0.0
-23 0.0
-30 0.0
-30 0.0
6 0.0
1 0.0
-2 0.0
-6 0.0
10 0.02124204366408066
-3 0.0934649921219549
-2 0.0934649921219549
1 0.07647135719069037
6 0.0934649921219549
8 0.08496817465632264
9 0.09771340085477104
12 0.07647135719069037
13 0.12320385325166783
10 0.004248408732816132
-7 0.0
-6 0.09771340085477104
-2 0.08496817465632264
1 0.08496817465632264
5 0.0934649921219549
6 0.0934649921219549
8 0.08496817465632264
12 0.08496817465632264
9 0.02549045239689679
13 0.08921658338913876
10 0.004248408732816132
-9 0.033987269862529056
-6 0.059477722259425846
-2 0.09771340085477104
1 0.059477722259425846
3 0.12320385325166783
5 0.0934649921219549
6 0.08496817465632264
9 0.10196180958758716
12 0.004248408732816132
5 0.033987269862529056
-7 0.0
13 0.06797453972505811
10 0.004248408732816132
-11 0.033987269862529056
-7 0.08496817465632264
17 0.07222294845787425
9 0.016993634931264528
18 0.16993634931264529
10 0.02124204366408066
1 0.0
4 0.08496817465632264
5 0.08496817465632264
12 0.038235678595345185
5 0.038235678595345185
6 0.06797453972505811
-15 0.016993634931264528
13 0.06797453972505811
9 0.0
-3 0.0
-13 0.02549045239689679
-11 0.0807197659235065
-7 0.08496817465632264
-3 0.0807197659235065
1 0.0934649921219549
5 0.08496817465632264
6 0.06372613099224197
9 0.07647135719069037
12 0.06797453972505811
4 0.038235678595345185
-8 0.0
-15 0.06797453972505811
13 0.0
-11 0.10196180958758716
-8 0.06797453972505811
-3 0.0807197659235065
1 0.1062102183204033
3 0.0934649921219549
12 0.09771340085477104
4 0.008496817465632264
6 0.10196180958758716
4 0.06372613099224197
-8 0.0
-16 0.0
-23 0.0
13 0.06797453972505811
-35 0.0
-4 0.0
-8 0.0
8 0.016993634931264528
-23 0.004248408732816132
-16 0.033987269862529056
-11 0.08496817465632264
-8 0.06797453972505811
-5 0.08921658338913876
-4 0.10196180958758716
0 0.05098090479379358
4 0.11470703578603557
7 0.07222294845787425
8 0.059477722259425846
-9 0.0807197659235065
-8 0.07647135719069037
-5 0.07222294845787425
-4 0.07222294845787425
1 0.06797453972505811
3 0.08496817465632264
4 0.05098090479379358
7 0.06372613099224197
8 0.033987269862529056
13 0.0807197659235065
-17 0.008496817465632264
-21 0.0
-11 0.06797453972505811
-33 0.0
-5 0.0
-11 0.0
-8 0.08496817465632264
-6 0.08496817465632264
-5 0.05098090479379358
-1 0.08921658338913876
1 0.0807197659235065
4 0.059477722259425846
6 0.04673249606097745
7 0.04248408732816132
3 0.033987269862529056
11 0.004248408732816132
-13 0.06372613099224197
-11 0.07222294845787425
-9 0.0807197659235065
-5 0.059477722259425846
-2 0.07222294845787425
-1 0.07222294845787425
1 0.06372613099224197
3 0.04248408732816132
7 0.04673249606097745
10 0.0807197659235065
1 0.004248408732816132
-10 0.0
-2 0.0
-18 0.0
-25 0.0
-14 0.06797453972505811
-37 0.0
-6 0.0
-10 0.0
-13 0.0807197659235065
-10 0.059477722259425846
-7 0.06797453972505811
-6 0.06797453972505811
-2 0.08496817465632264
-1 0.04673249606097745
2 0.07647135719069037
5 0.06372613099224197
-1 0.059477722259425846
-4 0.0
-16 0.055229313526609716
6 0.029738861129712923
3 0.004248408732816132
-13 0.06797453972505811
-2 0.09771340085477104
-5 0.0
-11 0.0
-10 0.055229313526609716
-1 0.0934649921219549
-4 0.012745226198448395
-9 0.008496817465632264
-8 0.06797453972505811
0 0.08921658338913876
-7 0.004248408732816132
-3 0.008496817465632264
-6 0.07222294845787425
-2 0.08921658338913876
-6 0.0
-14 0.0
-23 0.0
1 0.06372613099224197
-2 0.0
-35 0.0
-11 0.0
-18 0.0
-23 0.016993634931264528
-18 0.0
-15 0.08921658338913876
-14 0.09771340085477104
-11 0.059477722259425846
-7 0.08496817465632264
-6 0.055229313526609716
-3 0.059477722259425846
-2 0.055229313526609716
1 0.05098090479379358
-11 0.08921658338913876
-7 0.0807197659235065
-6 0.07647135719069037
-3 0.04673249606097745
-2 0.07222294845787425
1 0.055229313526609716
5 0.0807197659235065
6 0.02124204366408066
9 0.04248408732816132
10 0.07222294845787425
-7 0.0807197659235065
-6 0.08921658338913876
-3 0.055229313526609716
-2 0.07222294845787425
1 0.06797453972505811
5 0.0807197659235065
6 0.04248408732816132
9 0.04248408732816132
10 0.033987269862529056
13 0.055229313526609716
-4 0.02549045239689679
-6 0.0
-16 0.0
3 0.06797453972505811
6 0.06797453972505811
8 0.07222294845787425
10 0.029738861129712923
13 0.06372613099224197
-2 0.029738861129712923
-14 0.0
15 0.055229313526609716
18 0.04673249606097745
20 0.06797453972505811
22 0.0807197659235065
25 0.06797453972505811
-4 0.012745226198448395
-16 0.0
-23 0.0
-12 0.06797453972505811
-35 0.0
-9 0.08921658338913876
-6 0.04248408732816132
-4 0.07647135719069037
-2 0.04673249606097745
0 0.07222294845787425
3 0.055229313526609716
6 0.04248408732816132
8 0.059477722259425846
10 0.05098090479379358
-23 0.08921658338913876
-16 0.11470703578603557
-13 0.04673249606097745
-7 0.06372613099224197
-2 0.05098090479379358
-1 0.05098090479379358
3 0.04673249606097745
5 0.05098090479379358
8 0.06372613099224197
-6 0.02549045239689679
-18 0.0
11 0.029738861129712923
17 0.05098090479379358
20 0.07222294845787425
25 0.06797453972505811
-6 0.2634013414346002
-14 0.0
-18 0.0
-23 0.0
-30 0.0
-30 0.07222294845787425
-23 0.11895544451885169
-11 0.12320385325166783
-16 0.012745226198448395
-15 0.07222294845787425
-14 0.06372613099224197
-23 0.004248408732816132
-6 0.0807197659235065
-11 0.004248408732816132
-14 0.08496817465632264
-18 0.07647135719069037
-23 0.008496817465632264
-6 0.0807197659235065
-13 0.0
-12 0.08496817465632264
-23 0.06372613099224197
-11 0.004248408732816132
-2 0.09771340085477104
-6 0.004248408732816132
-30 0.004248408732816132
-11 0.07647135719069037
-23 0.016993634931264528
-14 0.06797453972505811
-2 0.08496817465632264
-8 0.004248408732816132
-7 0.06797453972505811
-23 0.04248408732816132
-6 0.029738861129712923
1 0.09771340085477104
-2 0.012745226198448395
-18 0.004248408732816132
-14 0.004248408732816132
-6 0.06372613099224197
-23 0.04248408732816132
-11 0.02124204366408066
1 0.10196180958758716
-4 0.033987269862529056
-3 0.04673249606097745
-23 0.05098090479379358
-2 0.029738861129712923
-4 0.004248408732816132
6 0.06797453972505811
1 0.004248408732816132
-30 0.02124204366408066
-2 0.06372613099224197
-23 0.033987269862529056
-6 0.02124204366408066
-2 0.0934649921219549
-8 0.008496817465632264
-7 0.06797453972505811
-23 0.02549045239689679
-6 0.04248408732816132
-11 0.09771340085477104
-14 0.004248408732816132
1 0.0
-2 0.0
-6 0.06372613099224197
-11 0.06797453972505811
-23 0.0
6 0.09771340085477104
-1 0.0
0 0.08496817465632264
-3 0.06372613099224197
1 0.008496817465632264
-2 0.04673249606097745
-14 0.0
-22 0.0
-30 0.0
2 0.038235678595345185
-2 0.0
2 0.02549045239689679
-2 0.0
-2 0.0
-10 0.0
-30 0.0
-6 0.0
-14 0.0
-6 0.008496817465632264
-10 0.004248408732816132
2 0.029738861129712923
-2 0.0
6 0.029738861129712923
3 0.033987269862529056
-1 0.0
-1 0.02124204366408066
3 0.008496817465632264
3 0.038235678595345185
-1 0.0
10 0.012745226198448395
4 0.033987269862529056
0 0.0
4 0.02549045239689679
0 0.008496817465632264
4 0.029738861129712923
0 0.0
9 0.02124204366408066
5 0.033987269862529056
1 0.0
1 0.029738861129712923
5 0.0
5 0.038235678595345185
1 0.0
10 0.008496817465632264
6 0.04248408732816132
2 0.0
6 0.02549045239689679
2 0.012745226198448395
-2 0.004248408732816132
-6 0.004248408732816132
6 0.016993634931264528
2 0.0
10 0.02549045239689679
7 0.038235678595345185
3 0.0
7 0.02549045239689679
3 0.016993634931264528
7 0.02124204366408066
3 0.0
14 0.02549045239689679
8 0.038235678595345185
4 0.0
8 0.02549045239689679
4 0.004248408732816132
8 0.033987269862529056
4 0.0
13 0.029738861129712923
9 0.038235678595345185
5 0.0
9 0.02549045239689679
5 0.016993634931264528
9 0.02549045239689679
5 0.0
15 0.016993634931264528
10 0.06372613099224197
6 0.0
-6 0.0
-18 0.0
-23 0.0
-30 0.0
18 0.02549045239689679
-6 0.0
-11 0.0
-30 0.0
-6 0.0
-14 0.0
10 0.008496817465632264
6 0.0
1 0.004248408732816132
-6 0.004248408732816132
1 0.23366248030488726
-4 0.012745226198448395
-3 0.07222294845787425
-23 0.04673249606097745
-30 0.008496817465632264
-2 0.02124204366408066
-11 0.08496817465632264
6 0.0
1 0.004248408732816132
-2 0.07222294845787425
-14 0.038235678595345185
-6 0.033987269862529056
-23 0.004248408732816132
6 0.0807197659235065
-1 0.004248408732816132
0 0.07222294845787425
-23 0.033987269862529056
1 0.038235678595345185
10 0.07222294845787425
6 0.0
-30 0.004248408732816132
1 0.07647135719069037
-23 0.029738861129712923
-2 0.04248408732816132
10 0.0807197659235065
4 0.004248408732816132
-23 0.07647135719069037
5 0.0
6 0.07222294845787425
13 0.08496817465632264
10 0.008496817465632264
-6 0.0
-14 0.008496817465632264
6 0.06372613099224197
-23 0.038235678595345185
1 0.029738861129712923
13 0.08496817465632264
8 0.008496817465632264
9 0.06797453972505811
-23 0.04248408732816132
10 0.02549045239689679
18 0.08921658338913876
13 0.008496817465632264
-30 0.004248408732816132
10 0.0807197659235065
-23 0.029738861129712923
6 0.02549045239689679
10 0.0934649921219549
4 0.0
5 0.06372613099224197
-23 0.012745226198448395
6 0.05098090479379358
-14 0.0934649921219549
-6 0.004248408732816132
13 0.0
10 0.008496817465632264
6 0.06797453972505811
18 0.15294271438138074
13 0.012745226198448395
10 0.06797453972505811
6 0.02124204366408066
13 0.038235678595345185
10 0.04248408732816132
14 0.04248408732816132
10 0.0
14 0.004248408732816132
10 0.0
-10 0.0
-30 0.0
2 0.0
-6 0.0
-12 0.0
-14 0.0
10 0.004248408732816132
6 0.0
2 0.004248408732816132
14 0.012745226198448395
10 0.008496817465632264
2 0.0
14 0.016993634931264528
10 0.0
18 0.012745226198448395
15 0.033987269862529056
11 0.0
15 0.029738861129712923
11 0.004248408732816132
6 0.016993634931264528
15 0.004248408732816132
11 0.0
22 0.029738861129712923
16 0.029738861129712923
12 0.0
16 0.02549045239689679
12 0.008496817465632264
16 0.016993634931264528
12 0.0
21 0.033987269862529056
17 0.029738861129712923
13 0.0
17 0.02549045239689679
13 0.0
17 0.029738861129712923
13 0.0
22 0.02549045239689679
18 0.04248408732816132
14 0.0
18 0.02549045239689679
18 0.02549045239689679
14 0.0
14 0.012745226198448395
6 0.0
23 0.016993634931264528
19 0.029738861129712923
15 0.0
19 0.02549045239689679
15 0.02124204366408066
19 0.008496817465632264
15 0.0
26 0.033987269862529056
20 0.038235678595345185
16 0.0
20 0.02549045239689679
16 0.0
20 0.029738861129712923
16 0.0
25 0.029738861129712923
21 0.02549045239689679
17 0.0
21 0.029738861129712923
17 0.004248408732816132
21 0.02124204366408066
17 0.0
27 0.029738861129712923
22 0.04248408732816132
18 0.0
30 0.029738861129712923
6 0.0
-11 0.0
-30 0.0
-2 0.0
-11 0.0
22 0.004248408732816132
18 0.004248408732816132
13 0.0
6 0.012745226198448395
22 0.004248408732816132
18 0.0
6 0.0
-11 0.0
-6 0.0
-14 0.0
-18 0.0
-23 0.0
-30 0.0
25 0.059477722259425846
25 0.055229313526609716
37 0.06372613099224197
25 0.06372613099224197
13 0.038235678595345185
20 0.0
25 0.02124204366408066
30 0.06372613099224197
22 0.004248408732816132
6 0.012745226198448395
18 0.004248408732816132
25 0.04673249606097745
25 0.059477722259425846
37 0.06797453972505811
25 0.055229313526609716
13 0.04673249606097745
20 0.004248408732816132
25 0.008496817465632264
30 0.06797453972505811
13 0.0
18 0.0
22 0.0
6 0.004248408732816132
25 0.055229313526609716
25 0.055229313526609716
37 0.06372613099224197
25 0.05098090479379358
20 0.04673249606097745
13 0.004248408732816132
25 0.004248408732816132
30 0.06372613099224197
22 0.0
18 0.008496817465632264
13 0.0
6 0.008496817465632264
25 0.04673249606097745
25 0.059477722259425846
37 0.059477722259425846
25 0.059477722259425846
20 0.02124204366408066
13 0.0
25 0.033987269862529056
30 0.06372613099224197
18 0.008496817465632264
22 0.0
13 0.004248408732816132
6 0.004248408732816132
34 0.19117839297672592
22 0.012745226198448395
18 0.0
13 0.008496817465632264
17 0.055229313526609716
18 0.055229313526609716
22 0.07647135719069037
18 0.0
14 0.004248408732816132
10 0.0
17 0.059477722259425846
18 0.059477722259425846
30 0.07647135719069037
18 0.008496817465632264
10 0.0
6 0.004248408732816132
6 0.04673249606097745
9 0.012745226198448395
10 0.06372613099224197
14 0.07647135719069037
10 0.008496817465632264
6 0.004248408732816132
2 0.004248408732816132
9 0.055229313526609716
10 0.06372613099224197
22 0.07222294845787425
13 0.0
6 0.004248408732816132
10 0.0
1 0.012745226198448395
5 0.059477722259425846
6 0.05098090479379358
10 0.0807197659235065
6 0.0
2 0.02124204366408066
-2 0.0
5 0.04673249606097745
6 0.06372613099224197
13 0.06797453972505811
-1 0.0
10 0.008496817465632264
5 0.0
-11 0.0
8 0.05098090479379358
7 0.06372613099224197
18 0.06797453972505811
-2 0.0
-6 0.0
6 0.008496817465632264
6 0.055229313526609716
5 0.06372613099224197
4 0.06372613099224197
13 0.008496817465632264
6 0.0
10 0.008496817465632264
4 0.04248408732816132
2 0.059477722259425846
18 0.06372613099224197
1 0.0
6 0.004248408732816132
10 0.0
1 0.055229313526609716
0 0.055229313526609716
-1 0.06372613099224197
-1 0.0
6 0.0
-1 0.0
1 0.008496817465632264
-1 0.04673249606097745
-2 0.059477722259425846
-6 0.06372613099224197
13 0.0
1 0.004248408732816132
6 0.0
-6 0.059477722259425846
-7 0.05098090479379358
-6 0.06372613099224197
-8 0.004248408732816132
1 0.0
-8 0.055229313526609716
-10 0.059477722259425846
-11 0.06372613099224197
6 0.0
-6 0.008496817465632264
-2 0.0
-11 0.055229313526609716
-12 0.055229313526609716
-11 0.059477722259425846
-13 0.0
-6 0.0
-13 0.059477722259425846
-14 0.059477722259425846
-18 0.06372613099224197
1 0.0
-11 0.0
-6 0.008496817465632264
-30 0.038235678595345185
-18 0.016993634931264528
-19 0.05098090479379358
-20 0.06372613099224197
-11 0.0
-18 0.004248408732816132
-14 0.008496817465632264
-20 0.04248408732816132
-22 0.059477722259425846
-23 0.055229313526609716
-6 0.012745226198448395
-18 0.0
-14 0.004248408732816132
-23 0.04673249606097745
-24 0.059477722259425846
-25 0.06372613099224197
-18 0.0
-23 0.004248408732816132
-25 0.04673249606097745
-26 0.059477722259425846
-30 0.059477722259425846
-23 0.0
-11 0.004248408732816132
-18 0.004248408732816132
-30 0.05098090479379358
-31 0.055229313526609716
-32 0.06372613099224197
-32 0.055229313526609716
-34 0.06372613099224197
-35 0.06372613099224197
-35 0.059477722259425846
-36 0.055229313526609716
-37 0.07647135719069037
-37 0.059477722259425846
-38 0.06372613099224197
-42 0.07647135719069037
-23 0.0
-30 0.0
-23 0.0
-14 0.0
-18 0.0
-11 0.30163702002994536
-16 0.0
-23 0.0
-23 0.0
-11 0.0
-16 0.0
-14 0.09771340085477104
-18 0.0
-23 0.0
-14 0.0
-18 0.0
-11 0.29738861129712924
-16 0.0
-23 0.0
-23 0.0
-11 0.0
-16 0.0
-14 0.10196180958758716
-18 0.0
-23 0.0
-14 0.0
-18 0.0
-11 0.29738861129712924
-16 0.0
-23 0.0
-23 0.0
-11 0.0
-16 0.0
-14 0.10196180958758716
-18 0.0
-23 0.0
-14 0.0
-18 0.0
-11 0.29738861129712924
-16 0.0
-23 0.0
-23 0.0
-11 0.0
-16 0.0
-14 0.09771340085477104
-18 0.0
-23 0.0
-14 0.0
-18 0.0
-18 0.0
-23 0.30163702002994536
-18 0.09771340085477104
-23 0.29738861129712924
-18 0.10196180958758716
-23 0.29738861129712924
-18 0.10196180958758716
-23 0.29738861129712924
-2 0.09771340085477104
-18 0.0
-6 0.008496817465632264
-30 0.012745226198448395
-23 0.161439531847013
-18 0.0934649921219549
-15 0.11470703578603557
-14 0.09771340085477104
-7 0.10196180958758716
-2 0.055229313526609716
-6 0.08496817465632264
-10 0.012745226198448395
-18 0.10196180958758716
-22 0.11045862705321943
-3 0.09771340085477104
-15 0.004248408732816132
-14 0.1062102183204033
-8 0.08921658338913876
-2 0.12320385325166783
-7 0.004248408732816132
-11 0.008496817465632264
-19 0.12745226198448395
-26 0.08496817465632264
-15 0.11895544451885169
-14 0.09771340085477104
-7 0.10196180958758716
-8 0.11470703578603557
-12 0.016993634931264528
-20 0.0807197659235065
-29 0.11895544451885169
-15 0.10196180958758716
-3 0.0
-14 0.11045862705321943
-8 0.0807197659235065
-2 0.1317006707173001
-13 0.008496817465632264
-9 0.008496817465632264
-21 0.11895544451885169
-28 0.09771340085477104
-1 0.07647135719069037
-13 0.008496817465632264
-9 0.0934649921219549
-5 0.11045862705321943
-35 0.15294271438138074
-13 0.004248408732816132
-4 0.008496817465632264
-7 0.012745226198448395
-23 0.09771340085477104
-16 0.12320385325166783
0 0.07647135719069037
-12 0.029738861129712923
-15 0.012745226198448395
-11 0.08496817465632264
-3 0.09771340085477104
1 0.16568794057982913
-11 0.004248408732816132
-7 0.008496817465632264
-2 0.008496817465632264
-38 0.02124204366408066
-26 0.004248408732816132
-19 0.12320385325166783
-14 0.0934649921219549
-12 0.1062102183204033
-11 0.08496817465632264
-2 0.09771340085477104
-11 0.12745226198448395
-3 0.0
-6 0.0
-30 0.02124204366408066
-23 0.09771340085477104
-15 0.10196180958758716
0 0.08496817465632264
-12 0.012745226198448395
-11 0.0934649921219549
-4 0.09771340085477104
-38 0.11470703578603557
-11 0.02124204366408066
1 0.0
-2 0.012745226198448395
-7 0.0
-19 0.13594907945011622
-11 0.09771340085477104
-12 0.11045862705321943
-11 0.08496817465632264
-3 0.10196180958758716
-4 0.11045862705321943
-11 0.004248408732816132
-8 0.012745226198448395
-32 0.012745226198448395
-20 0.0807197659235065
-16 0.11045862705321943
0 0.0934649921219549
-12 0.008496817465632264
-11 0.10196180958758716
-5 0.0807197659235065
-38 0.12745226198448395
1 0.004248408732816132
-11 0.008496817465632264
-4 0.0
-8 0.008496817465632264
-26 0.08921658338913876
-20 0.0934649921219549
2 0.09771340085477104
-10 0.016993634931264528
-11 0.0
-8 0.0934649921219549
-4 0.0807197659235065
-1 0.14869430564856462
-11 0.008496817465632264
-5 0.012745226198448395
-33 0.02549045239689679
-21 0.06797453972505811
-11 0.1062102183204033
3 0.12745226198448395
-2 0.0
-5 0.012745226198448395
-9 0.1317006707173001
-5 0.10196180958758716
3 0.1741847580454614
-9 0.0
-1 0.0
-4 0.004248408732816132
-28 0.02124204366408066
-21 0.12745226198448395
-13 0.02124204366408066
-10 0.0807197659235065
-9 0.09771340085477104
-1 0.08496817465632264
-4 0.004248408732816132
-2 0.10196180958758716
-5 0.0
-1 0.09771340085477104
-4 0.012745226198448395
-20 0.004248408732816132
-32 0.0
-16 0.1062102183204033
-25 0.0
-11 0.10196180958758716
-10 0.059477722259425846
2 0.0
-4 0.09771340085477104
-1 0.0
-2 0.09771340085477104
-5 0.008496817465632264
3 0.10196180958758716
-4 0.016993634931264528
-25 0.0
-37 0.0
-1 0.0
-9 0.0
-16 0.10196180958758716
-9 0.08921658338913876
-8 0.038235678595345185
4 0.04673249606097745
-8 0.004248408732816132
-4 0.08496817465632264
-1 0.012745226198448395
-2 0.08496817465632264
-5 0.004248408732816132
-13 0.055229313526609716
-16 0.0
-22 0.0
-1 0.059477722259425846
-34 0.008496817465632264
-4 0.0
-22 0.004248408732816132
-13 0.10196180958758716
-16 0.008496817465632264
-8 0.08921658338913876
-7 0.04248408732816132
5 0.06372613099224197
-7 0.008496817465632264
0 0.11045862705321943
-3 0.004248408732816132
-2 0.09771340085477104
1 0.008496817465632264
-10 0.09771340085477104
-6 0.02124204366408066
-6 0.0
-13 0.0
-17 0.0
-22 0.0
-29 0.0
-29 0.004248408732816132
-41 0.016993634931264528
-1 0.02124204366408066
2 0.02124204366408066
6 0.08496817465632264
-13 0.11895544451885169
-7 0.09771340085477104
-6 0.0934649921219549
2 0.0934649921219549
-1 0.008496817465632264
1 0.08496817465632264
-2 0.0
-25 0.08496817465632264
-13 0.0
2 0.012745226198448395
-1 0.0
-23 0.008496817465632264
-13 0.1062102183204033
-10 0.0
-8 0.0807197659235065
5 0.0934649921219549
-7 0.012745226198448395
2 0.08496817465632264
-1 0.004248408732816132
-2 0.10196180958758716
1 0.004248408732816132
6 0.11895544451885169
-34 0.008496817465632264
-6 0.0
2 0.0
-22 0.004248408732816132
-1 0.0
-13 0.09771340085477104
-6 0.08921658338913876
-13 0.0
-5 0.02549045239689679
7 0.06372613099224197
-5 0.008496817465632264
2 0.0934649921219549
-1 0.0
1 0.08921658338913876
-2 0.012745226198448395
-10 0.02549045239689679
-13 0.0
-19 0.0
-31 0.0807197659235065
2 0.0
-19 0.0
-1 0.0
-13 0.1062102183204033
-10 0.016993634931264528
-5 0.07647135719069037
-10 0.008496817465632264
-13 0.004248408732816132
-4 0.029738861129712923
8 0.06372613099224197
-4 0.008496817465632264
3 0.1062102183204033
0 0.004248408732816132
4 0.08921658338913876
1 0.012745226198448395
-3 0.07647135719069037
-10 0.0
-14 0.0
-19 0.0
-26 0.0
-7 0.008496817465632264
-38 0.02549045239689679
-26 0.0
-3 0.016993634931264528
2 0.012745226198448395
5 0.038235678595345185
9 0.08496817465632264
-10 0.15294271438138074
-19 0.016993634931264528
-7 0.06797453972505811
-3 0.05098090479379358
-3 0.02549045239689679
1 0.07222294845787425
4 0.008496817465632264
5 0.08921658338913876
-22 0.0807197659235065
-10 0.008496817465632264
-10 0.08496817465632264
-7 0.11895544451885169
-10 0.008496817465632264
8 0.1062102183204033
-4 0.012745226198448395
4 0.0934649921219549
1 0.004248408732816132
5 0.11470703578603557
8 0.11045862705321943
-4 0.004248408732816132
5 0.012745226198448395
-19 0.004248408732816132
-31 0.0
-10 0.13594907945011622
-7 0.08496817465632264
-3 0.029738861129712923
9 0.06797453972505811
-3 0.008496817465632264
4 0.09771340085477104
1 0.004248408732816132
4 0.08921658338913876
5 0.029738861129712923
2 0.004248408732816132
-7 0.038235678595345185
-10 0.0
-16 0.0
-28 0.05098090479379358
-16 0.004248408732816132
-10 0.10196180958758716
-7 0.10196180958758716
-2 0.016993634931264528
10 0.06797453972505811
-2 0.004248408732816132
6 0.07647135719069037
4 0.008496817465632264
7 0.0807197659235065
-22 0.0934649921219549
-34 0.008496817465632264
-4 0.008496817465632264
-1 0.016993634931264528
-4 0.0
-7 0.0
-22 0.0
-1 0.02124204366408066
5 0.02124204366408066
11 0.08921658338913876
-7 0.1317006707173001
-13 0.0
-16 0.012745226198448395
-4 0.08921658338913876
-1 0.1062102183204033
7 0.08921658338913876
4 0.008496817465632264
8 0.08921658338913876
5 0.004248408732816132
-7 0.033987269862529056
-10 0.0
-19 0.0
-31 0.06797453972505811
-19 0.0
-13 0.1062102183204033
-10 0.0
-4 0.12320385325166783
-13 0.008496817465632264
-2 0.008496817465632264
10 0.06797453972505811
-2 0.004248408732816132
4 0.08496817465632264
1 0.0
5 0.1062102183204033
2 0.0
-1 0.05098090479379358
-16 0.0
-28 0.06372613099224197
11 0.0
-40 0.0
-1 0.008496817465632264
5 0.0
2 0.02124204366408066
-10 0.11470703578603557
-19 0.004248408732816132
-7 0.012745226198448395
-1 0.0934649921219549
0 0.04248408732816132
12 0.06372613099224197
0 0.008496817465632264
3 0.1062102183204033
4 0.0934649921219549
-7 0.0807197659235065
-13 0.0
-11 0.0
-23 0.0
5 0.059477722259425846
-23 0.0
-35 0.0
-7 0.13594907945011622
-13 0.0
-3 0.11895544451885169
-7 0.004248408732816132
1 0.059477722259425846
13 0.06372613099224197
1 0.004248408732816132
7 0.0
-2 0.004248408732816132
-7 0.004248408732816132
8 0.1444458969157485
-1 0.004248408732816132
9 0.16993634931264529
0 0.0
-2 0.11895544451885169
1 0.016993634931264528
6 0.012745226198448395
1 0.0
-30 0.033987269862529056
-42 0.0
10 0.004248408732816132
21 0.04673249606097745
17 0.0
-3 0.0
-7 0.0
13 0.04248408732816132
22 0.0
18 0.0
-2 0.0
-6 0.0
-23 0.16568794057982913
-18 0.0
-6 0.1317006707173001
-11 0.0
-14 0.016993634931264528
-4 0.07647135719069037
21 0.033987269862529056
17 0.0
-3 0.0
-7 0.0
-18 0.008496817465632264
-23 0.008496817465632264
-3 0.04248408732816132
-2 0.0807197659235065
-11 0.0
-14 0.0
-18 0.0
-23 0.0
-30 0.0
22 0.0
18 0.0
-2 0.0
-6 0.0
-14 0.15294271438138074
-23 0.0
-11 0.1062102183204033
-1 0.0807197659235065
-4 0.004248408732816132
21 0.038235678595345185
17 0.0
-3 0.0
-7 0.0
-23 0.016993634931264528
-14 0.0
0 0.02549045239689679
-3 0.004248408732816132
1 0.0807197659235065
22 0.0
18 0.0
-2 0.0
-6 0.0
-2 0.004248408732816132
-11 0.15294271438138074
-14 0.008496817465632264
-6 0.07647135719069037
0 0.0807197659235065
-11 0.038235678595345185
-14 0.008496817465632264
-11 0.016993634931264528
-14 0.0
-18 0.0
-23 0.0
-30 0.0
22 0.0
18 0.0
-2 0.0
-6 0.0
1 0.012745226198448395
21 0.05098090479379358
17 0.0
-3 0.0
-7 0.0
14 0.06372613099224197
-10 0.0
-14 0.0
-18 0.0
-22 0.0
-30 0.0
22 0.0
18 0.0
-2 0.0
-6 0.0
2 0.0
2 0.004248408732816132
6 0.0
-2 0.0
4 0.10196180958758716
0 0.004248408732816132
25 0.038235678595345185
21 0.0
1 0.0
-7 0.0
-6 0.02549045239689679
-9 0.0
5 0.033987269862529056
1 0.004248408732816132
6 0.08496817465632264
26 0.0
22 0.0
2 0.0
-6 0.0
-14 0.004248408732816132
2 0.008496817465632264
7 0.07647135719069037
4 0.0
-22 0.04248408732816132
21 0.029738861129712923
17 0.0
-3 0.0
-7 0.0
8 0.02124204366408066
5 0.0
9 0.0
5 0.008496817465632264
1 0.07647135719069037
-30 0.02549045239689679
6 0.0
10 0.008496817465632264
13 0.05098090479379358
22 0.0
18 0.0
-2 0.0
-6 0.0
1 0.0
-23 0.033987269862529056
-11 0.0934649921219549
-14 0.0
-18 0.0
-23 0.0
-30 0.0
22 0.0
18 0.0
-2 0.0
-6 0.0
-23 0.02124204366408066
21 0.04248408732816132
17 0.0
-3 0.0
-7 0.0
-6 0.05098090479379358
-11 0.004248408732816132
-14 0.008496817465632264
-11 0.0
-14 0.0
-18 0.0
-23 0.0
-30 0.0
22 0.0
18 0.0
-2 0.0
-6 0.0
-4 0.07222294845787425
-23 0.038235678595345185
-3 0.038235678595345185
-2 0.08921658338913876
-6 0.008496817465632264
21 0.1062102183204033
17 0.0
-3 0.0
-7 0.0
-23 0.016993634931264528
-11 0.09771340085477104
-14 0.004248408732816132
22 0.0
18 0.0
-2 0.0
-6 0.0
-1 0.05098090479379358
-4 0.008496817465632264
-23 0.033987269862529056
21 0.02124204366408066
17 0.0
-3 0.0
-7 0.0
0 0.02124204366408066
-3 0.008496817465632264
1 0.08921658338913876
22 0.0
18 0.0
-2 0.0
-6 0.0
-2 0.004248408732816132
22 0.13594907945011622
18 0.0
-2 0.0
-6 0.0
-6 0.008496817465632264
17 0.06372613099224197
21 0.0
-7 0.0
-3 0.0
22 0.059477722259425846
18 0.0
-2 0.0
-6 0.0
2 0.07647135719069037
-10 0.0
-13 0.0
-18 0.0
-22 0.0
-30 0.0
-10 0.055229313526609716
4 0.02124204366408066
11 0.11045862705321943
-10 0.0
-13 0.0
-18 0.0
-22 0.0
-30 0.0
-1 0.0
-6 0.004248408732816132
-1 0.008496817465632264
6 0.0
-10 0.14869430564856462
-13 0.1062102183204033
-11 0.07222294845787425
17 0.033987269862529056
14 0.0
-7 0.0
-10 0.0
-10 0.029738861129712923
-9 0.08921658338913876
-30 0.016993634931264528
18 0.0
15 0.0
-6 0.0
-9 0.0
-6 0.016993634931264528
-2 0.038235678595345185
-1 0.029738861129712923
3 0.02124204366408066
6 0.016993634931264528
10 0.038235678595345185
-2 0.0
-21 0.0934649921219549
-21 0.038235678595345185
-9 0.08921658338913876
-9 0.0
-13 0.0
-18 0.0
-21 0.0
-30 0.0
-14 0.004248408732816132
-8 0.07222294845787425
17 0.012745226198448395
14 0.0
-7 0.0
-10 0.0
-13 0.016993634931264528
-7 0.055229313526609716
-6 0.08496817465632264
-9 0.0
-13 0.0
-18 0.0
-21 0.0
-30 0.0
18 0.0
15 0.0
-6 0.0
-9 0.0
-9 0.008496817465632264
-18 0.12320385325166783
-9 0.0934649921219549
-13 0.0
-4 0.06372613099224197
-7 0.05098090479379358
17 0.004248408732816132
14 0.0
-7 0.0
-10 0.0
-3 0.02549045239689679
-6 0.08921658338913876
-2 0.0
18 0.0
15 0.0
-6 0.0
-9 0.0
-13 0.14019748818293234
-4 0.08496817465632264
-9 0.0
-1 0.06797453972505811
-2 0.04673249606097745
-9 0.02549045239689679
-13 0.0
-18 0.0
-21 0.0
-30 0.0
18 0.0
15 0.0
-6 0.0
-10 0.0
1 0.008496817465632264
17 0.05098090479379358
14 0.0
-7 0.0
-11 0.0
11 0.059477722259425846
-10 0.0
-13 0.0
-18 0.0
-22 0.0
-30 0.0
18 0.0
15 0.0
-6 0.0
-10 0.0
-1 0.0
-1 0.004248408732816132
2 0.008496817465632264
4 0.08496817465632264
0 0.004248408732816132
22 0.038235678595345185
17 0.0
-2 0.0
-11 0.0
-6 0.004248408732816132
-10 0.008496817465632264
5 0.029738861129712923
1 0.008496817465632264
6 0.07647135719069037
2 0.0
-11 0.004248408732816132
23 0.004248408732816132
18 0.0
-1 0.0
-10 0.0
7 0.06372613099224197
-22 0.055229313526609716
17 0.02124204366408066
14 0.0
-7 0.0
-10 0.0
9 0.004248408732816132
5 0.004248408732816132
-2 0.08921658338913876
-30 0.038235678595345185
-1 0.0
18 0.0
15 0.0
-6 0.0
-9 0.0
3 0.033987269862529056
6 0.008496817465632264
10 0.04248408732816132
-2 0.0
18 0.059477722259425846
15 0.0
-6 0.0
-9 0.0
17 0.07222294845787425
14 0.0
-7 0.0
-10 0.0
-21 0.033987269862529056
18 0.038235678595345185
15 0.0
-6 0.0
-9 0.0
-13 0.04248408732816132
-9 0.0
-13 0.0
-18 0.0
-21 0.0
-30 0.0
-16 0.012745226198448395
-11 0.059477722259425846
-14 0.04248408732816132
-10 0.04673249606097745
-9 0.08496817465632264
-9 0.0
-13 0.0
-18 0.0
-21 0.0
-30 0.0
-13 0.012745226198448395
17 0.10196180958758716
14 0.0
-7 0.0
-10 0.0
-18 0.02549045239689679
-11 0.0807197659235065
18 0.004248408732816132
15 0.0
-6 0.0
-9 0.0
-8 0.06372613099224197
-10 0.06372613099224197
-7 0.008496817465632264
-6 0.08496817465632264
-9 0.02124204366408066
17 0.10196180958758716
14 0.0
-7 0.0
-10 0.0
-13 0.033987269862529056
8 0.07222294845787425
-9 0.0
-13 0.0
-18 0.0
-21 0.0
-30 0.0
-4 0.0
-13 0.012745226198448395
-9 0.0
18 0.004248408732816132
15 0.0
-6 0.0
-9 0.0
-4 0.07222294845787425
-6 0.033987269862529056
17 0.016993634931264528
14 0.0
-7 0.0
-10 0.0
-2 0.029738861129712923
-1 0.07647135719069037
-9 0.0
-13 0.0
-18 0.0
-21 0.0
-30 0.0
-4 0.008496817465632264
-9 0.004248408732816132
18 0.008496817465632264
15 0.0
-6 0.0
-9 0.0
1 0.055229313526609716
18 0.06797453972505811
15 0.0
-6 0.0
-9 0.0
2 0.008496817465632264
17 0.05098090479379358
14 0.0
-7 0.0
-10 0.0
-6 0.029738861129712923
6 0.008496817465632264
3 0.004248408732816132
-6 0.0
18 0.02124204366408066
15 0.0
-6 0.0
-9 0.0
4 0.059477722259425846
5 0.10196180958758716
-2 0.0
-6 0.0
10 0.0
6 0.0
-1 0.055229313526609716
-4 0.0
11 0.0
8 0.0
-6 0.038235678595345185
-6 0.004248408732816132
0 0.008496817465632264
-3 0.0
12 0.0
9 0.0
-2 0.008496817465632264
-30 0.016993634931264528
1 0.029738861129712923
-2 0.0
13 0.0
10 0.0
6 0.004248408732816132
-6 0.0
-23 0.09771340085477104
-14 0.09771340085477104
-6 0.08496817465632264
-11 0.0
-14 0.0
-18 0.0
-23 0.0
-30 0.0
-11 0.016993634931264528
-4 0.06797453972505811
-2 0.029738861129712923
1 0.0
10 0.0
13 0.0
-3 0.04248408732816132
-3 0.02549045239689679
0 0.0
9 0.0
12 0.0
1 0.06372613099224197
-2 0.0
13 0.0
10 0.0
-2 0.004248408732816132
-11 0.0
-14 0.0
-18 0.0
-23 0.0
-30 0.0
-23 0.004248408732816132
-6 0.008496817465632264
-14 0.07222294845787425
-11 0.06797453972505811
-6 0.08921658338913876
-1 0.07647135719069037
-4 0.012745226198448395
0 0.059477722259425846
-7 0.06797453972505811
5 0.06372613099224197
1 0.008496817465632264
-30 0.0
-7 0.0
-2 0.0
-23 0.0934649921219549
17 0.02549045239689679
5 0.0
-3 0.0
12 0.0
9 0.0
-14 0.059477722259425846
18 0.06372613099224197
6 0.0
-2 0.0
13 0.0
10 0.0
-11 0.012745226198448395
-11 0.0
-14 0.0
-18 0.0
-23 0.0
-30 0.0
12 0.11045862705321943
0 0.0
-3 0.0
12 0.0
9 0.0
-8 0.038235678595345185
-7 0.08921658338913876
-11 0.0
-14 0.0
-18 0.0
-23 0.0
-30 0.0
13 0.0
1 0.0
-2 0.0
13 0.0
10 0.0
-23 0.004248408732816132
-11 0.0
-14 0.0807197659235065
-11 0.07222294845787425
-7 0.0934649921219549
-6 0.06797453972505811
-4 0.08496817465632264
-3 0.1062102183204033
-3 0.0
9 0.0
-15 0.004248408732816132
-7 0.004248408732816132
-30 0.008496817465632264
-23 0.07647135719069037
17 0.033987269862529056
5 0.0
-4 0.0
12 0.0
8 0.0
-15 0.029738861129712923
-11 0.08496817465632264
-11 0.0
-8 0.0
-23 0.0
-30 0.0
18 0.012745226198448395
6 0.0
-3 0.0
13 0.0
9 0.0
-10 0.06797453972505811
-1 0.016993634931264528
12 0.04673249606097745
0 0.0
-4 0.0
12 0.0
8 0.0
0 0.02124204366408066
-9 0.012745226198448395
-11 0.02549045239689679
4 0.06797453972505811
-8 0.0
-8 0.0
-11 0.0
-18 0.0
-23 0.0
13 0.0
1 0.0
-3 0.0
13 0.0
9 0.0
1 0.004248408732816132
-11 0.06372613099224197
-15 0.0807197659235065
-3 0.08921658338913876
2 0.08496817465632264
-1 0.008496817465632264
3 0.08496817465632264
0 0.004248408732816132
-8 0.1317006707173001
-8 0.012745226198448395
-3 0.004248408732816132
-35 0.004248408732816132
1 0.033987269862529056
4 0.029738861129712923
-23 0.10196180958758716
1 0.02124204366408066
-3 0.0
13 0.0
9 0.0
-15 0.059477722259425846
0 0.0
-4 0.0
12 0.0
8 0.0
1 0.06372613099224197
-3 0.0
13 0.0
9 0.0
-15 0.02549045239689679
-8 0.0
-11 0.0
-15 0.0
-23 0.0
-8 0.06797453972505811
-3 0.0807197659235065
-23 0.07222294845787425
-8 0.0
-11 0.0
-15 0.0
-23 0.0
-15 0.08496817465632264
0 0.04248408732816132
-4 0.0
12 0.0
8 0.0
-8 0.04248408732816132
-8 0.0807197659235065
1 0.0
-3 0.0
13 0.0
9 0.0
-3 0.07647135719069037
4 0.08921658338913876
-4 0.1062102183204033
-4 0.0
8 0.0
-35 0.016993634931264528
-23 0.06797453972505811
15 0.04673249606097745
3 0.0
-5 0.0
12 0.0
7 0.0
-16 0.04673249606097745
16 0.08496817465632264
4 0.0
-4 0.0
13 0.0
8 0.0
-16 0.012745226198448395
-4 0.0
-8 0.0
-16 0.0
-23 0.0
-8 0.07222294845787425
12 0.05098090479379358
0 0.0
12 0.0
7 0.0
-4 0.033987269862529056
-9 0.09771340085477104
3 0.0
-4 0.0
-8 0.0
-16 0.0
-9 0.0
-23 0.0
-9 0.0
13 0.0
1 0.0
-4 0.0
13 0.0
8 0.0
-8 0.08496817465632264
8 0.04248408732816132
4 0.0
-4 0.029738861129712923
7 0.033987269862529056
3 0.0
-8 0.05098090479379358
8 0.012745226198448395
4 0.0
-4 0.06372613099224197
3 0.08921658338913876
1 0.1062102183204033
-11 0.0
-11 0.004248408732816132
-5 0.008496817465632264
-33 0.008496817465632264
-21 0.0807197659235065
7 0.02124204366408066
4 0.0
-12 0.059477722259425846
6 0.004248408732816132
3 0.0
7 0.06372613099224197
4 0.0
-11 0.004248408732816132
-5 0.0
-8 0.0
-11 0.0
-21 0.0
-8 0.06797453972505811
6 0.05098090479379358
3 0.0
-5 0.04248408732816132
-1 0.08496817465632264
-5 0.0
-9 0.0
-11 0.0
-21 0.0
7 0.0
3 0.0
-13 0.008496817465632264
-21 0.08921658338913876
6 0.033987269862529056
2 0.0
-11 0.10196180958758716
7 0.029738861129712923
3 0.0
-9 0.14019748818293234
3 0.08921658338913876
-40 0.04673249606097745
-28 0.059477722259425846
-13 0.02549045239689679
-10 0.055229313526609716
-6 0.02549045239689679
-2 0.04673249606097745
-18 0.12745226198448395
-14 0.0807197659235065
-13 0.06797453972505811
-9 0.004248408732816132
-6 0.0
-10 0.0
-13 0.0
-16 0.0
-18 0.0
-28 0.0
6 0.0
2 0.0
5 0.059477722259425846
1 0.0
-8 0.016993634931264528
-12 0.008496817465632264
6 0.029738861129712923
2 0.0
-7 0.033987269862529056
-11 0.0
5 0.02549045239689679
1 0.0
-6 0.055229313526609716
-6 0.0
-10 0.0
-13 0.0
-16 0.0
-18 0.0
-28 0.0
6 0.0
2 0.0
-13 0.012745226198448395
-18 0.004248408732816132
-10 0.0
-8 0.06797453972505811
-4 0.0
-7 0.07647135719069037
-3 0.004248408732816132
-2 0.06372613099224197
-6 0.004248408732816132
-1 0.06797453972505811
-5 0.0
-4 0.0807197659235065
0 0.0
-26 0.10196180958758716
1 0.02549045239689679
-11 0.004248408732816132
-2 0.008496817465632264
-6 0.008496817465632264
-18 0.06797453972505811
5 0.033987269862529056
2 0.0
-12 0.04673249606097745
-11 0.07647135719069037
-6 0.0
-11 0.0
-18 0.0
-14 0.0
-18 0.0
-26 0.0
6 0.0
1 0.0
-6 0.07647135719069037
1 0.07647135719069037
-4 0.1062102183204033
-6 0.0
-10 0.0
-18 0.0
-13 0.0
-18 0.0
-25 0.0
-10 0.004248408732816132
-6 0.004248408732816132
-25 0.0
-16 0.0934649921219549
5 0.04248408732816132
2 0.0
-11 0.02124204366408066
-2 0.08496817465632264
-10 0.004248408732816132
6 0.029738861129712923
1 0.0
-6 0.055229313526609716
5 0.08496817465632264
5 0.0
2 0.0
2 0.016993634931264528
-35 0.08921658338913876
-4 0.038235678595345185
6 0.0
6 0.0
1 0.0
-6 0.008496817465632264
-11 0.0
-23 0.08496817465632264
11 0.04248408732816132
11 0.0
-16 0.04673249606097745
-13 0.0934649921219549
-11 0.0
-6 0.0
-16 0.0
-23 0.0
13 0.012745226198448395
13 0.0
-11 0.07647135719069037
-6 0.1062102183204033
-7 0.16568794057982913
-11 0.0
-7 0.0
-11 0.0
-16 0.0
-23 0.0
1 0.008496817465632264
-1 0.004248408732816132
-6 0.33987269862529057
1 0.14019748818293234
1 0.0
-42 0.14869430564856462
6 0.06372613099224197
6 0.0
-23 0.029738861129712923
-14 0.055229313526609716
-11 0.04248408732816132
-6 0.06797453972505811
13 0.18268157551109368
-6 0.008496817465632264
10 0.012745226198448395
6 0.0
-14 0.004248408732816132
1 0.02549045239689679
13 0.08921658338913876
10 0.008496817465632264
-6 0.004248408732816132
-11 0.0
-6 0.07222294845787425
18 0.06372613099224197
-2 0.0
6 0.0
13 0.008496817465632264
13 0.11895544451885169
-6 0.008496817465632264
10 0.004248408732816132
-11 0.0
1 0.038235678595345185
-14 0.04673249606097745
6 0.02124204366408066
13 0.008496817465632264
10 0.008496817465632264
-5 0.06797453972505811
-30 0.05098090479379358
-23 0.016993634931264528
16 0.10196180958758716
13 0.0
-6 0.0
-14 0.004248408732816132
10 0.004248408732816132
4 0.038235678595345185
13 0.06797453972505811
16 0.0
10 0.012745226198448395
-8 0.008496817465632264
-14 0.008496817465632264
-5 0.008496817465632264
-8 0.016993634931264528
18 0.06797453972505811
13 0.012745226198448395
6 0.0
-2 0.004248408732816132
13 0.11470703578603557
-6 0.008496817465632264
10 0.004248408732816132
-8 0.0
6 0.004248408732816132
1 0.033987269862529056
-14 0.06797453972505811
6 0.008496817465632264
13 0.0
10 0.0
-10 0.06372613099224197
-30 0.055229313526609716
-22 0.016993634931264528
-15 0.08921658338913876
-8 0.012745226198448395
14 0.004248408732816132
9 0.004248408732816132
6 0.0
2 0.05098090479379358
9 0.055229313526609716
14 0.008496817465632264
-15 0.008496817465632264
-6 0.012745226198448395
-6 0.029738861129712923
18 0.06797453972505811
6 0.008496817465632264
9 0.0
-6 0.008496817465632264
14 0.0
-3 0.0
-10 0.008496817465632264
14 0.10196180958758716
9 0.004248408732816132
-6 0.0
-10 0.0
6 0.004248408732816132
2 0.038235678595345185
-15 0.055229313526609716
14 0.02124204366408066
9 0.0
2 0.004248408732816132
6 0.0
-11 0.055229313526609716
-30 0.06797453972505811
-23 0.004248408732816132
13 0.10196180958758716
-15 0.008496817465632264
9 0.004248408732816132
6 0.008496817465632264
1 0.029738861129712923
9 0.06797453972505811
13 0.0
6 0.008496817465632264
-15 0.0
-11 0.004248408732816132
-6 0.0
18 0.11470703578603557
6 0.0
13 0.008496817465632264
-3 0.0
9 0.0
13 0.11895544451885169
-6 0.0
-11 0.012745226198448395
-15 0.08496817465632264
6 0.016993634931264528
9 0.0
13 0.0
-8 0.06372613099224197
-23 0.06372613099224197
-30 0.004248408732816132
13 0.1062102183204033
-15 0.004248408732816132
9 0.0
6 0.004248408732816132
-10 0.0
1 0.038235678595345185
9 0.06372613099224197
13 0.004248408732816132
-15 0.0
6 0.008496817465632264
-11 0.008496817465632264
-6 0.012745226198448395
-11 0.04248408732816132
16 0.055229313526609716
-3 0.0
4 0.008496817465632264
13 0.004248408732816132
9 0.0
13 0.11045862705321943
-6 0.004248408732816132
9 0.008496817465632264
-11 0.0
6 0.004248408732816132
1 0.038235678595345185
-15 0.04248408732816132
13 0.02124204366408066
9 0.004248408732816132
6 0.004248408732816132
-12 0.06797453972505811
-30 0.055229313526609716
-21 0.008496817465632264
-15 0.0934649921219549
12 0.0
9 0.004248408732816132
6 0.004248408732816132
-11 0.004248408732816132
0 0.04248408732816132
12 0.059477722259425846
9 0.0
-6 0.004248408732816132
6 0.0
-15 0.016993634931264528
-12 0.0
-9 0.04673249606097745
15 0.06372613099224197
-3 0.008496817465632264
3 0.0
6 0.004248408732816132
12 0.0
9 0.004248408732816132
12 0.1062102183204033
9 0.004248408732816132
-6 0.008496817465632264
6 0.004248408732816132
-12 0.004248408732816132
0 0.038235678595345185
-15 0.04673249606097745
9 0.012745226198448395
12 0.0
6 0.004248408732816132
-13 0.07222294845787425
-30 0.04248408732816132
-22 0.02124204366408066
-13 0.09771340085477104
11 0.004248408732816132
6 0.004248408732816132
2 0.012745226198448395
-1 0.029738861129712923
6 0.06372613099224197
11 0.0
-13 0.008496817465632264
-22 0.0
-18 0.012745226198448395
14 0.11470703578603557
2 0.004248408732816132
11 0.004248408732816132
-6 0.0
6 0.004248408732816132
11 0.11895544451885169
-18 0.004248408732816132
6 0.0
2 0.004248408732816132
-13 0.0
-1 0.04248408732816132
11 0.059477722259425846
-22 0.0
6 0.004248408732816132
-14 0.07222294845787425
-30 0.04248408732816132
-22 0.02124204366408066
-14 0.08496817465632264
10 0.008496817465632264
6 0.012745226198448395
2 0.0
-13 0.0
-2 0.055229313526609716
6 0.05098090479379358
10 0.004248408732816132
-22 0.004248408732816132
-14 0.004248408732816132
-18 0.012745226198448395
-11 0.04248408732816132
14 0.06797453972505811
6 0.012745226198448395
10 0.0
2 0.0
-6 0.004248408732816132
10 0.11470703578603557
6 0.012745226198448395
-14 0.0
-18 0.0
2 0.008496817465632264
-2 0.038235678595345185
6 0.059477722259425846
10 0.004248408732816132
-22 0.004248408732816132
-15 0.06372613099224197
-30 0.059477722259425846
-22 0.004248408732816132
-15 0.10196180958758716
9 0.02124204366408066
6 0.004248408732816132
-3 0.04248408732816132
6 0.07222294845787425
9 0.0
-22 0.008496817465632264
-15 0.004248408732816132
-15 0.05098090479379358
13 0.06797453972505811
-6 0.004248408732816132
9 0.0
1 0.0
6 0.012745226198448395
9 0.11045862705321943
-15 0.004248408732816132
6 0.012745226198448395
-3 0.029738861129712923
6 0.06372613099224197
9 0.0
-22 0.0
-12 0.08921658338913876
-30 0.05098090479379358
-22 0.012745226198448395
-15 0.10196180958758716
9 0.004248408732816132
6 0.008496817465632264
-13 0.04248408732816132
-3 0.004248408732816132
6 0.059477722259425846
9 0.004248408732816132
-22 0.008496817465632264
-15 0.0
-15 0.06372613099224197
12 0.06372613099224197
0 0.0
-6 0.008496817465632264
9 0.0
6 0.0
-15 0.11895544451885169
9 0.012745226198448395
6 0.008496817465632264
-3 0.04248408732816132
-22 0.059477722259425846
6 0.004248408732816132
9 0.0
-16 0.08496817465632264
-30 0.04248408732816132
-22 0.02124204366408066
-16 0.10196180958758716
8 0.012745226198448395
6 0.0
-15 0.0
2 0.008496817465632264
-4 0.04248408732816132
8 0.06372613099224197
-13 0.012745226198448395
-22 0.0
2 0.008496817465632264
-13 0.04673249606097745
11 0.06372613099224197
-6 0.008496817465632264
-1 0.004248408732816132
6 0.016993634931264528
-13 0.1062102183204033
8 0.004248408732816132
6 0.004248408732816132
2 0.012745226198448395
-4 0.033987269862529056
-22 0.06372613099224197
8 0.008496817465632264
6 0.004248408732816132
-17 0.06797453972505811
-30 0.055229313526609716
-22 0.008496817465632264
7 0.11895544451885169
-14 0.004248408732816132
2 0.004248408732816132
-5 0.04673249606097745
2 0.059477722259425846
7 0.012745226198448395
-14 0.004248408732816132
-22 0.0
10 0.11470703578603557
7 0.016993634931264528
-2 0.0
2 0.0
-10 0.004248408732816132
7 0.11895544451885169
-14 0.008496817465632264
2 0.0
-5 0.05098090479379358
2 0.06372613099224197
7 0.004248408732816132
-22 0.004248408732816132
-18 0.055229313526609716
-30 0.06797453972505811
-22 0.016993634931264528
-15 0.1062102183204033
-16 0.008496817465632264
6 0.004248408732816132
-3 0.016993634931264528
2 0.004248408732816132
-6 0.029738861129712923
6 0.06372613099224197
-15 0.012745226198448395
-22 0.0
-15 0.06372613099224197
9 0.06372613099224197
-3 0.012745226198448395
-6 0.0
6 0.004248408732816132
-15 0.12745226198448395
6 0.0
-3 0.012745226198448395
-6 0.0
-22 0.12745226198448395
6 0.0
-6 0.012745226198448395
-19 0.07647135719069037
-30 0.05098090479379358
-22 0.016993634931264528
-16 0.1317006707173001
-7 0.0
-10 0.008496817465632264
-18 0.012745226198448395
-7 0.12320385325166783
-22 0.004248408732816132
-13 0.008496817465632264
-16 0.08496817465632264
2 0.06797453972505811
-7 0.004248408732816132
-10 0.004248408732816132
-13 0.14869430564856462
-7 0.008496817465632264
-10 0.004248408732816132
-7 0.14869430564856462
-16 0.0
-10 0.029738861129712923
-20 0.0807197659235065
-30 0.059477722259425846
-10 0.16993634931264529
-20 0.004248408732816132
-14 0.02124204366408066
-9 0.12745226198448395
-17 0.016993634931264528
-8 0.1444458969157485
-11 0.16993634931264529
-20 0.0
-17 0.016993634931264528
-7 0.13594907945011622
-30 0.016993634931264528
-21 0.08921658338913876
-11 0.06797453972505811
-21 0.016993634931264528
-6 0.1571911231141969
-30 0.008496817465632264
-5 0.1741847580454614
-21 0.008496817465632264
-4 0.1996752104423582
-11 0.008496817465632264
-3 0.15294271438138074
-6 0.012745226198448395
-12 0.008496817465632264
-17 0.1062102183204033
-20 0.05098090479379358
-2 0.012745226198448395
-5 0.016993634931264528
-30 0.19117839297672592
-1 0.004248408732816132
-4 0.012745226198448395
-22 0.19117839297672592
-41 0.06797453972505811
-12 0.04673249606097745
-29 0.029738861129712923
-10 0.02124204366408066
-6 0.05098090479379358
-3 0.038235678595345185
0 0.14869430564856462
-22 0.16993634931264529
-15 0.11470703578603557
-13 0.11470703578603557
-22 0.12745226198448395
-15 0.09771340085477104
-1 0.10196180958758716
-12 0.004248408732816132
-10 0.09771340085477104
0 0.08921658338913876
-15 0.02124204366408066
-12 0.08496817465632264
4 0.0807197659235065
-8 0.004248408732816132
-6 0.08496817465632264
-12 0.11045862705321943
7 0.029738861129712923
-8 0.11470703578603557
6 0.09771340085477104
-5 0.012745226198448395
-3 0.0934649921219549
6 0.11045862705321943
-17 0.0
-12 0.008496817465632264
-10 0.11470703578603557
4 0.08496817465632264
-5 0.0
-6 0.07222294845787425
-12 0.10196180958758716
-6 0.08921658338913876
6 0.10196180958758716
-1 0.016993634931264528
0 0.08496817465632264
-29 0.02124204366408066
-22 0.02124204366408066
4 0.06797453972505811
-12 0.004248408732816132
-5 0.004248408732816132
-10 0.11470703578603557
2 0.08496817465632264
-6 0.008496817465632264
-8 0.0807197659235065
-12 0.0934649921219549
-8 0.0934649921219549
4 0.0934649921219549
-3 0.016993634931264528
-1 0.06797453972505811
-41 0.06797453972505811
-12 0.055229313526609716
-29 0.038235678595345185
-6 0.029738861129712923
4 0.07647135719069037
-22 0.11045862705321943
-15 0.1062102183204033
0 0.016993634931264528
-13 0.0934649921219549
-22 0.10196180958758716
-15 0.08496817465632264
-1 0.0934649921219549
11 0.0
-12 0.012745226198448395
-10 0.0807197659235065
-15 0.1062102183204033
0 0.0
12 0.0
-12 0.1062102183204033
4 0.06797453972505811
16 0.008496817465632264
-8 0.008496817465632264
-6 0.07222294845787425
7 0.11895544451885169
19 0.0
-12 0.008496817465632264
-8 0.09771340085477104
6 0.08496817465632264
18 0.0
-5 0.012745226198448395
-3 0.08496817465632264
6 0.1062102183204033
18 0.0
-6 0.008496817465632264
-17 0.008496817465632264
-12 0.004248408732816132
-10 0.0934649921219549
-5 0.07647135719069037
9 0.008496817465632264
16 0.004248408732816132
-6 0.06372613099224197
-12 0.10196180958758716
-6 0.08496817465632264
11 0.09771340085477104
18 0.0
2 0.012745226198448395
6 0.08921658338913876
2 0.0
-29 0.06797453972505811
-22 0.02124204366408066
4 0.055229313526609716
16 0.0
-8 0.004248408732816132
0 0.0
-12 0.012745226198448395
-10 0.11045862705321943
9 0.0807197659235065
14 0.0
-6 0.004248408732816132
-8 0.08496817465632264
-12 0.10196180958758716
-8 0.07647135719069037
11 0.11470703578603557
16 0.0
-1 0.008496817465632264
4 0.09771340085477104
0 0.004248408732816132
-12 0.12320385325166783
-41 0.008496817465632264
-29 0.004248408732816132
14 0.016993634931264528
-6 0.02124204366408066
-22 0.04673249606097745
2 0.029738861129712923
-15 0.1317006707173001
-3 0.12320385325166783
-3 0.0
-12 0.008496817465632264
-10 0.0
-8 0.11045862705321943
-15 0.1062102183204033
-22 0.0
-12 0.08496817465632264
0 0.10196180958758716
-7 0.012745226198448395
-10 0.055229313526609716
-5 0.029738861129712923
2 0.1062102183204033
-15 0.004248408732816132
-12 0.0
-10 0.08496817465632264
5 0.0934649921219549
-3 0.008496817465632264
-7 0.004248408732816132
-1 0.0807197659235065
9 0.0934649921219549
-7 0.02549045239689679
-10 0.008496817465632264
-3 0.06797453972505811
12 0.1062102183204033
0 0.004248408732816132
-3 0.033987269862529056
2 0.0934649921219549
11 0.14019748818293234
-1 0.0
5 0.0
-17 0.0
-7 0.11895544451885169
9 0.0934649921219549
0 0.02124204366408066
-1 0.06372613099224197
-7 0.09771340085477104
-1 0.07222294845787425
11 0.09771340085477104
4 0.0
5 0.11470703578603557
9 0.0934649921219549
-3 0.0
5 0.004248408732816132
-17 0.0
-12 0.012745226198448395
-7 0.08496817465632264
7 0.1062102183204033
-1 0.004248408732816132
-3 0.0807197659235065
-7 0.08921658338913876
-3 0.08921658338913876
9 0.09771340085477104
2 0.02124204366408066
4 0.0807197659235065
-7 0.08921658338913876
-29 0.004248408732816132
-22 0.04248408732816132
-1 0.004248408732816132
9 0.07647135719069037
-13 0.11470703578603557
5 0.11895544451885169
-10 0.008496817465632264
-8 0.07647135719069037
-22 0.1062102183204033
-17 0.004248408732816132
-13 0.08496817465632264
4 0.08921658338913876
-8 0.0
-7 0.016993634931264528
-5 0.0807197659235065
5 0.08921658338913876
-7 0.0
-13 0.012745226198448395
-17 0.008496817465632264
-10 0.08496817465632264
9 0.06797453972505811
-3 0.0
-3 0.016993634931264528
-1 0.06372613099224197
11 0.06797453972505811
12 0.04248408732816132
0 0.0
-7 0.012745226198448395
-10 0.0
-3 0.11045862705321943
11 0.08921658338913876
-1 0.0
0 0.016993634931264528
2 0.0807197659235065
-17 0.10196180958758716
11 0.004248408732816132
-1 0.0
-1 0.008496817465632264
-10 0.0
-7 0.0934649921219549
14 0.09771340085477104
-3 0.0
0 0.008496817465632264
-1 0.08496817465632264
-7 0.0934649921219549
-1 0.0807197659235065
16 0.1062102183204033
-1 0.0
4 0.004248408732816132
9 0.012745226198448395
11 0.07647135719069037
7 0.012745226198448395
-29 0.06372613099224197
9 0.06797453972505811
-3 0.0
-3 0.004248408732816132
5 0.008496817465632264
-12 0.004248408732816132
-7 0.1062102183204033
14 0.08921658338913876
-5 0.0
2 0.012745226198448395
5 0.004248408732816132
-1 0.004248408732816132
-3 0.0807197659235065
-7 0.1062102183204033
-3 0.08496817465632264
4 0.1062102183204033
16 0.008496817465632264
-3 0.0
7 0.016993634931264528
9 0.09771340085477104
7 0.1317006707173001
-5 0.0
-5 0.008496817465632264
-13 0.012745226198448395
-10 0.10196180958758716
9 0.08921658338913876
-10 0.0
-7 0.02124204366408066
-3 0.0807197659235065
-15 0.0934649921219549
-10 0.10196180958758716
11 0.08921658338913876
-7 0.02124204366408066
-1 0.08921658338913876
-5 0.012745226198448395
5 0.11045862705321943
-17 0.004248408732816132
-10 0.09771340085477104
7 0.11045862705321943
-7 0.012745226198448395
-3 0.0934649921219549
0 0.02124204366408066
-29 0.11045862705321943
1 0.1571911231141969
-8 0.004248408732816132
-2 0.0
-1 0.16568794057982913
2 0.004248408732816132
9 0.0
-17 0.016993634931264528
-7 0.004248408732816132
3 0.19117839297672592
-6 0.004248408732816132
4 0.2676497501674163
-8 0.008496817465632264
0 0.012745226198448395
-36 0.16993634931264529
-17 0.14019748818293234
-24 0.016993634931264528
-8 0.08921658338913876
-17 0.02124204366408066
5 0.11895544451885169
-7 0.004248408732816132
2 0.0
-12 0.1062102183204033
0 0.012745226198448395
-6 0.08496817465632264
6 0.0
-10 0.012745226198448395
0 0.07647135719069037
-9 0.008496817465632264
7 0.1571911231141969
4 0.004248408732816132
-5 0.004248408732816132
-8 0.004248408732816132
-13 0.008496817465632264
-17 0.004248408732816132
-9 0.12745226198448395
-8 0.1062102183204033
-35 0.004248408732816132
-4 0.10196180958758716
-23 0.004248408732816132
-5 0.02549045239689679
-1 0.06372613099224197
7 0.0
7 0.0
-5 0.0
-13 0.016993634931264528
3 0.0807197659235065
-8 0.008496817465632264
9 0.10196180958758716
4 0.0
-3 0.004248408732816132
-6 0.008496817465632264
6 0.0934649921219549
-5 0.02124204366408066
-8 0.059477722259425846
-5 0.0
-14 0.0
-18 0.0
-23 0.0
-30 0.0
10 0.06797453972505811
7 0.0
7 0.0
-5 0.0
-2 0.0
-8 0.0
-2 0.004248408732816132
-8 0.0
-14 0.008496817465632264
-5 0.0
4 0.004248408732816132
-9 0.12320385325166783
-5 0.0
-30 0.008496817465632264
-23 0.004248408732816132
-2 0.0807197659235065
-14 0.02549045239689679
3 0.07222294845787425
11 0.11045862705321943
-1 0.004248408732816132
4 0.0
-8 0.004248408732816132
-13 0.012745226198448395
5 0.10196180958758716
-7 0.0
-6 0.033987269862529056
13 0.06372613099224197
6 0.0
6 0.0
-6 0.0
-6 0.008496817465632264
1 0.0
6 0.004248408732816132
-13 0.004248408732816132
-5 0.07647135719069037
7 0.004248408732816132
-4 0.06797453972505811
-8 0.04673249606097745
-7 0.0
-15 0.0
-25 0.0
13 0.06372613099224197
5 0.0
5 0.0
-7 0.0
-3 0.0
-7 0.0
-3 0.008496817465632264
-9 0.0
9 0.004248408732816132
1 0.0
-7 0.0
5 0.004248408732816132
-15 0.0
4 0.11895544451885169
-25 0.0
-10 0.038235678595345185
14 0.06797453972505811
9 0.004248408732816132
2 0.0
-10 0.004248408732816132
4 0.1062102183204033
-8 0.0
5 0.10196180958758716
-7 0.004248408732816132
8 0.08496817465632264
-4 0.012745226198448395
-3 0.04248408732816132
-9 0.0
15 0.06797453972505811
6 0.004248408732816132
9 0.0
-3 0.0
3 0.0
-9 0.016993634931264528
-6 0.0
11 0.1062102183204033
-1 0.008496817465632264
-10 0.04673249606097745
-8 0.0
-16 0.0
-32 0.0
16 0.06797453972505811
4 0.0
4 0.0
-8 0.0
-4 0.0
-10 0.0
4 0.004248408732816132
-8 0.004248408732816132
0 0.0
-4 0.0
12 0.0
8 0.0
-10 0.004248408732816132
-4 0.14019748818293234
-20 0.004248408732816132
2 0.08496817465632264
-10 0.012745226198448395
4 0.07222294845787425
-4 0.012745226198448395
17 0.11470703578603557
12 0.0
0 0.0
5 0.0
-4 0.004248408732816132
-10 0.008496817465632264
-1 0.0934649921219549
11 0.004248408732816132
-9 0.05098090479379358
-9 0.0
6 0.06797453972505811
12 0.0
18 0.0
3 0.0
3 0.0
-9 0.0
-9 0.0
0 0.004248408732816132
-9 0.004248408732816132
-4 0.008496817465632264
1 0.0934649921219549
13 0.0
-9 0.059477722259425846
-10 0.0
-17 0.0
-24 0.0
-5 0.06372613099224197
2 0.004248408732816132
18 0.0
-9 0.0
6 0.0
2 0.0
2 0.0
-10 0.0
-5 0.0
-9 0.0
14 0.004248408732816132
-24 0.12745226198448395
-17 0.0
-9 0.08496817465632264
7 0.008496817465632264
15 0.0
19 0.0
-5 0.1062102183204033
-12 0.04673249606097745
3 0.06372613099224197
0 0.0
0 0.0
-12 0.0
-9 0.008496817465632264
14 0.10196180958758716
2 0.0
-10 0.016993634931264528
-7 0.038235678595345185
-9 0.0
-13 0.0
-16 0.0
20 0.06797453972505811
-1 0.0
-1 0.0
-13 0.0
-4 0.0
15 0.004248408732816132
8 0.0
3 0.0
-9 0.004248408732816132
5 0.11895544451885169
17 0.004248408732816132
-6 0.07222294845787425
-9 0.0
-13 0.0
-18 0.0
-21 0.0
-25 0.0
-33 0.0
3 0.059477722259425846
6 0.0
21 0.008496817465632264
-6 0.0
-1 0.0
-1 0.0
-1 0.0
-13 0.0
-6 0.0
-9 0.0
9 0.004248408732816132
-3 0.0
18 0.0
11 0.0
15 0.0
-33 0.13594907945011622
-26 0.012745226198448395
22 0.0934649921219549
18 0.0
-18 0.0
10 0.008496817465632264
15 0.0
-14 0.11470703578603557
-6 0.0
-9 0.004248408732816132
-14 0.06797453972505811
-26 0.0
-33 0.0
-2 0.06797453972505811
-2 0.0
-2 0.0
-14 0.0
17 0.12745226198448395
5 0.02124204366408066
-7 0.008496817465632264
-13 0.05098090479379358
-21 0.0
23 0.06797453972505811
-3 0.0
-3 0.0
-15 0.0
6 0.004248408732816132
11 0.0
-6 0.004248408732816132
18 0.0
15 0.0
-4 0.12745226198448395
-5 0.0
-10 0.09771340085477104
-12 0.0
-18 0.0
-22 0.0
-34 0.02549045239689679
-22 0.008496817465632264
23 0.11470703578603557
-4 0.0
-4 0.0
-16 0.0
-10 0.0
11 0.004248408732816132
20 0.004248408732816132
14 0.0
18 0.004248408732816132
-4 0.008496817465632264
-12 0.004248408732816132
-6 0.004248408732816132
-10 0.06372613099224197
-3 0.08921658338913876
-6 0.0
-12 0.008496817465632264
-10 0.0
24 0.06797453972505811
-3 0.0
-3 0.0
-15 0.0
12 0.008496817465632264
14 0.0
18 0.0
21 0.008496817465632264
-1 0.06372613099224197
-6 0.004248408732816132
-12 0.004248408732816132
23 0.16993634931264529
11 0.004248408732816132
20 0.008496817465632264
14 0.0
-6 0.004248408732816132
0 0.0
18 0.004248408732816132
-12 0.004248408732816132
-10 0.0
1 0.161439531847013
-6 0.004248408732816132
-12 0.0
24 0.08496817465632264
14 0.004248408732816132
12 0.0
18 0.0
21 0.008496817465632264
-23 0.06372613099224197
-30 0.0
-12 0.029738861129712923
2 0.0
-6 0.004248408732816132
-6 0.13594907945011622
-2 0.02124204366408066
1 0.012745226198448395
6 0.02124204366408066
13 0.029738861129712923
18 0.012745226198448395
22 0.029738861129712923
-2 0.02549045239689679
-6 0.0
-11 0.0
-6 0.0
-11 0.0
-14 0.0
-18 0.0
-23 0.0
-30 0.0
-23 0.0
-30 0.0
25 0.016993634931264528
25 0.2124204366408066
24 0.05098090479379358
10 0.02124204366408066
6 0.0
25 0.02549045239689679
29 0.0
18 0.008496817465632264
22 0.0
9 0.012745226198448395
5 0.0
24 0.029738861129712923
13 0.004248408732816132
21 0.0
10 0.016993634931264528
6 0.0
30 0.02549045239689679
25 0.0
18 0.0
22 0.004248408732816132
20 0.04248408732816132
21 0.04248408732816132
22 0.04248408732816132
25 0.04248408732816132
25 0.004248408732816132
24 0.04248408732816132
10 0.02124204366408066
6 0.0
29 0.029738861129712923
25 0.0
10 0.0
6 0.004248408732816132
9 0.016993634931264528
5 0.0
24 0.02549045239689679
9 0.0
1 0.004248408732816132
10 0.016993634931264528
6 0.0
30 0.02549045239689679
25 0.004248408732816132
6 0.008496817465632264
10 0.0
22 0.033987269862529056
23 0.05098090479379358
13 0.004248408732816132
24 0.038235678595345185
30 0.05098090479379358
18 0.0
22 0.0
29 0.04248408732816132
34 0.04248408732816132
30 0.0
22 0.004248408732816132
29 0.04248408732816132
-22 0.008496817465632264
33 0.033987269862529056
-12 0.0
24 0.008496817465632264
30 0.0
21 0.0
29 0.04673249606097745
32 0.04248408732816132
23 0.004248408732816132
28 0.0
20 0.0
27 0.04248408732816132
31 0.04673249606097745
22 0.0
27 0.008496817465632264
19 0.0
26 0.033987269862529056
30 0.05098090479379358
27 0.004248408732816132
18 0.0
21 0.0
26 0.04248408732816132
-23 0.02124204366408066
-30 0.0
25 0.02549045239689679
-11 0.0
18 0.004248408732816132
22 0.0
20 0.05098090479379358
21 0.04248408732816132
22 0.033987269862529056
25 0.05098090479379358
24 0.033987269862529056
10 0.02124204366408066
6 0.0
29 0.029738861129712923
10 0.004248408732816132
25 0.0
6 0.0
9 0.008496817465632264
5 0.0
24 0.029738861129712923
9 0.004248408732816132
1 0.0
10 0.016993634931264528
6 0.0
30 0.02549045239689679
25 0.0
10 0.004248408732816132
6 0.0
20 0.038235678595345185
21 0.04248408732816132
22 0.038235678595345185
30 0.04248408732816132
25 0.0
24 0.029738861129712923
10 0.02124204366408066
6 0.0
29 0.02549045239689679
25 0.008496817465632264
9 0.008496817465632264
5 0.0
24 0.02549045239689679
13 0.0
10 0.012745226198448395
6 0.0
28 0.02549045239689679
25 0.004248408732816132
18 0.008496817465632264
22 0.0
22 0.033987269862529056
27 0.04248408732816132
13 0.0
23 0.0
22 0.04248408732816132
26 0.05098090479379358
18 0.0
13 0.0
21 0.0
20 0.033987269862529056
25 0.04248408732816132
21 0.008496817465632264
6 0.0
20 0.033987269862529056
-22 0.016993634931264528
11 0.012745226198448395
24 0.012745226198448395
-1 0.0
-10 0.0
21 0.008496817465632264
14 0.004248408732816132
6 0.0
20 0.038235678595345185
23 0.033987269862529056
2 0.008496817465632264
20 0.0
19 0.04248408732816132
22 0.04248408732816132
19 0.0
6 0.0
2 0.004248408732816132
18 0.038235678595345185
-6 0.04248408732816132
21 0.0
10 0.02549045239689679
18 0.008496817465632264
-21 0.033987269862529056
-30 0.0
22 0.02549045239689679
11 0.0
6 0.0
18 0.0
-2 0.0
-9 0.0
-13 0.0
3 0.012745226198448395
27 0.161439531847013
22 0.05098090479379358
6 0.012745226198448395
3 0.0
20 0.029738861129712923
11 0.0
15 0.0
5 0.008496817465632264
2 0.0
19 0.02549045239689679
14 0.012745226198448395
10 0.0
6 0.008496817465632264
3 0.0
22 0.029738861129712923
18 0.0
15 0.004248408732816132
17 0.038235678595345185
16 0.04248408732816132
6 0.012745226198448395
15 0.02124204366408066
15 0.05098090479379358
10 0.033987269862529056
6 0.016993634931264528
3 0.0
8 0.02549045239689679
-1 0.008496817465632264
3 0.0
5 0.004248408732816132
2 0.0
7 0.02549045239689679
2 0.004248408732816132
6 0.016993634931264528
3 0.0
10 0.02549045239689679
6 0.008496817465632264
3 0.0
-1 0.0
-6 0.07647135719069037
15 0.04248408732816132
21 0.055229313526609716
18 0.0
17 0.038235678595345185
9 0.05098090479379358
22 0.0
18 0.0
3 0.004248408732816132
11 0.008496817465632264
17 0.02549045239689679
10 0.0
-22 0.016993634931264528
23 0.02549045239689679
-1 0.0
-10 0.0
11 0.004248408732816132
18 0.0
6 0.0
17 0.04248408732816132
13 0.038235678595345185
25 0.0
18 0.004248408732816132
6 0.0
17 0.038235678595345185
26 0.04248408732816132
11 0.0
14 0.004248408732816132
18 0.0
17 0.033987269862529056
21 0.04248408732816132
9 0.0
2 0.008496817465632264
10 0.008496817465632264
17 0.02549045239689679
-21 0.008496817465632264
-30 0.0
22 0.02549045239689679
-2 0.0
-9 0.0
-13 0.0
18 0.008496817465632264
6 0.0
10 0.0
14 0.08496817465632264
-6 0.004248408732816132
6 0.0
2 0.004248408732816132
5 0.033987269862529056
15 0.04248408732816132
3 0.004248408732816132
-1 0.0
6 0.004248408732816132
5 0.033987269862529056
6 0.02124204366408066
2 0.0
10 0.02549045239689679
-6 0.004248408732816132
2 0.0
5 0.004248408732816132
5 0.029738861129712923
6 0.02124204366408066
3 0.0
11 0.02549045239689679
6 0.004248408732816132
3 0.0
-1 0.0
18 0.07647135719069037
11 0.004248408732816132
-6 0.004248408732816132
2 0.0
10 0.038235678595345185
11 0.04248408732816132
3 0.004248408732816132
9 0.0
-1 0.0
8 0.033987269862529056
6 0.02124204366408066
2 0.0
11 0.02124204366408066
18 0.004248408732816132
2 0.004248408732816132
-6 0.0
5 0.004248408732816132
10 0.029738861129712923
6 0.012745226198448395
3 0.0
11 0.029738861129712923
3 0.008496817465632264
-1 0.0
20 0.08921658338913876
-6 0.0
15 0.038235678595345185
-4 0.004248408732816132
21 0.038235678595345185
-3 0.0
18 0.004248408732816132
15 0.038235678595345185
-2 0.0
-1 0.038235678595345185
22 0.004248408732816132
18 0.0
8 0.02549045239689679
1 0.012745226198448395
15 0.004248408732816132
-19 0.012745226198448395
23 0.02549045239689679
-4 0.0
-10 0.0
-13 0.0
20 0.004248408732816132
3 0.02549045239689679
17 0.016993634931264528
6 0.012745226198448395
24 0.029738861129712923
21 0.0
17 0.038235678595345185
8 0.0
25 0.04248408732816132
22 0.0
9 0.0
17 0.038235678595345185
10 0.004248408732816132
26 0.038235678595345185
11 0.0
23 0.0
17 0.033987269862529056
6 0.008496817465632264
-18 0.012745226198448395
-30 0.0
27 0.029738861129712923
-9 0.0
-14 0.0
15 0.004248408732816132
6 0.0
-6 0.0
10 0.004248408732816132
23 0.033987269862529056
22 0.04248408732816132
15 0.033987269862529056
21 0.038235678595345185
17 0.0
22 0.04248408732816132
18 0.0
-3 0.004248408732816132
-7 0.0
21 0.029738861129712923
17 0.004248408732816132
22 0.038235678595345185
-2 0.012745226198448395
-6 0.0
27 0.029738861129712923
15 0.004248408732816132
23 0.04248408732816132
22 0.038235678595345185
15 0.033987269862529056
21 0.038235678595345185
17 0.004248408732816132
22 0.04248408732816132
18 0.0
-3 0.012745226198448395
-7 0.0
21 0.02549045239689679
17 0.0
22 0.038235678595345185
18 0.004248408732816132
-2 0.016993634931264528
-6 0.0
15 0.02124204366408066
27 0.004248408732816132
23 0.04248408732816132
22 0.038235678595345185
15 0.04248408732816132
21 0.04248408732816132
9 0.0
12 0.0
18 0.004248408732816132
17 0.038235678595345185
13 0.029738861129712923
10 0.008496817465632264
22 0.0
8 0.029738861129712923
17 0.004248408732816132
-19 0.012745226198448395
23 0.02549045239689679
-4 0.0
-10 0.0
-13 0.0
11 0.004248408732816132
14 0.0
20 0.0
17 0.038235678595345185
24 0.038235678595345185
15 0.004248408732816132
21 0.0
12 0.0
17 0.038235678595345185
25 0.04248408732816132
16 0.0
13 0.0
22 0.004248408732816132
17 0.033987269862529056
26 0.033987269862529056
23 0.008496817465632264
14 0.0
17 0.0
17 0.029738861129712923
6 0.008496817465632264
-18 0.012745226198448395
-30 0.0
27 0.02549045239689679
23 0.0
-6 0.0
-9 0.0
-14 0.0
15 0.008496817465632264
22 0.033987269862529056
18 0.0
26 0.038235678595345185
21 0.004248408732816132
14 0.0
22 0.033987269862529056
18 0.004248408732816132
27 0.038235678595345185
23 0.0
15 0.0
18 0.038235678595345185
22 0.0
-3 0.008496817465632264
-7 0.0
26 0.02549045239689679
21 0.008496817465632264
14 0.0
22 0.029738861129712923
18 0.0
-2 0.012745226198448395
-6 0.0
27 0.02549045239689679
23 0.0
15 0.004248408732816132
18 0.033987269862529056
22 0.0
26 0.04248408732816132
21 0.0
14 0.004248408732816132
22 0.029738861129712923
18 0.0
27 0.038235678595345185
23 0.0
15 0.0
18 0.038235678595345185
22 0.004248408732816132
-3 0.012745226198448395
-7 0.0
26 0.02549045239689679
21 0.004248408732816132
14 0.0
22 0.033987269862529056
18 0.0
-2 0.008496817465632264
-6 0.0
-23 0.0
23 0.02549045239689679
27 0.0
-6 0.0
15 0.008496817465632264
22 0.033987269862529056
18 0.0
25 0.038235678595345185
21 0.004248408732816132
13 0.0
22 0.038235678595345185
18 0.0
30 0.038235678595345185
25 0.0
24 0.038235678595345185
22 0.004248408732816132
29 0.038235678595345185
17 0.0
25 0.004248408732816132
21 0.029738861129712923
24 0.0
5 0.008496817465632264
28 0.033987269862529056
25 0.0
16 0.0
-7 0.0
-11 0.0
-14 0.0
24 0.038235678595345185
20 0.004248408732816132
27 0.038235678595345185
23 0.0
15 0.004248408732816132
18 0.033987269862529056
22 0.0
26 0.04248408732816132
21 0.0
14 0.0
22 0.038235678595345185
18 0.0
25 0.033987269862529056
13 0.008496817465632264
21 0.0
20 0.029738861129712923
18 0.0
4 0.016993634931264528
-23 0.0
27 0.02549045239689679
21 0.0
-8 0.0
-11 0.0
-16 0.0
15 0.004248408732816132
16 0.033987269862529056
20 0.0
25 0.04248408732816132
13 0.0
21 0.004248408732816132
20 0.038235678595345185
16 0.0
24 0.04248408732816132
21 0.0
12 0.004248408732816132
16 0.033987269862529056
20 0.0
25 0.04248408732816132
13 0.0
21 0.0
20 0.033987269862529056
16 0.0
25 0.04248408732816132
13 0.0
20 0.008496817465632264
16 0.033987269862529056
19 0.0
24 0.038235678595345185
12 0.004248408732816132
20 0.0
16 0.033987269862529056
19 0.0
23 0.04248408732816132
11 0.004248408732816132
20 0.004248408732816132
16 0.029738861129712923
19 0.0
24 0.033987269862529056
20 0.008496817465632264
12 0.008496817465632264
19 0.02549045239689679
16 0.008496817465632264
24 0.033987269862529056
19 0.008496817465632264
12 0.0
18 0.029738861129712923
15 0.004248408732816132
11 0.038235678595345185
23 0.0
19 0.004248408732816132
18 0.033987269862529056
14 0.0
22 0.04248408732816132
10 0.0
19 0.004248408732816132
18 0.033987269862529056
14 0.0
23 0.033987269862529056
11 0.008496817465632264
19 0.0
14 0.033987269862529056
18 0.0
23 0.038235678595345185
11 0.004248408732816132
19 0.0
16 0.033987269862529056
22 0.04248408732816132
10 0.0
19 0.0
16 0.029738861129712923
14 0.008496817465632264
21 0.033987269862529056
9 0.008496817465632264
19 0.004248408732816132
16 0.02549045239689679
14 0.004248408732816132
22 0.038235678595345185
10 0.004248408732816132
19 0.0
16 0.033987269862529056
14 0.0
-21 0.008496817465632264
23 0.029738861129712923
-17 0.0
19 0.004248408732816132
11 0.0
16 0.038235678595345185
13 0.0
22 0.04248408732816132
10 0.0
19 0.004248408732816132
13 0.029738861129712923
16 0.0
21 0.038235678595345185
9 0.004248408732816132
19 0.008496817465632264
16 0.02549045239689679
13 0.004248408732816132
22 0.038235678595345185
19 0.0
10 0.004248408732816132
16 0.02549045239689679
13 0.008496817465632264
3 0.012745226198448395
22 0.029738861129712923
10 0.0
19 0.0
-9 0.0
16 0.029738861129712923
13 0.0
21 0.04673249606097745
19 0.008496817465632264
9 0.0
16 0.02549045239689679
13 0.008496817465632264
20 0.038235678595345185
8 0.004248408732816132
19 0.0
16 0.02124204366408066
13 0.012745226198448395
21 0.029738861129712923
9 0.008496817465632264
19 0.0
16 0.033987269862529056
13 0.0
1 0.004248408732816132
22 0.038235678595345185
16 0.0
10 0.0
-11 0.0
-16 0.0
13 0.033987269862529056
15 0.004248408732816132
20 0.04248408732816132
16 0.0
8 0.0
13 0.038235678595345185
15 0.0
19 0.038235678595345185
7 0.004248408732816132
16 0.0
15 0.038235678595345185
13 0.0
20 0.033987269862529056
16 0.0
8 0.008496817465632264
0 0.02124204366408066
13 0.008496817465632264
15 0.0
20 0.038235678595345185
-12 0.0
8 0.004248408732816132
15 0.0
14 0.033987269862529056
12 0.0
19 0.04248408732816132
7 0.0
14 0.033987269862529056
12 0.0
18 0.038235678595345185
6 0.0
15 0.012745226198448395
12 0.02549045239689679
14 0.004248408732816132
19 0.038235678595345185
7 0.004248408732816132
15 0.0
12 0.033987269862529056
14 0.0
-1 0.012745226198448395
-18 0.0
-25 0.0
19 0.029738861129712923
7 0.0
-13 0.0
-18 0.0
-25 0.0
14 0.004248408732816132
12 0.029738861129712923
13 0.008496817465632264
18 0.033987269862529056
14 0.0
6 0.0
13 0.038235678595345185
12 0.04673249606097745
18 0.07647135719069037
11 0.0
10 0.038235678595345185
11 0.033987269862529056
2 0.008496817465632264
9 0.0
-6 0.008496817465632264
8 0.02549045239689679
11 0.038235678595345185
18 0.0
6 0.004248408732816132
3 0.0
10 0.033987269862529056
11 0.04248408732816132
2 0.004248408732816132
9 0.0
-6 0.004248408732816132
8 0.029738861129712923
11 0.033987269862529056
18 0.008496817465632264
3 0.0
6 0.004248408732816132
10 0.02549045239689679
11 0.04248408732816132
9 0.004248408732816132
2 0.0
-6 0.012745226198448395
8 0.02124204366408066
14 0.029738861129712923
-6 0.0
2 0.0
-1 0.0
5 0.033987269862529056
-6 0.029738861129712923
6 0.008496817465632264
4 0.0
-10 0.004248408732816132
2 0.029738861129712923
14 0.038235678595345185
-1 0.0
6 0.004248408732816132
2 0.0
5 0.033987269862529056
-2 0.008496817465632264
6 0.029738861129712923
-6 0.004248408732816132
4 0.0
-10 0.004248408732816132
2 0.02549045239689679
6 0.04248408732816132
1 0.0
-10 0.012745226198448395
-6 0.016993634931264528
-1 0.0
0 0.004248408732816132
-1 0.038235678595345185
-18 0.0
-2 0.04248408732816132
-3 0.029738861129712923
-4 0.038235678595345185
-2 0.004248408732816132
-19 0.0
-23 0.0
-5 0.038235678595345185
-11 0.0
-19 0.0
-23 0.0
-6 0.029738861129712923
-7 0.04248408732816132
-6 0.038235678595345185
-7 0.038235678595345185
-8 0.038235678595345185
-9 0.04248408732816132
-8 0.029738861129712923
-9 0.04248408732816132
-10 0.038235678595345185
-11 0.038235678595345185
-10 0.033987269862529056
-11 0.04248408732816132
-12 0.033987269862529056
-13 0.04248408732816132
-12 0.038235678595345185
-13 0.04248408732816132
-14 0.033987269862529056
-15 0.033987269862529056
-16 0.04248408732816132
-17 0.038235678595345185
-18 0.033987269862529056
-19 0.04248408732816132
-20 0.038235678595345185
-21 0.04248408732816132
-22 0.04248408732816132
-23 0.038235678595345185
-6 0.1741847580454614
-42 0.1741847580454614
-14 0.0
-18 0.0
-23 0.0
-30 0.0
-30 0.029738861129712923
-14 0.09771340085477104
-23 0.0
-11 0.07222294845787425
-18 0.012745226198448395
-7 0.059477722259425846
-14 0.004248408732816132
-6 0.07222294845787425
-11 0.004248408732816132
-2 0.06797453972505811
1 0.06797453972505811
4 0.07222294845787425
5 0.08496817465632264
6 0.0
10 0.0
5 0.0
22 0.0
1 0.0
-2 0.0
-6 0.0
6 0.07222294845787425
9 0.06372613099224197
10 0.07647135719069037
12 0.07222294845787425
13 0.06372613099224197
18 0.04248408732816132
6 0.029738861129712923
10 0.0
1 0.0
-2 0.0
-6 0.0
21 0.02549045239689679
5 0.04248408732816132
1 0.0
9 0.0
1 0.0
-3 0.0
-6 0.0
22 0.012745226198448395
4 0.059477722259425846
6 0.0
10 0.0
4 0.0
18 0.0
1 0.0
-2 0.0
-6 0.0
6 0.07647135719069037
9 0.04248408732816132
10 0.06797453972505811
12 0.029738861129712923
13 0.059477722259425846
18 0.04673249606097745
21 0.055229313526609716
22 0.02549045239689679
6 0.004248408732816132
10 0.0
1 0.0
-2 0.0
-6 0.0
25 0.059477722259425846
5 0.008496817465632264
1 0.0
9 0.0
1 0.0
-3 0.0
-6 0.0
3 0.06797453972505811
6 0.0
10 0.0
3 0.0
15 0.0
1 0.0
-2 0.0
-6 0.0
6 0.029738861129712923
9 0.04248408732816132
10 0.055229313526609716
5 0.0
13 0.0
9 0.0
1 0.0
-3 0.0
-7 0.0
13 0.02549045239689679
15 0.05098090479379358
17 0.055229313526609716
15 0.0
6 0.0
10 0.0
1 0.0
-2 0.0
-6 0.0
18 0.02124204366408066
21 0.02549045239689679
22 0.055229313526609716
1 0.029738861129712923
5 0.0
9 0.0
1 0.0
-3 0.0
-7 0.0
25 0.016993634931264528
30 0.05098090479379358
1 0.06372613099224197
6 0.0
10 0.0
1 0.0
13 0.0
1 0.0
-2 0.0
-6 0.0
6 0.05098090479379358
9 0.04673249606097745
10 0.05098090479379358
13 0.038235678595345185
15 0.04673249606097745
17 0.029738861129712923
18 0.033987269862529056
21 0.029738861129712923
22 0.04673249606097745
25 0.04673249606097745
30 0.033987269862529056
33 0.029738861129712923
34 0.04248408732816132
-7 0.07647135719069037
-2 0.0
-6 0.0
-7 0.0
10 0.0
10 0.0
-11 0.0
-14 0.0
-18 0.0
-6 0.04673249606097745
-3 0.059477722259425846
-2 0.06372613099224197
0 0.07222294845787425
1 0.055229313526609716
6 0.04248408732816132
9 0.033987269862529056
-2 0.0
-6 0.0
-11 0.0
-14 0.0
-18 0.0
-3 0.059477722259425846
-7 0.0
-11 0.0
-11 0.0
-15 0.0
-19 0.0
10 0.004248408732816132
-8 0.059477722259425846
-2 0.0
-6 0.0
-8 0.0
6 0.0
6 0.0
-11 0.0
-14 0.0
-18 0.0
-6 0.059477722259425846
-3 0.04673249606097745
-2 0.055229313526609716
0 0.04673249606097745
1 0.05098090479379358
6 0.055229313526609716
9 0.05098090479379358
-2 0.02549045239689679
-6 0.0
-11 0.0
-14 0.0
-18 0.0
10 0.008496817465632264
13 0.05098090479379358
-3 0.004248408732816132
-7 0.0
-11 0.0
-11 0.0
-15 0.0
-19 0.0
-9 0.06797453972505811
-2 0.0
-6 0.0
-9 0.0
3 0.0
3 0.0
-11 0.0
-14 0.0
-18 0.0
-6 0.05098090479379358
-3 0.02124204366408066
2 0.05098090479379358
-3 0.0
-7 0.0
-11 0.0
-15 0.0
-19 0.0
1 0.029738861129712923
3 0.04673249606097745
5 0.04673249606097745
3 0.004248408732816132
-2 0.0
-6 0.0
-11 0.0
-14 0.0
-18 0.0
6 0.029738861129712923
9 0.02124204366408066
10 0.05098090479379358
-3 0.02549045239689679
-7 0.0
-11 0.0
-11 0.0
-15 0.0
-19 0.0
13 0.016993634931264528
18 0.04248408732816132
-11 0.06372613099224197
-2 0.0
-6 0.0
-11 0.0
1 0.0
1 0.0
-11 0.0
-14 0.0
-18 0.0
-6 0.05098090479379358
-2 0.06372613099224197
1 0.04673249606097745
3 0.04673249606097745
5 0.04673249606097745
6 0.033987269862529056
9 0.038235678595345185
10 0.04248408732816132
13 0.04673249606097745
18 0.038235678595345185
21 0.02124204366408066
22 0.05098090479379358
-19 0.0807197659235065
-19 0.0
-14 0.0
-18 0.0
-2 0.0
-18 0.04673249606097745
-15 0.06372613099224197
-14 0.059477722259425846
-12 0.06797453972505811
-11 0.033987269862529056
-6 0.05098090479379358
-3 0.038235678595345185
-14 0.0
-18 0.0
-15 0.059477722259425846
-19 0.0
-2 0.004248408732816132
-20 0.059477722259425846
-20 0.0
-14 0.0
-18 0.0
-6 0.0
-18 0.06372613099224197
-15 0.033987269862529056
-14 0.055229313526609716
-12 0.059477722259425846
-11 0.055229313526609716
-14 0.0934649921219549
-18 0.0
-3 0.008496817465632264
-2 0.004248408732816132
-15 0.04673249606097745
-19 0.0
1 0.016993634931264528
-21 0.04248408732816132
-21 0.0
-14 0.0
-18 0.0
-9 0.0
-18 0.059477722259425846
-14 0.07647135719069037
-11 0.02549045239689679
-9 0.059477722259425846
-7 0.04248408732816132
-3 0.055229313526609716
-2 0.06372613099224197
-14 0.016993634931264528
-18 0.0
1 0.016993634931264528
6 0.05098090479379358
-15 0.0
-19 0.0
-9 0.06372613099224197
-14 0.0
-18 0.0
-11 0.0
-6 0.038235678595345185
-3 0.06372613099224197
-2 0.059477722259425846
1 0.05098090479379358
6 0.055229313526609716
9 0.05098090479379358
10 0.029738861129712923
13 0.05098090479379358
-23 0.06797453972505811
-23 0.0
-14 0.07647135719069037
-11 0.04248408732816132
-6 0.06797453972505811
-2 0.04673249606097745
1 0.05098090479379358
6 0.05098090479379358
9 0.04248408732816132
10 0.059477722259425846
-11 0.06797453972505811
-9 0.055229313526609716
-6 0.05098090479379358
-2 0.04673249606097745
1 0.059477722259425846
6 0.038235678595345185
13 0.06372613099224197
18 0.06372613099224197
-26 0.0934649921219549
-26 0.0
-21 0.12745226198448395
-18 0.07222294845787425
-11 0.05098090479379358
-9 0.04673249606097745
-6 0.059477722259425846
-3 0.04673249606097745
-2 0.059477722259425846
3 0.06797453972505811
6 0.059477722259425846
9 0.059477722259425846
10 0.059477722259425846
13 0.05098090479379358
15 0.06797453972505811
18 0.055229313526609716
-30 0.06797453972505811
22 0.02549045239689679
-30 0.0
-18 0.0
-14 0.1571911231141969
-23 0.012745226198448395
-15 0.05098090479379358
-14 0.06797453972505811
-18 0.008496817465632264
-13 0.059477722259425846
-12 0.06372613099224197
-16 0.016993634931264528
-13 0.04248408732816132
-12 0.06372613099224197
-18 0.008496817465632264
-15 0.0
-11 0.055229313526609716
-9 0.059477722259425846
-14 0.008496817465632264
-11 0.055229313526609716
-9 0.06797453972505811
-13 0.004248408732816132
-16 0.004248408732816132
-8 0.05098090479379358
-7 0.06372613099224197
-12 0.008496817465632264
-8 0.04248408732816132
-7 0.07647135719069037
-11 0.0
-14 0.004248408732816132
-6 0.04673249606097745
-4 0.059477722259425846
-9 0.004248408732816132
-6 0.055229313526609716
-8 0.055229313526609716
-11 0.0
-4 0.016993634931264528
-3 0.055229313526609716
-7 0.05098090479379358
-2 0.0
-3 0.055229313526609716
-2 0.055229313526609716
-9 0.008496817465632264
-6 0.004248408732816132
-1 0.05098090479379358
0 0.059477722259425846
-4 0.012745226198448395
-1 0.04248408732816132
0 0.055229313526609716
-3 0.012745226198448395
-6 0.0
1 0.04673249606097745
3 0.059477722259425846
-2 0.004248408732816132
1 0.04673249606097745
3 0.059477722259425846
-4 0.012745226198448395
-1 0.0
4 0.04673249606097745
5 0.059477722259425846
0 0.004248408732816132
4 0.04673249606097745
5 0.06372613099224197
1 0.0
-2 0.0
6 0.059477722259425846
8 0.05098090479379358
3 0.008496817465632264
6 0.04673249606097745
8 0.05098090479379358
1 0.008496817465632264
4 0.0
9 0.04673249606097745
5 0.059477722259425846
10 0.004248408732816132
9 0.05098090479379358
10 0.059477722259425846
3 0.012745226198448395
6 0.0
11 0.05098090479379358
12 0.055229313526609716
7 0.008496817465632264
11 0.0807197659235065
12 0.029738861129712923
6 0.0
9 0.008496817465632264
13 0.055229313526609716
15 0.059477722259425846
10 0.004248408732816132
13 0.05098090479379358
15 0.06372613099224197
8 0.008496817465632264
11 0.0
16 0.038235678595345185
17 0.06372613099224197
12 0.008496817465632264
16 0.04248408732816132
17 0.059477722259425846
10 0.0
13 0.004248408732816132
18 0.05098090479379358
20 0.06797453972505811
15 0.0
21 0.0934649921219549
16 0.07222294845787425
22 0.008496817465632264
23 0.059477722259425846
24 0.059477722259425846
17 0.008496817465632264
25 0.04248408732816132
30 0.09771340085477104
-18 0.0
18 0.004248408732816132
22 0.0
6 0.0
13 0.004248408732816132
-16 0.016993634931264528
-18 0.02549045239689679
-16 0.02549045239689679
-18 0.029738861129712923
-16 0.02549045239689679
-18 0.02549045239689679
-16 0.02549045239689679
-18 0.029738861129712923
-16 0.02549045239689679
-18 0.02549045239689679
-16 0.02549045239689679
-18 0.029738861129712923
-16 0.02549045239689679
-18 0.02549045239689679
-16 0.02549045239689679
-18 0.029738861129712923
-16 0.02549045239689679
-18 0.02549045239689679
-16 0.02549045239689679
-18 0.029738861129712923
-16 0.02549045239689679
-18 0.02549045239689679
-16 0.02549045239689679
-18 0.029738861129712923
-16 0.02549045239689679
-18 0.02549045239689679
-16 0.02549045239689679
-18 0.029738861129712923
-16 0.02549045239689679
-18 0.02549045239689679
-16 0.02549045239689679
-18 0.029738861129712923
-16 0.02549045239689679
-18 0.02549045239689679
-16 0.02549045239689679
-18 0.029738861129712923
-16 0.02549045239689679
-18 0.02549045239689679
-16 0.02549045239689679
-18 0.029738861129712923
-16 0.02549045239689679
-18 0.02549045239689679
-16 0.02549045239689679
-18 0.029738861129712923
-16 0.02549045239689679
-18 0.02549045239689679
-16 0.02549045239689679
-18 0.029738861129712923
-16 0.02549045239689679
-18 0.02549045239689679
-16 0.02549045239689679
-18 0.029738861129712923
-16 0.02549045239689679
1 0.02124204366408066
-18 0.004248408732816132
-11 0.02124204366408066
-18 0.0
-14 0.0
-16 0.004248408732816132
-26 0.012745226198448395
-18 0.016993634931264528
-16 0.02549045239689679
-6 0.02124204366408066
-18 0.004248408732816132
-16 0.02549045239689679
-18 0.029738861129712923
-16 0.02549045239689679
-18 0.02549045239689679
-16 0.02549045239689679
-18 0.029738861129712923
-16 0.02549045239689679
-18 0.02549045239689679
-16 0.02549045239689679
-18 0.029738861129712923
-16 0.02549045239689679
-18 0.02549045239689679
-16 0.02549045239689679
-18 0.029738861129712923
-16 0.02549045239689679
-18 0.02549045239689679
-16 0.02549045239689679
-18 0.029738861129712923
-16 0.02549045239689679
-18 0.02549045239689679
-16 0.02549045239689679
-18 0.029738861129712923
-16 0.02549045239689679
-18 0.02549045239689679
-16 0.02549045239689679
-2 0.008496817465632264
-6 0.008496817465632264
-9 0.016993634931264528
-18 0.0
-14 0.004248408732816132
-21 0.004248408732816132
-23 1.3934780643636913
-18 0.07222294845787425
-14 0.07222294845787425
5 0.08921658338913876
-6 0.016993634931264528
-2 0.004248408732816132
-7 0.016993634931264528
-18 0.0
1 0.9176562862882846
-11 0.02124204366408066
-2 0.0
-6 0.008496817465632264
-14 0.016993634931264528
-18 0.012745226198448395
-18 1.4062232905621397
-28 0.029738861129712923
3 0.0934649921219549
-13 0.004248408732816132
-9 0.008496817465632264
-1 0.008496817465632264
-6 0.0
-2 0.5522931352660971
-9 0.02124204366408066
-14 0.008496817465632264
-6 0.0
-18 0.004248408732816132
-21 0.016993634931264528
-11 0.5692867701973617
1 0.004248408732816132
-15 0.02124204366408066
-6 0.0
-30 0.012745226198448395
-3 0.008496817465632264
-22 0.0
-14 0.8411849290975941
-18 0.0
-23 0.0
-11 0.004248408732816132
-2 0.0
-6 0.008496817465632264
-4 1.737599171721798
-2 0.5098090479379358
-35 0.3186306549612099
-4 0.44183450821287773
-11 0.0
-13 0.0
-18 0.016993634931264528
-19 1.125828314196275
-6 0.6415097186552359
-6 0.8156944767006973
-14 0.016993634931264528
-18 0.016993634931264528
-30 0.004248408732816132
-23 0.0
-11 0.5990256313270746
-11 0.1317006707173001
-6 0.14019748818293234
-11 0.5905288138614423
-11 0.13594907945011622
-6 0.14019748818293234
-11 0.6202676749911553
-11 0.14019748818293234
-6 0.14869430564856462
-11 0.6500065361208682
-11 0.12320385325166783
-6 0.1571911231141969
-2 0.4333376907472455
-14 0.0
-2 0.0
-6 0.0
-11 0.1317006707173001
-14 0.0
-2 0.08496817465632264
-6 0.0
-11 0.06372613099224197
-14 0.0
-6 0.1571911231141969
-2 0.0
-6 0.0
-2 0.48431859554103907
-14 0.0
-2 0.0
-6 0.0
-11 0.1571911231141969
-14 0.0
-2 0.06797453972505811
-6 0.0
-11 0.06372613099224197
-14 0.0
-6 0.161439531847013
-2 0.0
-6 0.0
-2 0.4375860994800616
-14 0.0
-2 0.0
-6 0.0
-10 0.0
-10 0.1571911231141969
-14 0.0
-2 0.07222294845787425
-6 0.0
-10 0.0
-10 0.05098090479379358
-14 0.0
-6 0.1741847580454614
-10 0.0
-2 0.0
-6 0.0
-10 0.0
-2 0.4290892820144293
-14 0.0
-2 0.0
-6 0.0
-10 0.0
-10 0.161439531847013
-14 0.0
-2 0.07222294845787425
-6 0.0
-10 0.0
-10 0.05098090479379358
-14 0.0
-6 0.1869299842439098
6 0.0
3 0.0
-2 0.0
-6 0.0
-9 0.0
-6 0.02549045239689679
-9 0.0
6 0.0
3 0.0
-2 0.0
-6 0.0
-9 0.0
-9 0.4333376907472455
-9 0.15294271438138074
5 0.06797453972505811
2 0.0
-2 0.02549045239689679
-7 0.0
-10 0.0
5 0.0
2 0.0
-2 0.0
-7 0.0
-10 0.0
-14 0.055229313526609716
6 0.15294271438138074
3 0.0
-9 0.0
-2 0.02549045239689679
-6 0.0
-9 0.0
6 0.0
3 0.0
-2 0.0
-6 0.0
-9 0.0
-9 0.42059246454879706
-9 0.14869430564856462
5 0.059477722259425846
2 0.0
-2 0.02549045239689679
-7 0.0
-10 0.0
5 0.0
2 0.0
-2 0.0
-7 0.0
-10 0.0
-14 0.06372613099224197
6 0.14869430564856462
3 0.0
-9 0.0
-2 0.02549045239689679
-6 0.0
-9 0.0
6 0.0
3 0.0
-2 0.0
-6 0.0
-9 0.0
-9 0.12320385325166783
-14 0.15294271438138074
6 0.15294271438138074
3 0.0
-9 0.0
-2 0.02549045239689679
-6 0.0
-9 0.0
6 0.0
3 0.0
-2 0.0
-6 0.0
-9 0.0
-9 0.11045862705321943
5 0.05098090479379358
2 0.0
-2 0.02549045239689679
-7 0.0
-10 0.0
5 0.0
2 0.0
-2 0.0
-7 0.0
-10 0.0
-14 0.059477722259425846
6 0.13594907945011622
3 0.0
-9 0.0
-2 0.02549045239689679
-6 0.0
-9 0.0
6 0.0
3 0.0
-2 0.0
-6 0.0
-9 0.0
-9 0.12745226198448395
-14 0.15294271438138074
6 0.1571911231141969
3 0.0
-9 0.0
-2 0.02549045239689679
-6 0.0
-9 0.0
6 0.0
3 0.0
-2 0.0
-6 0.0
-9 0.0
-9 0.12745226198448395
-14 0.15294271438138074
5 0.15294271438138074
1 0.0
-7 0.0
-2 0.02549045239689679
-7 0.0
-14 0.0
5 0.0
1 0.0
-2 0.0
-7 0.0
-14 0.0
-14 0.12745226198448395
-14 0.15294271438138074
-14 0.1571911231141969
-9 0.15294271438138074
-12 0.0
-19 0.0
-7 0.15294271438138074
-11 0.0
-19 0.0
-26 0.0
-7 0.15294271438138074
-11 0.0
-19 0.0
-26 0.0
-14 0.1571911231141969
-7 0.15294271438138074
-11 0.0
-19 0.0
-26 0.0
3 0.15294271438138074
0 0.0
-9 0.0
-12 0.0
-18 0.0
-21 0.0
-2 0.02549045239689679
-6 0.0
-9 0.0
3 0.0
0 0.0
-2 0.0
-6 0.0
-9 0.0
-7 0.12320385325166783
-11 0.0
-19 0.0
-26 0.0
-9 0.1444458969157485
-12 0.0
-18 0.0
-21 0.0
5 0.14869430564856462
1 0.0
-7 0.0
-11 0.0
-19 0.0
-26 0.0
-2 0.02549045239689679
-7 0.0
-14 0.0
5 0.0
1 0.0
-2 0.0
-7 0.0
-14 0.0
-7 0.14019748818293234
-14 0.16568794057982913
-19 0.16568794057982913
-17 0.16568794057982913
-15 0.16568794057982913
-2 0.16568794057982913
0 0.15294271438138074
1 0.1317006707173001
1 0.14019748818293234
3 0.1317006707173001
5 0.1444458969157485
5 0.14869430564856462
1 0.0
-7 0.02549045239689679
-11 0.0
5 0.0
1 0.0
-4 0.0
-7 0.0
-11 0.0
-11 0.44183450821287773
-11 0.1571911231141969
3 0.07647135719069037
0 0.0
-4 0.02549045239689679
-9 0.0
-16 0.0
3 0.0
0 0.0
-4 0.0
-9 0.0
-16 0.0
-16 0.055229313526609716
5 0.1571911231141969
1 0.0
-11 0.0
-4 0.02549045239689679
-7 0.0
-11 0.0
5 0.0
1 0.0
-4 0.0
-7 0.0
-11 0.0
-11 0.42059246454879706
-11 0.14869430564856462
3 0.06372613099224197
0 0.0
-4 0.02549045239689679
-9 0.0
-16 0.0
3 0.0
0 0.0
-4 0.0
-9 0.0
-16 0.0
-16 0.059477722259425846
5 0.14869430564856462
1 0.0
-11 0.0
-4 0.02549045239689679
-7 0.0
-11 0.0
5 0.0
1 0.0
-4 0.0
-7 0.0
-11 0.0
-11 0.11895544451885169
-16 0.1444458969157485
5 0.1444458969157485
1 0.0
-11 0.0
-4 0.02549045239689679
-7 0.0
-11 0.0
5 0.0
1 0.0
-4 0.0
-7 0.0
-11 0.0
-11 0.12745226198448395
3 0.06797453972505811
0 0.0
-4 0.02549045239689679
-9 0.0
-16 0.0
3 0.0
0 0.0
-4 0.0
-9 0.0
-16 0.0
-16 0.055229313526609716
5 0.15294271438138074
1 0.0
-11 0.0
-4 0.02549045239689679
-7 0.0
-11 0.0
5 0.0
1 0.0
-4 0.0
-7 0.0
-11 0.0
-11 0.11470703578603557
-16 0.14019748818293234
5 0.14019748818293234
1 0.0
-11 0.0
-4 0.02549045239689679
-7 0.0
-11 0.0
5 0.0
1 0.0
-4 0.0
-7 0.0
-11 0.0
-11 0.13594907945011622
-16 0.161439531847013
3 0.161439531847013
-1 0.0
-9 0.0
-4 0.02549045239689679
-9 0.0
-16 0.0
3 0.0
-1 0.0
-4 0.0
-9 0.0
-16 0.0
-9 0.12745226198448395
-16 0.15294271438138074
-16 0.15294271438138074
-11 0.15294271438138074
-14 0.0
-21 0.0
-9 0.15294271438138074
-13 0.0
-21 0.0
-28 0.0
-9 0.15294271438138074
-13 0.0
-21 0.0
-28 0.0
-16 0.15294271438138074
-9 0.14869430564856462
-13 0.0
-21 0.0
-28 0.0
1 0.15294271438138074
-2 0.0
-11 0.0
-14 0.0
-20 0.0
-23 0.0
-16 0.0
-4 0.02549045239689679
-8 0.0
-11 0.0
1 0.0
-2 0.0
-4 0.0
-8 0.0
-11 0.0
-9 0.12745226198448395
-13 0.0
-21 0.0
-28 0.0
-11 0.15294271438138074
-20 0.0
-14 0.0
-23 0.0
3 0.14869430564856462
-1 0.0
3 0.02549045239689679
-4 0.0
-9 0.0
-16 0.0
3 0.0
-1 0.0
-4 0.0
-9 0.0
-16 0.0
-9 0.14019748818293234
-16 0.16568794057982913
-16 0.16568794057982913
-21 0.0
-13 0.0
-19 0.16568794057982913
-13 0.0
-16 0.0
-17 0.16568794057982913
-14 0.0
-21 0.0
-4 0.16993634931264529
-1 0.0
-2 0.14869430564856462
-1 0.1317006707173001
-1 0.1571911231141969
-4 0.0
1 0.1444458969157485
-4 0.0
3 0.1317006707173001
-2 0.0
-9 0.0
3 0.14869430564856462
-1 0.0
-4 0.0
5 0.14869430564856462
6 0.1317006707173001
8 0.1741847580454614
3 0.0
-1 0.0
8 0.0
3 0.0
8 0.0
-1 0.0
-19 0.0
-4 0.0
-9 0.0
-13 0.0
2 0.1444458969157485
-2 0.0
3 0.1444458969157485
-1 0.0
10 0.1444458969157485
-6 0.0
-9 0.0
-14 0.0
6 0.0
3 0.0
6 0.0
-2 0.0
-14 0.0
-6 0.0
-9 0.0
-14 0.0
-10 0.47582177807540676
-7 0.0
-16 0.0
5 0.0
-2 0.0
5 0.0
-4 0.0
-26 0.0
-7 0.0
-14 0.0
-16 0.0
12 0.1996752104423582
0 0.0
2 0.15294271438138074
14 0.0
-9 0.12320385325166783
-18 0.0
3 0.0
-2 0.0
3 0.0
-6 0.0
-21 0.0
-9 0.0
-14 0.0
-18 0.0
15 0.012745226198448395
3 0.0
16 0.1317006707173001
4 0.0
17 0.14869430564856462
5 0.0
18 0.161439531847013
6 0.0
-6 0.0
-14 0.0
-18 0.0
-11 0.0
-30 0.0
13 0.0
10 0.0
-18 0.0
-2 0.0
-6 0.0
-11 0.0
6 0.0
11 0.15294271438138074
8 0.0
1 0.0
13 0.1571911231141969
10 0.0
6 0.0
13 0.15294271438138074
10 0.0
6 0.0
17 0.4630765518769584
5 0.0
-7 0.0
-9 0.0
-13 0.0
-16 0.0
11 0.0
5 0.0
5 0.0
-16 0.0
-7 0.0
-9 0.0
-13 0.0
4 0.15294271438138074
3 0.15294271438138074
15 0.012745226198448395
3 0.0
14 0.14019748818293234
2 0.0
-7 0.0
-10 0.0
-14 0.0
-14 0.0
10 0.0
5 0.0
2 0.0
-14 0.0
-10 0.0
-14 0.0
6 0.15294271438138074
7 0.15294271438138074
3 0.0
16 0.15294271438138074
4 0.0
-8 0.0
-16 0.0
-20 0.0
-25 0.0
-32 0.0
11 0.0
8 0.0
8 0.0
4 0.0
-20 0.0
-4 0.0
-8 0.0
-13 0.0
4 0.0
9 0.14869430564856462
6 0.0
-1 0.0
11 0.14869430564856462
8 0.0
4 0.0
11 0.14869430564856462
8 0.0
4 0.0
15 0.44608291694569385
3 0.0
-9 0.0
-11 0.0
-17 0.0
10 0.0
3 0.0
3 0.0
-17 0.0
-9 0.0
-11 0.0
-14 0.0
2 0.1571911231141969
1 0.15294271438138074
13 0.02124204366408066
1 0.0
11 0.13594907945011622
-1 0.0
-9 0.0
-13 0.0
-16 0.0
8 0.0
3 0.0
-1 0.0
-16 0.0
-13 0.0
-16 0.0
4 0.14869430564856462
1 0.0
5 0.14869430564856462
2 0.0
15 0.14869430564856462
3 0.0
-6 0.0
-9 0.0
-14 0.0
-21 0.0
10 0.0
6 0.0
3 0.0
-6 0.0
-14 0.0
-9 0.0
9 0.15294271438138074
8 0.15294271438138074
13 0.15294271438138074
1 0.0
-4 0.0
-11 0.0
-13 0.0
-19 0.0
8 0.0
1 0.0
-4 0.0
-13 0.0
-11 0.0
12 0.14869430564856462
0 0.0
11 0.1317006707173001
-1 0.0
10 0.16568794057982913
-2 0.0
-6 0.0
-11 0.0
-14 0.0
-18 0.0
6 0.0
-2 0.0
-11 0.0
-6 0.0
5 0.15294271438138074
4 0.15294271438138074
12 0.14869430564856462
0 0.0
-6 0.0
-12 0.0
-16 0.0
3 0.0
3 0.0
0 0.0
0 0.0
-9 0.0
-6 0.0
4 0.1571911231141969
1 0.0
6 0.15294271438138074
3 0.0
13 0.1571911231141969
1 0.0
-8 0.0
-11 0.0
-16 0.0
-23 0.0
8 0.0
4 0.0
8 0.0
4 0.0
-8 0.0
-16 0.0
-8 0.0
-4 0.0
-16 0.0
6 0.14869430564856462
3 0.0
7 0.038235678595345185
3 0.0
8 0.1062102183204033
4 0.0
8 0.038235678595345185
4 0.0
8 0.1062102183204033
4 0.0
8 0.04248408732816132
4 0.0
11 0.3993504208847164
-1 0.0
-9 0.0
-11 0.0
-17 0.0
-21 0.0
7 0.0
3 0.0
7 0.0
1 0.0
-21 0.0
-5 0.0
-9 0.0
-11 0.0
-1 0.1741847580454614
10 0.1741847580454614
-2 0.0
-2 0.0
8 0.12320385325166783
-4 0.0
-9 0.0
-13 0.0
-16 0.0
-16 0.0
8 0.0
3 0.0
3 0.0
-1 0.0
-16 0.0
-4 0.0
-9 0.0
-13 0.0
4 0.15294271438138074
5 0.15294271438138074
1 0.0
11 0.15294271438138074
-1 0.0
-10 0.0
-13 0.0
-18 0.0
-25 0.0
6 0.0
2 0.0
-6 0.0
-10 0.0
-18 0.0
4 0.14869430564856462
1 0.0
6 0.15294271438138074
2 0.0
6 0.1741847580454614
2 0.0
10 0.4248408732816132
-2 0.0
-11 0.0
-13 0.0
-19 0.0
-23 0.0
5 0.0
-1 0.0
-2 0.1571911231141969
-4 0.161439531847013
8 0.008496817465632264
-4 0.0
6 0.14869430564856462
-6 0.0
-11 0.0
-14 0.0
-18 0.0
-18 0.0
-2 0.0
-1 0.1444458969157485
0 0.1444458969157485
10 0.14019748818293234
-2 0.0
-7 0.0
-26 0.0
1 0.0
-8 0.14869430564856462
-9 0.1444458969157485
8 0.14869430564856462
-4 0.0
-9 0.0
-16 0.0
-24 0.0
-4 0.0
7 0.15294271438138074
-5 0.0
6 0.13594907945011622
-6 0.0
5 0.1741847580454614
-7 0.0
-11 0.0
-23 0.0
1 0.0
0 0.16568794057982913
-1 0.161439531847013
3 0.161439531847013
-6 0.0
-14 0.0
-21 0.0
-2 0.0
-6 0.0
-4 0.161439531847013
-6 0.1571911231141969
1 0.161439531847013
-7 0.0
-11 0.0
-14 0.0
-19 0.0
-7 0.0
-19 0.14019748818293234
-19 0.1444458969157485
-7 0.1444458969157485
-8 0.288891793831497
0 0.14019748818293234
-7 0.0
-9 0.0
-15 0.0
-19 0.0
-9 0.0
-10 0.16568794057982913
-11 0.161439531847013
-2 0.161439531847013
-8 0.0
-14 0.0
-17 0.0
-24 0.0
-12 0.0
-17 0.0
-24 0.0
-2 0.0
-8 0.0
-12 0.0
7 0.4885670042738552
0 0.1317006707173001
-5 0.12745226198448395
12 0.1741847580454614
0 0.008496817465632264
7 0.0
7 0.4333376907472455
-17 0.0
0 0.1444458969157485
-5 0.11045862705321943
12 0.18268157551109368
-12 0.0
-17 0.0
-24 0.0
0 0.004248408732816132
7 0.004248408732816132
7 0.4248408732816132
0 0.1444458969157485
-5 0.11470703578603557
12 0.1571911231141969
0 0.0
7 0.004248408732816132
7 0.42059246454879706
-17 0.0
0 0.11895544451885169
-5 0.12745226198448395
-12 0.1571911231141969
-2 0.008496817465632264
-12 0.0
-17 0.0
-24 0.0
0 0.12745226198448395
4 0.12745226198448395
-5 0.02549045239689679
7 0.1062102183204033
-2 0.012745226198448395
10 0.12320385325166783
1 0.0
12 0.11895544451885169
4 0.016993634931264528
13 0.14019748818293234
-18 0.0
-7 0.0
-11 0.0
1 0.02549045239689679
5 0.0
-2 0.004248408732816132
10 0.11045862705321943
6 0.14019748818293234
5 0.1317006707173001
4 0.11895544451885169
1 0.14869430564856462
-2 0.14869430564856462
-17 0.0
-8 0.0
-12 0.0
-12 0.004248408732816132
0 0.12745226198448395
4 0.12320385325166783
-5 0.029738861129712923
7 0.1062102183204033
-2 0.004248408732816132
10 0.12320385325166783
1 0.012745226198448395
12 0.11470703578603557
4 0.016993634931264528
13 0.1317006707173001
-18 0.0
-7 0.0
-11 0.0
5 0.033987269862529056
1 0.0
-2 0.0
10 0.11470703578603557
6 0.14019748818293234
5 0.1317006707173001
4 0.12320385325166783
1 0.1317006707173001
-2 0.1444458969157485
-17 0.0
-8 0.0
-12 0.0
-12 0.012745226198448395
4 0.11895544451885169
-5 0.038235678595345185
12 0.09771340085477104
0 0.02124204366408066
13 0.13594907945011622
4 0.008496817465632264
1 0.02124204366408066
8 0.12320385325166783
5 0.05098090479379358
8 0.08496817465632264
5 0.11895544451885169
2 0.004248408732816132
14 0.016993634931264528
9 0.13594907945011622
6 0.059477722259425846
9 0.07647135719069037
3 0.12745226198448395
6 0.008496817465632264
15 0.004248408732816132
10 0.12745226198448395
7 0.059477722259425846
10 0.0807197659235065
7 0.13594907945011622
4 0.008496817465632264
16 0.0
11 0.14019748818293234
8 0.033987269862529056
11 0.08921658338913876
5 0.1317006707173001
17 0.0
8 0.008496817465632264
12 0.12745226198448395
12 0.12745226198448395
18 0.13594907945011622
9 0.0
6 0.012745226198448395
13 0.11895544451885169
10 0.06372613099224197
13 0.07647135719069037
7 0.1317006707173001
10 0.004248408732816132
19 0.008496817465632264
-13 0.0
14 0.1317006707173001
11 0.04673249606097745
14 0.1062102183204033
12 0.1317006707173001
-12 0.0
7 0.008496817465632264
24 0.1317006707173001
12 0.12745226198448395
16 0.15294271438138074
-10 0.0
7 0.012745226198448395
0 0.0
11 0.1317006707173001
12 0.11470703578603557
12 0.14019748818293234
7 0.0
-8 0.0
24 0.1444458969157485
12 0.1317006707173001
16 0.13594907945011622
-7 0.0
0 0.008496817465632264
7 0.004248408732816132
11 0.13594907945011622
12 0.12320385325166783
12 0.1317006707173001
-5 0.0
7 0.012745226198448395
24 0.12745226198448395
12 0.13594907945011622
16 0.12745226198448395
0 0.0
-4 0.0
7 0.008496817465632264
11 0.1317006707173001
-2 0.07222294845787425
12 0.059477722259425846
12 0.15294271438138074
0 0.0
7 0.008496817465632264
26 0.4290892820144293
2 0.0
5 0.0
2 0.0
-7 0.0
-14 0.0
14 0.008496817465632264
20 0.008496817465632264
10 0.0
5 0.004248408732816132
-2 0.0
27 0.3993504208847164
3 0.0
6 0.0
3 0.0
-6 0.0
-9 0.0
18 0.004248408732816132
15 0.016993634931264528
6 0.0
3 0.004248408732816132
22 0.24215929777051953
27 0.12745226198448395
-1 0.0
-1 0.0
34 0.1444458969157485
5 0.06797453972505811
2 0.0
-7 0.0
-14 0.0
22 0.059477722259425846
10 0.016993634931264528
27 0.1317006707173001
6 0.0
3 0.0
-6 0.0
-9 0.0
18 0.004248408732816132
15 0.008496817465632264
6 0.008496817465632264
3 0.016993634931264528
22 0.24215929777051953
27 0.12745226198448395
34 0.1571911231141969
10 0.033987269862529056
5 0.02549045239689679
2 0.0
-7 0.0
-14 0.0
22 0.059477722259425846
15 0.12745226198448395
6 0.008496817465632264
18 0.008496817465632264
3 0.004248408732816132
6 0.004248408732816132
3 0.0
-6 0.0
-9 0.0
27 0.016993634931264528
22 0.10196180958758716
10 0.12320385325166783
34 0.008496817465632264
27 0.1444458969157485
6 0.0
3 0.0
-6 0.0
-9 0.0
6 0.004248408732816132
15 0.008496817465632264
3 0.0
22 0.11470703578603557
5 0.07647135719069037
2 0.0
-7 0.0
-14 0.0
10 0.04248408732816132
34 0.008496817465632264
27 0.15294271438138074
15 0.0
-2 0.0
6 0.0
3 0.0
-6 0.0
-9 0.0
-2 0.0
6 0.008496817465632264
3 0.0
22 0.11470703578603557
23 0.11895544451885169
24 0.14019748818293234
6 0.0
3 0.0
-6 0.0
-9 0.0
3 0.033987269862529056
6 0.0
10 0.004248408732816132
25 0.10196180958758716
27 0.13594907945011622
-2 0.1062102183204033
5 0.029738861129712923
29 0.029738861129712923
5 0.0
1 0.0
-7 0.0
-14 0.0
25 0.004248408732816132
17 0.008496817465632264
22 0.004248408732816132
13 0.008496817465632264
29 0.3696115597550035
-2 0.0
-7 0.0
-11 0.0
-26 0.0
17 0.008496817465632264
22 0.12745226198448395
10 0.012745226198448395
17 0.09771340085477104
5 0.016993634931264528
22 0.1317006707173001
-4 0.0
-9 0.0
-14 0.0
-24 0.0
10 0.012745226198448395
-5 0.11470703578603557
-6 0.12745226198448395
17 0.12320385325166783
5 0.0
-7 0.0
-14 0.0
-23 0.0
10 0.1317006707173001
-2 0.012745226198448395
5 0.11470703578603557
-7 0.0
5 0.14869430564856462
10 0.008496817465632264
-9 0.0
-14 0.0
-18 0.0
-9 0.004248408732816132
3 0.13594907945011622
-18 0.055229313526609716
-2 0.06797453972505811
10 0.14019748818293234
-11 0.0
-14 0.0
-19 0.0
3 0.004248408732816132
-11 0.008496817465632264
1 0.12745226198448395
-19 0.08496817465632264
-2 0.038235678595345185
5 0.1444458969157485
0 0.0
-12 0.0
-14 0.0
-21 0.0
-12 0.008496817465632264
-2 0.12745226198448395
-21 0.038235678595345185
-7 0.10196180958758716
-2 0.15294271438138074
-14 0.0
-23 0.0
-14 0.02549045239689679
25 0.4120956470831648
16 0.0
4 0.0
1 0.0
-8 0.0
-11 0.0
13 0.008496817465632264
4 0.004248408732816132
1 0.008496817465632264
20 0.2549045239689679
25 0.1317006707173001
-3 0.0
-3 0.0
32 0.14869430564856462
3 0.07222294845787425
0 0.0
-9 0.0
-16 0.0
20 0.055229313526609716
8 0.016993634931264528
22 0.0
25 0.13594907945011622
4 0.0
1 0.0
-8 0.0
-11 0.0
13 0.012745226198448395
16 0.0
1 0.008496817465632264
4 0.004248408732816132
20 0.24640770650333566
25 0.12320385325166783
32 0.14869430564856462
3 0.059477722259425846
0 0.0
-9 0.0
-16 0.0
20 0.055229313526609716
8 0.0
22 0.02124204366408066
13 0.12320385325166783
25 0.0
4 0.0
1 0.0
-8 0.0
-11 0.0
1 0.004248408732816132
4 0.004248408732816132
20 0.13594907945011622
8 0.07647135719069037
32 0.059477722259425846
13 0.11895544451885169
25 0.008496817465632264
4 0.0
4 0.0
1 0.0
-8 0.0
-11 0.0
1 0.004248408732816132
20 0.12745226198448395
3 0.059477722259425846
0 0.0
-9 0.0
-16 0.0
8 0.038235678595345185
32 0.029738861129712923
25 0.12320385325166783
-4 0.0
4 0.0
1 0.0
-8 0.0
-11 0.0
-4 0.0
13 0.004248408732816132
4 0.008496817465632264
1 0.008496817465632264
20 0.1062102183204033
21 0.12320385325166783
22 0.13594907945011622
4 0.0
1 0.0
-8 0.0
-11 0.0
1 0.02124204366408066
8 0.008496817465632264
4 0.012745226198448395
23 0.0934649921219549
25 0.11470703578603557
-4 0.10196180958758716
3 0.04673249606097745
27 0.02549045239689679
3 0.0
-1 0.0
-9 0.0
-16 0.0
15 0.016993634931264528
11 0.0
23 0.004248408732816132
27 0.3738599684878196
-4 0.0
-9 0.0
-13 0.0
-28 0.0
15 0.004248408732816132
20 0.12745226198448395
8 0.004248408732816132
15 0.11895544451885169
3 0.016993634931264528
20 0.11895544451885169
-6 0.0
-11 0.0
-16 0.0
-26 0.0
8 0.02124204366408066
-7 0.1062102183204033
-8 0.12745226198448395
15 0.12320385325166783
-9 0.0
-16 0.0
-25 0.0
3 0.004248408732816132
8 0.12745226198448395
-4 0.012745226198448395
3 0.11045862705321943
-9 0.004248408732816132
-11 0.14869430564856462
8 0.008496817465632264
-11 0.0
-16 0.0
-20 0.0
3 0.004248408732816132
1 0.12320385325166783
-20 0.09771340085477104
-4 0.029738861129712923
8 0.13594907945011622
-13 0.0
-16 0.0
-21 0.0
1 0.004248408732816132
-13 0.008496817465632264
-1 0.11895544451885169
-21 0.07647135719069037
-4 0.04248408732816132
-2 0.13594907945011622
3 0.0
-14 0.0
-16 0.0
-23 0.0
-14 0.012745226198448395
-4 0.12320385325166783
-23 0.06372613099224197
-9 0.07222294845787425
-4 0.16568794057982913
-16 0.0
-25 0.0
-16 0.016993634931264528
23 0.386605194686268
-4 0.0
3 0.0
-1 0.0
-9 0.0
-13 0.0
-4 0.0
15 0.016993634931264528
11 0.004248408732816132
-1 0.008496817465632264
3 0.008496817465632264
18 0.24640770650333566
23 0.12745226198448395
-6 0.0
-6 0.0
30 0.14869430564856462
18 0.12320385325166783
22 0.14869430564856462
-11 0.0
-14 0.0
-18 0.0
1 0.0
-2 0.0
-11 0.0
-14 0.0
-6 0.012745226198448395
13 0.008496817465632264
1 0.11895544451885169
2 0.12745226198448395
24 0.13594907945011622
-7 0.0
-12 0.0
-15 0.0
-19 0.0
3 0.012745226198448395
17 0.008496817465632264
-3 0.0
4 0.12320385325166783
-8 0.0
15 0.1444458969157485
5 0.004248408732816132
-9 0.0
22 0.11470703578603557
6 0.0
-14 0.0
-19 0.0
13 0.008496817465632264
-2 0.004248408732816132
-11 0.004248408732816132
6 0.004248408732816132
22 0.008496817465632264
1 0.0
-11 0.0
5 0.1062102183204033
1 0.1317006707173001
17 0.008496817465632264
22 0.12745226198448395
-7 0.0
-7 0.0
-2 0.016993634931264528
29 0.11045862705321943
17 0.12745226198448395
21 0.13594907945011622
-12 0.0
-15 0.0
-19 0.0
0 0.0
-3 0.0
-12 0.0
-15 0.0
-7 0.02549045239689679
12 0.0
-1 0.10196180958758716
0 0.12745226198448395
22 0.15294271438138074
-14 0.0
-21 0.0
15 0.008496817465632264
1 0.0
-9 0.0
-5 0.02124204366408066
2 0.1062102183204033
-10 0.008496817465632264
13 0.11895544451885169
3 0.0
-11 0.012745226198448395
4 0.12745226198448395
20 0.004248408732816132
11 0.0
-8 0.0
-13 0.0
-16 0.0
-21 0.0
-1 0.0
-4 0.0
-13 0.0
-16 0.0
-8 0.0
-4 0.033987269862529056
3 0.0934649921219549
-1 0.11895544451885169
15 0.02124204366408066
20 0.11470703578603557
-4 0.0
-9 0.0
-16 0.0
-25 0.0
-9 0.0
27 0.14019748818293234
-8 0.0
15 0.13594907945011622
-7 0.0
11 0.004248408732816132
18 0.12745226198448395
-6 0.0
-9 0.0
-14 0.0
-24 0.0
-2 0.0
-6 0.0
-14 0.0
-18 0.0
10 0.02124204366408066
3 0.012745226198448395
15 0.10196180958758716
18 0.11045862705321943
27 0.1571911231141969
-2 0.0
-14 0.0
-6 0.0
-23 0.0
15 0.11895544451885169
27 0.12320385325166783
22 0.15294271438138074
-4 0.0
-14 0.0
-7 0.0
-22 0.0
9 0.1062102183204033
10 0.12745226198448395
22 0.1444458969157485
-6 0.0
-14 0.0
-9 0.0
-21 0.0
10 0.004248408732816132
9 0.12745226198448395
10 0.11470703578603557
22 0.14019748818293234
-7 0.0
-14 0.0
-11 0.0
-19 0.0
10 0.008496817465632264
17 0.39085360341908415
5 0.0
1 0.0
-7 0.0
-7 0.0
-17 0.0
13 0.004248408732816132
1 0.0
5 0.004248408732816132
16 0.11045862705321943
4 0.008496817465632264
12 0.008496817465632264
0 0.0
5 0.11045862705321943
1 0.0
17 0.008496817465632264
13 0.0
3 0.1317006707173001
15 0.004248408732816132
3 0.0
0 0.0
-7 0.0
-7 0.0
-9 0.0
-15 0.0
0 0.004248408732816132
12 0.012745226198448395
5 0.11470703578603557
5 0.13594907945011622
17 0.0
13 0.12745226198448395
1 0.0
-2 0.0
-7 0.0
-11 0.0
-14 0.0
1 0.004248408732816132
-2 0.004248408732816132
10 0.0
5 0.11045862705321943
17 0.12320385325166783
5 0.004248408732816132
12 0.14019748818293234
0 0.0
-4 0.0
-7 0.0
-12 0.0
-12 0.0
8 0.004248408732816132
0 0.0
-4 0.004248408732816132
5 0.11470703578603557
5 0.11895544451885169
10 0.14019748818293234
10 0.0
6 0.0
-2 0.0
-14 0.0
-11 0.0
10 0.0
6 0.0
-2 0.0
10 0.0
6 0.0
-11 0.0
-23 0.0
-2 0.0
-6 0.0
-14 0.0
6 0.008496817465632264
-3 0.11470703578603557
-7 0.0
-6 0.1317006707173001
-2 0.004248408732816132
8 0.12320385325166783
8 0.0
5 0.0
-2 0.0
-14 0.0
-10 0.0
8 0.0
5 0.0
-2 0.0
8 0.0
5 0.0
-10 0.0
-22 0.0
-4 0.0
-7 0.0
-14 0.0
5 0.008496817465632264
-3 0.11895544451885169
-7 0.008496817465632264
6 0.059477722259425846
3 0.0
-2 0.0
-14 0.0
-9 0.0
6 0.0
3 0.0
-2 0.0
6 0.0
3 0.0
-9 0.0
-21 0.0
-6 0.0
-9 0.0
-14 0.0
-6 0.06372613099224197
-2 0.004248408732816132
5 0.12745226198448395
5 0.0
1 0.0
-2 0.0
-14 0.0
-7 0.0
5 0.0
1 0.0
-2 0.0
5 0.0
1 0.0
-7 0.0
-19 0.0
-7 0.0
-11 0.0
-14 0.0
1 0.008496817465632264
-3 0.1062102183204033
-7 0.008496817465632264
3 0.08496817465632264
0 0.0
-2 0.0
-14 0.0
-6 0.0
3 0.0
0 0.0
-2 0.0
3 0.0
0 0.0
-6 0.0
-18 0.0
-9 0.0
-12 0.0
-14 0.0
-2 0.04673249606097745
-6 0.012745226198448395
1 0.1444458969157485
1 0.0
-2 0.0
-2 0.0
-11 0.0
-7 0.0
1 0.0
-2 0.0
-2 0.0
1 0.0
-2 0.0
-7 0.0
-19 0.0
-7 0.0
-11 0.0
-14 0.0
-2 0.008496817465632264
-7 0.004248408732816132
0 0.3951020121519003
0 0.0
-3 0.0
-7 0.0
-7 0.0
-9 0.0
-19 0.0
-19 0.0
-31 0.0
-3 0.0
-9 0.0
-12 0.0
-19 0.0
-3 0.004248408732816132
-19 0.004248408732816132
-31 0.0
-9 0.008496817465632264
-7 0.004248408732816132
-11 0.386605194686268
-2 0.0
-2 0.0
-14 0.0
-7 0.0
-11 0.0
-19 0.0
-26 0.0
-14 0.0
-26 0.0
-2 0.0
-11 0.0
-14 0.0
-19 0.0
-7 0.004248408732816132
-26 0.012745226198448395
-14 0.0
-19 0.004248408732816132
15 0.36536315102218736
17 0.0
3 0.0
5 0.0
17 0.19117839297672592
15 0.008496817465632264
13 0.2124204366408066
17 0.004248408732816132
1 0.0
5 0.0
17 0.38235678595345185
0 0.0
5 0.0
-7 0.0
-9 0.0
12 0.004248408732816132
3 0.0
5 0.012745226198448395
17 0.17843316677827753
12 0.012745226198448395
5 0.0
3 0.004248408732816132
17 0.19117839297672592
-2 0.0
5 0.0
-7 0.0
-11 0.0
10 0.008496817465632264
5 0.0
1 0.0
15 0.3738599684878196
-7 0.0
-12 0.0
5 0.008496817465632264
-7 0.008496817465632264
12 0.0
-3 0.19542680170954208
6 0.02124204366408066
13 0.13594907945011622
-7 0.0
-14 0.0
5 0.016993634931264528
10 0.0
-7 0.004248408732816132
6 0.18268157551109368
1 0.004248408732816132
-2 0.004248408732816132
-7 0.16993634931264529
12 0.008496817465632264
-7 0.0
5 0.0
3 0.0
0 0.0
9 0.004248408732816132
5 0.004248408732816132
-7 0.11470703578603557
6 0.059477722259425846
0 0.0
3 0.008496817465632264
-7 0.055229313526609716
-7 0.11470703578603557
13 0.008496817465632264
-7 0.0
5 0.0
1 0.0
-2 0.0
5 0.004248408732816132
10 0.008496817465632264
6 0.1571911231141969
1 0.012745226198448395
-2 0.02549045239689679
-7 0.15294271438138074
5 0.0
3 0.0
0 0.0
-7 0.0
-9 0.0
-6 0.18268157551109368
-9 0.004248408732816132
-12 0.0
-7 0.1869299842439098
5 0.0
1 0.0
-2 0.0
-7 0.0
-11 0.0
-6 0.16993634931264529
-11 0.004248408732816132
-14 0.004248408732816132
-7 0.16993634931264529
-19 0.0
-21 0.0
3 0.0
0 0.0
5 0.0
-7 0.0
-12 0.0
-19 0.11470703578603557
-6 0.055229313526609716
-15 0.004248408732816132
-12 0.012745226198448395
-19 0.04673249606097745
-7 0.11045862705321943
-19 0.0
-23 0.0
1 0.0
-2 0.0
5 0.0
-7 0.0
-14 0.0
-6 0.16568794057982913
-14 0.02124204366408066
-11 0.0
5 0.16993634931264529
3 0.0
-7 0.0
-9 0.0
-19 0.0
-24 0.0
17 0.0
5 0.0
-9 0.0
-19 0.0
3 0.004248408732816132
-19 0.12745226198448395
0 0.055229313526609716
-19 0.0807197659235065
1 0.1317006707173001
5 0.0
1 0.0
-7 0.0
-11 0.0
-19 0.0
-26 0.0
17 0.0
5 0.0
-11 0.0
-19 0.0
0 0.1869299842439098
-12 0.0
-11 0.17843316677827753
-9 0.004248408732816132
-2 0.0
-5 0.0
-9 0.0
-23 0.0
15 0.0
3 0.0
-14 0.0
-17 0.0
-14 0.17843316677827753
-9 0.19542680170954208
-12 0.0
-4 0.0
-9 0.0
-24 0.0
15 0.0
3 0.0
-16 0.0
-11 0.36111474228937124
-9 0.008496817465632264
3 0.0
-11 0.0
-26 0.0
15 0.0
13 0.0
-26 0.0
-9 0.0
-11 0.0
-21 0.0
3 0.12320385325166783
-14 0.06797453972505811
3 0.05098090479379358
-9 0.11895544451885169
3 0.0
-12 0.0
-28 0.0
12 0.0
15 0.0
-28 0.0
-9 0.0
-12 0.0
-21 0.0
-12 0.008496817465632264
-16 0.16993634931264529
-25 0.07222294845787425
-21 0.09771340085477104
-23 0.0
-9 0.0
15 0.0
10 0.0
1 0.0
5 0.0
-9 0.11895544451885169
-26 0.05098090479379358
-9 0.06797453972505811
-24 0.11045862705321943
-21 0.004248408732816132
-9 0.0
15 0.0
8 0.0
0 0.0
3 0.0
-28 0.16568794057982913
27 0.2124204366408066
22 0.0
15 0.0
13 0.0
-2 0.0
3 0.0
3 0.0
1 0.0
15 0.016993634931264528
15 0.08921658338913876
24 0.02549045239689679
3 0.02124204366408066
15 0.06372613099224197
15 0.012745226198448395
27 0.1062102183204033
15 0.0
12 0.0
-4 0.0
3 0.0
0 0.0
20 0.004248408732816132
12 0.0
8 0.012745226198448395
22 0.09771340085477104
3 0.0807197659235065
15 0.02124204366408066
15 0.1317006707173001
10 0.0
3 0.0
10 0.0
1 0.0
-2 0.0
-9 0.0
-11 0.0
3 0.0
1 0.0
12 0.10196180958758716
3 0.008496817465632264
-9 0.09771340085477104
3 0.0
3 0.008496817465632264
15 0.11045862705321943
3 0.0
8 0.0
0 0.0
-4 0.0
-9 0.0
-12 0.0
3 0.0
0 0.0
8 0.004248408732816132
0 0.008496817465632264
-4 0.012745226198448395
10 0.08496817465632264
3 0.10196180958758716
-9 0.008496817465632264
-14 0.11470703578603557
-11 0.0
-14 0.016993634931264528
1 0.0
-9 0.0
-11 0.0
-21 0.0
-23 0.0
-2 0.0
3 0.0
-2 0.0
-12 0.11470703578603557
-9 0.004248408732816132
-9 0.11470703578603557
-21 0.008496817465632264
-16 0.11045862705321943
0 0.0
-9 0.0
-12 0.0
-21 0.0
-24 0.0
-4 0.0
-12 0.0
-16 0.0
3 0.0
-4 0.0
-14 0.08921658338913876
-21 0.11045862705321943
-26 0.11470703578603557
-2 0.0
-5 0.0
-9 0.0
-23 0.0
-14 0.0
-21 0.0
-24 0.09771340085477104
-9 0.016993634931264528
-33 0.09771340085477104
-9 0.02124204366408066
-28 0.11470703578603557
-4 0.0
-9 0.0
-24 0.0
-16 0.0
-21 0.0
-11 0.35686633355655506
1 0.0
-11 0.0
3 0.004248408732816132
-9 0.0
-21 0.0
1 0.004248408732816132
-2 0.18268157551109368
-14 0.004248408732816132
3 0.18268157551109368
-21 0.0
-9 0.004248408732816132
-12 0.0
0 0.0
-16 0.16993634931264529
-4 0.02124204366408066
5 0.16993634931264529
-11 0.0
-13 0.0
-23 0.0
-1 0.004248408732816132
-4 0.004248408732816132
-7 0.0
-13 0.008496817465632264
-16 0.008496817465632264
-23 0.16568794057982913
6 0.1869299842439098
-11 0.0
-14 0.0
-23 0.0
6 0.0
1 0.0
-6 0.0
-11 0.0
-14 0.0
-30 0.0
-6 0.008496817465632264
1 0.004248408732816132
-14 0.0
-2 0.008496817465632264
-23 0.0
-30 0.17843316677827753
-23 0.16568794057982913
1 0.0
5 0.0
1 0.0
-7 0.0
-11 0.0
-16 0.0
-11 0.004248408732816132
-2 0.012745226198448395
-6 0.0
-35 0.161439531847013
3 0.161439531847013
3 0.0
-2 0.0
-9 0.0
-14 0.0
-18 0.0
-9 0.004248408732816132
-6 0.0
1 0.004248408732816132
-2 0.0
-14 0.016993634931264528
-23 0.0
-30 0.14869430564856462
5 0.16568794057982913
1 0.0
-3 0.0
-11 0.0
-15 0.0
-19 0.0
1 0.004248408732816132
-7 0.004248408732816132
-3 0.0
-15 0.008496817465632264
-23 0.004248408732816132
-30 0.1741847580454614
6 0.161439531847013
-2 0.0
-6 0.0
-11 0.0
-14 0.0
-18 0.0
-6 0.004248408732816132
1 0.0
-2 0.004248408732816132
-23 0.004248408732816132
-14 0.008496817465632264
-30 0.161439531847013
1 0.14869430564856462
-11 0.0
-7 0.0
-14 0.0
-18 0.0
-23 0.0
-2 0.008496817465632264
-23 0.004248408732816132
3 0.1571911231141969
-35 0.0
-9 0.008496817465632264
-2 0.004248408732816132
1 0.004248408732816132
3 0.15294271438138074
1 0.0
-9 0.0
-9 0.0
-11 0.0
-18 0.0
-26 0.0
-2 0.008496817465632264
-14 0.008496817465632264
-23 0.0
5 0.14869430564856462
1 0.0
-7 0.004248408732816132
-30 0.0
-2 0.008496817465632264
5 0.15294271438138074
-11 0.0
-14 0.0
-18 0.0
-30 0.0
-7 0.004248408732816132
1 0.0
-23 0.004248408732816132
-2 0.008496817465632264
-14 0.0
-30 0.14869430564856462
6 0.008496817465632264
1 0.0
-6 0.004248408732816132
-2 0.008496817465632264
6 0.1741847580454614
-9 0.0
-21 0.0
-18 0.0
-21 0.0
-9 0.0
-14 0.0
-18 0.0
-14 0.0
-18 0.0
-21 0.0
-26 0.0
-33 0.0
-6 0.004248408732816132
-2 0.004248408732816132
3 0.0
-14 0.012745226198448395
-18 0.0
-21 0.004248408732816132
-26 0.14869430564856462
-6 0.19117839297672592
6 0.0
-27 0.0
3 0.004248408732816132
-26 0.038235678595345185
-33 0.11895544451885169
8 0.008496817465632264
3 0.0
-4 0.004248408732816132
6 0.16568794057982913
3 0.004248408732816132
-6 0.0
-18 0.012745226198448395
-14 0.004248408732816132
-21 0.004248408732816132
-26 0.14019748818293234
6 0.1741847580454614
-6 0.004248408732816132
3 0.012745226198448395
-26 0.0
-33 0.1444458969157485
8 0.008496817465632264
-4 0.004248408732816132
3 0.012745226198448395
10 0.16993634931264529
-13 0.0
-25 0.0
-21 0.0
-25 0.0
-13 0.0
6 0.004248408732816132
-2 0.0
3 0.004248408732816132
-14 0.008496817465632264
-9 0.008496817465632264
-18 0.0
-21 0.14869430564856462
10 0.16568794057982913
10 0.0
-2 0.0
-30 0.004248408732816132
-2 0.012745226198448395
6 0.0
3 0.008496817465632264
10 0.0934649921219549
-2 0.0
-37 0.038235678595345185
11 0.02124204366408066
-1 0.008496817465632264
6 0.004248408732816132
3 0.0
10 0.05098090479379358
-2 0.0
10 0.11895544451885169
6 0.0
3 0.0
-9 0.0
-2 0.004248408732816132
-18 0.004248408732816132
3 0.0
-14 0.008496817465632264
-9 0.004248408732816132
-21 0.13594907945011622
10 0.20392361917517432
6 0.0
-2 0.0
-2 0.0
-14 0.0
3 0.008496817465632264
-2 0.11470703578603557
-14 0.0
-37 0.029738861129712923
6 0.016993634931264528
-1 0.004248408732816132
11 0.0
3 0.004248408732816132
-2 0.06372613099224197
-14 0.0
13 0.12320385325166783
1 0.0
-9 0.0
-21 0.0
-16 0.0
-21 0.0
-28 0.0
-9 0.0
-16 0.0
10 0.004248408732816132
-13 0.008496817465632264
8 0.0
-9 0.004248408732816132
-16 0.008496817465632264
-21 0.14019748818293234
11 0.1741847580454614
-1 0.0
15 0.0
3 0.0
15 0.0
3 0.0
-21 0.004248408732816132
15 0.11045862705321943
3 0.0
-28 0.038235678595345185
13 0.016993634931264528
1 0.004248408732816132
15 0.05098090479379358
3 0.0
15 0.11470703578603557
11 0.0
8 0.0
-4 0.0
-20 0.0
8 0.0
-4 0.0
-20 0.0
-32 0.0
-8 0.0
3 0.004248408732816132
8 0.008496817465632264
-9 0.004248408732816132
-16 0.004248408732816132
-13 0.0
-20 0.14869430564856462
13 0.02124204366408066
1 0.004248408732816132
11 0.02124204366408066
15 0.12745226198448395
-25 0.0
3 0.0
-9 0.0
3 0.0
-9 0.0
3 0.008496817465632264
3 0.11470703578603557
-9 0.0
-32 0.033987269862529056
4 0.012745226198448395
16 0.0
3 0.07647135719069037
-9 0.0
16 0.11470703578603557
18 0.008496817465632264
6 0.0
-4 0.0
-16 0.0
-23 0.0
-4 0.0
-16 0.0
-23 0.0
-35 0.0
-6 0.0
13 0.004248408732816132
15 0.004248408732816132
-11 0.004248408732816132
-9 0.008496817465632264
-6 0.004248408732816132
-16 0.15294271438138074
16 0.16568794057982913
1 0.0
-11 0.0
-23 0.004248408732816132
4 0.0
-35 0.14019748818293234
6 0.02549045239689679
18 0.0
20 0.1741847580454614
-4 0.0
-16 0.0
-25 0.0
-16 0.0
-25 0.0
-4 0.0
-9 0.0
17 0.004248408732816132
8 0.0
15 0.012745226198448395
-9 0.008496817465632264
-7 0.008496817465632264
-4 0.0
-16 0.14869430564856462
18 0.17843316677827753
6 0.0
-25 0.0
-9 0.0
-21 0.0
-37 0.10196180958758716
20 0.04673249606097745
8 0.02124204366408066
22 0.1741847580454614
-14 0.0
-19 0.0
-26 0.0
10 0.0
2 0.0
-2 0.0
-19 0.0
-26 0.0
-2 0.0
-7 0.0
-10 0.0
10 0.008496817465632264
14 0.004248408732816132
17 0.0
-7 0.008496817465632264
-2 0.008496817465632264
-10 0.004248408732816132
-14 0.12320385325166783
29 0.19117839297672592
17 0.15294271438138074
-26 0.07222294845787425
5 0.055229313526609716
3 0.0
0 0.0
-19 0.0
-31 0.0
-7 0.0
-9 0.0
-12 0.0
17 0.029738861129712923
22 0.17843316677827753
-14 0.0
-19 0.0
-26 0.0
10 0.0
2 0.0
-2 0.0
-19 0.0
-26 0.0
-2 0.0
-7 0.0
-10 0.0
-14 0.0
10 0.008496817465632264
14 0.0
-2 0.012745226198448395
-10 0.0
-7 0.004248408732816132
-14 0.20817202790799047
29 0.23366248030488726
5 0.004248408732816132
17 0.15294271438138074
-7 0.04248408732816132
5 0.016993634931264528
3 0.0
0 0.0
-19 0.0
-31 0.0
-7 0.0
-9 0.0
-12 0.0
17 0.06372613099224197
22 0.16568794057982913
-14 0.0
-19 0.0
-26 0.0
10 0.0
2 0.0
-2 0.0
-19 0.0
-26 0.0
-2 0.0
-7 0.0
-10 0.0
-14 0.0
10 0.004248408732816132
-2 0.0
14 0.004248408732816132
-7 0.0
-10 0.0
-14 0.225165662839255
29 0.225165662839255
-19 0.012745226198448395
17 0.12320385325166783
-26 0.06797453972505811
5 0.016993634931264528
3 0.0
0 0.0
-19 0.0
-31 0.0
-7 0.0
-9 0.0
-12 0.0
17 0.055229313526609716
22 0.16993634931264529
-14 0.0
-19 0.0
-26 0.0
10 0.0
2 0.0
-2 0.0
-19 0.0
-26 0.0
-2 0.0
-7 0.0
-10 0.0
-14 0.0
10 0.008496817465632264
-7 0.0
14 0.004248408732816132
-10 0.004248408732816132
-2 0.012745226198448395
-14 0.18268157551109368
29 0.2124204366408066
5 0.0
17 0.13594907945011622
-7 0.055229313526609716
5 0.029738861129712923
3 0.0
0 0.0
-19 0.0
-31 0.0
-7 0.0
-9 0.0
-12 0.0
17 0.055229313526609716
22 0.16993634931264529
10 0.0
-14 0.0
-19 0.0
-26 0.0
10 0.0
1 0.0
-2 0.0
-19 0.0
-26 0.0
-2 0.0
-7 0.0
-11 0.0
-14 0.0
13 0.008496817465632264
-2 0.004248408732816132
-14 0.0
-11 0.0
-7 0.004248408732816132
29 0.42059246454879706
-7 0.0
-11 0.0
-14 0.0
-19 0.0
10 0.0
1 0.0
-2 0.0
-19 0.0
-26 0.0
-2 0.0
-7 0.0
-11 0.0
-14 0.0
17 0.004248408732816132
5 0.012745226198448395
-7 0.0
5 0.21666884537362274
17 0.0
-7 0.0
-7 0.0
-9 0.0
-12 0.0
-19 0.0
5 0.0
3 0.0
0 0.0
-19 0.0
-31 0.0
-7 0.0
-9 0.0
-12 0.0
22 0.22091725410643887
-7 0.0
-11 0.0
-14 0.0
-19 0.0
10 0.0
1 0.0
-2 0.0
-19 0.0
-26 0.0
-2 0.0
-7 0.0
-11 0.0
-14 0.0
10 0.008496817465632264
-2 0.0
13 0.0
-14 0.0
-11 0.0
17 0.41634405581598094
29 0.0
-7 0.0
-11 0.0
-14 0.0
-19 0.0
10 0.0
1 0.0
-2 0.0
-19 0.0
-26 0.0
-2 0.0
-7 0.0
-11 0.0
-14 0.0
5 0.008496817465632264
-7 0.0
17 0.20392361917517432
-7 0.0
-9 0.0
-12 0.0
-19 0.0
5 0.0
3 0.0
0 0.0
-19 0.0
-31 0.0
-7 0.0
-9 0.0
-12 0.0
5 0.008496817465632264
-7 0.0
-11 0.1996752104423582
22 0.004248408732816132
-7 0.0
-11 0.0
-14 0.0
-19 0.0
10 0.0
1 0.0
-2 0.0
-19 0.0
-26 0.0
-2 0.0
-7 0.0
-11 0.0
-14 0.0
10 0.008496817465632264
-2 0.0
13 0.0
-14 0.0
29 0.1996752104423582
17 0.0
-7 0.0
-9 0.0
-12 0.0
-19 0.0
5 0.0
3 0.0
0 0.0
-19 0.0
-31 0.0
-7 0.0
-9 0.0
-12 0.0
5 0.004248408732816132
-7 0.0
22 0.20392361917517432
10 0.0
1 0.0
-7 0.0
-11 0.0
-14 0.0
-19 0.0
10 0.0
1 0.0
-2 0.0
-19 0.0
-26 0.0
-2 0.0
-7 0.0
-11 0.0
-14 0.0
-2 0.008496817465632264
29 0.20817202790799047
-7 0.0
-9 0.0
-12 0.0
-19 0.0
5 0.0
3 0.0
0 0.0
-19 0.0
-31 0.0
-7 0.0
-9 0.0
-12 0.0
5 0.004248408732816132
17 0.0
22 0.22091725410643887
1 0.0
10 0.0
1 0.0
-2 0.0
-19 0.0
-26 0.0
-2 0.0
-7 0.0
-11 0.0
-14 0.0
10 0.004248408732816132
-7 0.0
-11 0.0
-14 0.0
-14 0.0
-2 0.004248408732816132
-14 0.4290892820144293
-26 0.0
-14 0.0
-26 0.0
-14 0.0
-26 0.0
5 0.4375860994800616
-4 0.0
-7 0.0
-19 0.0
-16 0.0
-24 0.0
-31 0.0
-31 0.0
-7 0.0
-19 0.0
5 0.0
-4 0.0
-7 0.0
-12 0.0
36 0.4290892820144293
32 0.004248408732816132
24 0.0
12 0.008496817465632264
29 0.0
0 0.0
5 0.0
8 0.0
0 0.12745226198448395
0 0.14019748818293234
29 0.14019748818293234
5 0.0
-4 0.0
-7 0.0
-19 0.0
-16 0.0
-24 0.0
-31 0.0
-31 0.0
-7 0.0
-19 0.0
5 0.0
-4 0.0
-7 0.0
-12 0.0
17 0.004248408732816132
24 0.0
20 0.0
5 0.0
-7 0.004248408732816132
0 0.0
-4 0.008496817465632264
24 0.41634405581598094
12 0.008496817465632264
20 0.0
0 0.0
-12 0.004248408732816132
-7 0.0
17 0.0
-4 0.0
0 0.12320385325166783
0 0.14019748818293234
17 0.14019748818293234
5 0.0
-4 0.0
-7 0.0
-19 0.0
-16 0.0
-24 0.0
-31 0.0
-31 0.0
-7 0.0
-19 0.0
5 0.0
-4 0.0
-7 0.0
-12 0.0
5 0.008496817465632264
8 0.0
12 0.0
-7 0.0
-19 0.008496817465632264
-12 0.004248408732816132
-16 0.0
0 0.11895544451885169
0 0.1444458969157485
12 0.14019748818293234
5 0.0
-4 0.0
-7 0.0
-12 0.0
0 0.008496817465632264
5 0.008496817465632264
8 0.0
-19 0.0
-12 0.0
-24 0.0
-16 0.0
0 0.12745226198448395
-5 0.06797453972505811
-5 0.0
-12 0.0
0 0.07222294845787425
5 0.14019748818293234
-4 0.0
5 0.0
-7 0.0
-12 0.0
-4 0.004248408732816132
-7 0.0
0 0.004248408732816132
-31 0.008496817465632264
-19 0.0
-24 0.0
-28 0.004248408732816132
0 0.3993504208847164
5 0.0
-7 0.0
-12 0.0
-16 0.0
-19 0.0
-12 0.008496817465632264
-4 0.0
-7 0.004248408732816132
-28 0.0
-31 0.0
-7 0.0
-7 0.0
-12 0.0
-24 0.008496817465632264
-36 0.0
2 0.13594907945011622
2 0.1444458969157485
-5 0.14869430564856462
7 0.0
2 0.0
-5 0.0
-13 0.0
-10 0.0
-17 0.0
-13 0.0
-22 0.0
-29 0.0
-22 0.0
-29 0.0
-5 0.0
-10 0.0
-13 0.0
7 0.0
-5 0.0
-13 0.0
-17 0.0
-17 0.004248408732816132
-13 0.0
-10 0.0
-37 0.004248408732816132
-29 0.008496817465632264
-34 0.0
-41 0.0
-29 0.40784723835034864
-22 0.016993634931264528
-13 0.0
-17 0.11045862705321943
-29 0.0934649921219549
-22 0.008496817465632264
-10 0.004248408732816132
-5 0.15294271438138074
14 0.0
-13 0.016993634931264528
-22 0.02124204366408066
-10 0.1062102183204033
-3 0.11470703578603557
-13 0.12320385325166783
-22 0.004248408732816132
-1 0.0
7 0.0
-17 0.008496817465632264
-5 0.11470703578603557
-13 0.06372613099224197
-17 0.0
-10 0.004248408732816132
2 0.06372613099224197
7 0.14019748818293234
2 0.0
-5 0.004248408732816132
-13 0.004248408732816132
-10 0.0
0 0.12320385325166783
2 0.004248408732816132
9 0.11470703578603557
11 0.13594907945011622
-5 0.0
-1 0.004248408732816132
-10 0.012745226198448395
-5 0.0
7 0.11045862705321943
-1 0.055229313526609716
-5 0.008496817465632264
-10 0.004248408732816132
14 0.059477722259425846
19 0.1317006707173001
-10 0.0
7 0.012745226198448395
-1 0.0
2 0.004248408732816132
12 0.14019748818293234
14 0.0
21 0.08921658338913876
11 0.1317006707173001
2 0.0
23 0.0
-17 0.0
7 0.016993634931264528
19 0.1062102183204033
11 0.06372613099224197
7 0.016993634931264528
26 0.04673249606097745
32 0.16993634931264529
8 0.0
-1 0.0
-4 0.0
-9 0.0
-13 0.0
-21 0.0
-28 0.0
-28 0.0
-4 0.0
-9 0.0
-13 0.0
8 0.0
-4 0.0
-9 0.0
-13 0.0
20 0.008496817465632264
27 0.0
22 0.012745226198448395
8 0.0
11 0.004248408732816132
3 0.0
39 0.4290892820144293
11 0.008496817465632264
27 0.0
8 0.004248408732816132
35 0.0
3 0.0
15 0.0
32 0.0
3 0.11045862705321943
3 0.1444458969157485
32 0.1444458969157485
23 0.0
20 0.0
8 0.0
-1 0.0
-4 0.0
-13 0.0
-21 0.0
-13 0.0
-21 0.0
-28 0.0
-28 0.0
-4 0.0
-9 0.0
-13 0.0
8 0.0
-4 0.0
-9 0.0
-13 0.0
-1 0.004248408732816132
8 0.0
27 0.0
3 0.004248408732816132
-4 0.004248408732816132
27 0.42059246454879706
23 0.004248408732816132
15 0.0
3 0.0
-9 0.0
-1 0.0
20 0.008496817465632264
-4 0.0
3 0.12745226198448395
3 0.14019748818293234
20 0.1444458969157485
-13 0.0
-4 0.0
8 0.0
8 0.0
3 0.0
-1 0.0
-4 0.0
-13 0.0
-21 0.0
-13 0.0
-21 0.0
-28 0.0
-28 0.0
-4 0.0
-9 0.0
-13 0.0
8 0.0
-4 0.0
-9 0.0
-13 0.0
-16 0.004248408732816132
15 0.0
-9 0.0
11 0.0
3 0.13594907945011622
3 0.14019748818293234
15 0.12745226198448395
11 0.008496817465632264
3 0.0
-13 0.004248408732816132
-9 0.0
8 0.0
-21 0.0
-16 0.004248408732816132
8 0.0
-4 0.0
-9 0.0
-13 0.0
3 0.14019748818293234
-5 0.06797453972505811
-9 0.0
-14 0.0
3 0.07222294845787425
8 0.14019748818293234
8 0.0
-4 0.0
-9 0.0
-13 0.0
-4 0.004248408732816132
-1 0.0
3 0.0
-25 0.004248408732816132
-28 0.0
-21 0.008496817465632264
-16 0.0
3 0.40784723835034864
-1 0.0
8 0.0
-4 0.0
-9 0.0
-16 0.0
-9 0.004248408732816132
-7 0.0
-9 0.0
-16 0.0
-4 0.004248408732816132
-25 0.0
-21 0.0
-28 0.008496817465632264
-33 0.0
5 0.1317006707173001
5 0.1444458969157485
-19 0.12745226198448395
-26 0.0
-2 0.0
-7 0.0
-10 0.0
-10 0.0
-14 0.0
-2 0.012745226198448395
10 0.0
2 0.0
-7 0.0
-14 0.0
-19 0.0
-10 0.0
-19 0.0
-26 0.0
10 0.0
-2 0.0
-14 0.008496817465632264
-7 0.0
-10 0.004248408732816132
-26 0.004248408732816132
-38 0.004248408732816132
-34 0.0
-31 0.008496817465632264
-26 0.4120956470831648
-19 0.004248408732816132
-10 0.008496817465632264
-14 0.14869430564856462
-19 0.04248408732816132
-26 0.0
-7 0.07222294845787425
-2 0.14019748818293234
17 0.0
-19 0.02124204366408066
-10 0.0
-7 0.11045862705321943
0 0.12320385325166783
2 0.14869430564856462
10 0.0
-14 0.012745226198448395
-10 0.008496817465632264
-19 0.008496817465632264
-2 0.09771340085477104
-10 0.07222294845787425
-19 0.0
-14 0.0
5 0.059477722259425846
10 0.14869430564856462
5 0.0
-2 0.004248408732816132
-10 0.0
-7 0.0
5 0.1317006707173001
12 0.11470703578603557
2 0.13594907945011622
14 0.0
-2 0.0
-2 0.0
-7 0.004248408732816132
10 0.12320385325166783
2 0.059477722259425846
17 0.059477722259425846
22 0.13594907945011622
-7 0.0
2 0.004248408732816132
10 0.008496817465632264
5 0.0
17 0.14019748818293234
22 0.12320385325166783
23 0.1741847580454614
-6 0.0
-10 0.0
-13 0.0
-16 0.0
-1 0.0
-28 0.0
-16 0.0
-6 0.0
-10 0.0
-16 0.0
-1 0.0
14 0.008496817465632264
18 0.004248408732816132
11 0.0
2 0.0
6 0.0
-1 0.004248408732816132
-1 0.12320385325166783
-1 0.0
-4 0.13594907945011622
-4 0.0
-7 0.14019748818293234
-11 0.0
-13 0.0
-23 0.0
1 0.0
-23 0.0
-35 0.0
-7 0.0
-13 0.0
1 0.0
32 0.4120956470831648
13 0.0
1 0.0
13 0.0
1 0.0
20 0.012745226198448395
8 0.0
5 0.0
-4 0.0
29 0.0
1 0.0
25 0.0
1 0.12320385325166783
13 0.0
13 0.0
1 0.0
8 0.1317006707173001
-4 0.0
8 0.0
-4 0.0
25 0.13594907945011622
13 0.0
1 0.0
13 0.0
1 0.0
13 0.008496817465632264
1 0.004248408732816132
-11 0.0
20 0.004248408732816132
17 0.0
-7 0.0
-4 0.0
24 0.3951020121519003
18 0.0
-2 0.0
-6 0.0
-9 0.0
-12 0.0
3 0.0
-12 0.0
-24 0.0
-2 0.0
-6 0.0
-9 0.0
3 0.0
12 0.004248408732816132
15 0.0
0 0.0
-6 0.004248408732816132
-9 0.004248408732816132
-12 0.0
3 0.12320385325166783
3 0.0
0 0.14019748818293234
0 0.0
17 0.13594907945011622
5 0.004248408732816132
9 0.0
12 0.0
-3 0.0
-7 0.0
-9 0.0
-19 0.0
5 0.0
-19 0.0
-31 0.0
-3 0.0
-7 0.0
-9 0.0
5 0.0
-19 0.008496817465632264
-7 0.0
-15 0.004248408732816132
-12 0.004248408732816132
36 0.3951020121519003
24 0.0
33 0.0
17 0.0
5 0.0
17 0.0
5 0.0
9 0.004248408732816132
12 0.004248408732816132
0 0.0
5 0.0
29 0.0
17 0.1317006707173001
5 0.0
17 0.0
5 0.0
12 0.1444458969157485
0 0.0
12 0.0
0 0.0
29 0.14019748818293234
17 0.0
5 0.0
17 0.0
5 0.0
17 0.008496817465632264
24 0.0
21 0.0
5 0.0
-3 0.0
-7 0.008496817465632264
27 0.3738599684878196
18 0.0
6 0.0
-2 0.0
-6 0.0
-14 0.0
-9 0.0
18 0.0
6 0.0
6 0.0
-9 0.0
-21 0.0
-2 0.0
-6 0.0
6 0.0
3 0.0
-9 0.0
-14 0.0
-18 0.0
-21 0.0
15 0.008496817465632264
22 0.0
18 0.0
3 0.0
-6 0.004248408732816132
-9 0.0
-2 0.004248408732816132
18 0.12320385325166783
6 0.0
18 0.0
6 0.0
15 0.13594907945011622
3 0.0
15 0.0
3 0.0
20 0.14019748818293234
20 0.0
8 0.0
-7 0.0
-11 0.0
20 0.0
8 0.0
8 0.0
-11 0.0
-23 0.0
1 0.0
-4 0.0
8 0.0
5 0.0
-7 0.0
-11 0.0
-16 0.0
-23 0.0
8 0.004248408732816132
17 0.0
13 0.004248408732816132
-4 0.0
-11 0.0
-7 0.008496817465632264
-16 0.0
8 0.12320385325166783
8 0.0
5 0.14019748818293234
5 0.0
25 0.14019748818293234
22 0.0
10 0.0
-7 0.0
-11 0.0
-14 0.0
22 0.0
10 0.0
10 0.0
-14 0.0
-26 0.0
1 0.0
-2 0.0
10 0.0
5 0.0
-7 0.0
-11 0.0
-14 0.0
-26 0.0
13 0.004248408732816132
20 0.004248408732816132
17 0.004248408732816132
1 0.0
-11 0.0
-4 0.008496817465632264
-7 0.004248408732816132
22 0.11470703578603557
10 0.0
22 0.0
10 0.0
17 0.1444458969157485
5 0.0
17 0.0
5 0.0
18 0.14019748818293234
22 0.0
10 0.0
-2 0.0
-14 0.0
-18 0.0
22 0.0
10 0.0
-18 0.0
-30 0.0
1 0.0
-2 0.0
6 0.0
-6 0.0
-11 0.0
-14 0.0
-30 0.0
13 0.004248408732816132
6 0.0
-6 0.004248408732816132
-18 0.004248408732816132
10 0.0
-11 0.008496817465632264
-14 0.0
20 0.386605194686268
23 0.0
11 0.0
-7 0.0
-13 0.0
-11 0.0
23 0.0
11 0.0
11 0.0
-13 0.0
-23 0.0
-1 0.0
11 0.0
5 0.0
-4 0.0
-7 0.0
-13 0.0
-23 0.0
8 0.004248408732816132
13 0.0
17 0.0
-11 0.0
-4 0.004248408732816132
-16 0.0
-7 0.008496817465632264
23 0.12320385325166783
11 0.0
23 0.0
11 0.0
11 0.0
17 0.1444458969157485
5 0.0
17 0.0
5 0.0
5 0.0
12 0.14019748818293234
24 0.0
12 0.0
0 0.0
-4 0.0
-12 0.0
-19 0.0
24 0.0
20 0.0
12 0.0
12 0.0
-12 0.0
-24 0.0
0 0.0
12 0.0
5 0.0
-4 0.0
-7 0.0
-12 0.0
-24 0.0
-24 0.0
-12 0.0
8 0.004248408732816132
0 0.0
-12 0.004248408732816132
-24 0.0
-19 0.0
5 0.0
-16 0.008496817465632264
24 0.836936520364778
12 0.0
7 0.0
4 0.0
0 0.0
-5 0.0
-12 0.0
-17 0.0
-24 0.0
12 0.0
7 0.0
4 0.0
7 0.0
4 0.0
-12 0.0
-24 0.0
0 0.0
-5 0.0
-8 0.0
4 0.0
0 0.0
-5 0.0
-8 0.0
-12 0.0
-24 0.0
-24 0.0
-12 0.0
16 0.004248408732816132
12 0.008496817465632264
19 0.0
-8 0.0
-12 0.0
0 0.0
-5 0.004248408732816132
17 0.7604651631740876
17 0.0
8 0.0
5 0.0
0 0.0
-7 0.0
-31 0.0
-12 0.0
-4 0.0
-24 0.0
-31 0.0
17 0.0
8 0.0
5 0.0
8 0.0
5 0.0
-19 0.0
-31 0.0
-4 0.0
-7 0.0
-12 0.0
5 0.0
-4 0.0
-7 0.0
-19 0.0
-31 0.0
-19 0.0
-12 0.0
5 0.008496817465632264
8 0.0
12 0.0
-7 0.012745226198448395
-19 0.0
-12 0.0
-16 0.0
17 0.41634405581598094
17 0.0
5 0.0
12 0.012745226198448395
0 0.0
-7 0.0
-9 0.016993634931264528
8 0.12745226198448395
15 0.05098090479379358
3 0.0
-19 0.033987269862529056
5 0.02124204366408066
15 0.15294271438138074
17 0.0
5 0.0
6 0.004248408732816132
-11 0.012745226198448395
-2 0.0
-6 0.004248408732816132
10 0.12745226198448395
13 0.04673249606097745
1 0.0
-19 0.02549045239689679
3 0.04248408732816132
13 0.12320385325166783
17 0.0
5 0.0
5 0.004248408732816132
-4 0.008496817465632264
13 0.004248408732816132
-7 0.0
-13 0.004248408732816132
-7 0.004248408732816132
8 0.12745226198448395
8 0.012745226198448395
12 0.033987269862529056
0 0.0
-19 0.004248408732816132
1 0.05098090479379358
12 0.1444458969157485
5 0.0
-4 0.0
17 0.0
5 0.0
-12 0.004248408732816132
-7 0.0
8 0.1317006707173001
0 0.12320385325166783
1 0.1317006707173001
10 0.0
5 0.0
-7 0.0
-6 0.008496817465632264
-11 0.0
-14 0.004248408732816132
6 0.12320385325166783
-26 0.055229313526609716
-2 0.008496817465632264
-14 0.0
-2 0.055229313526609716
8 0.14019748818293234
0 0.0
5 0.0
-7 0.0
-7 0.008496817465632264
-12 0.008496817465632264
-16 0.0
5 0.12745226198448395
-4 0.11045862705321943
-12 0.13594907945011622
-8 0.0
7 0.008496817465632264
-2 0.0
0 0.0
-12 0.0
-14 0.008496817465632264
0 0.1062102183204033
-24 0.06372613099224197
-5 0.06372613099224197
5 0.161439531847013
5 0.0
-7 0.0
-4 0.004248408732816132
-19 0.016993634931264528
-19 0.18268157551109368
-7 0.20392361917517432
-7 0.0
-19 0.0
-7 0.0
-19 0.0
-7 0.0
-19 0.0
-9 0.20392361917517432
-9 0.0
-21 0.0
-9 0.0
-21 0.0
-7 0.20392361917517432
-11 0.0
-23 0.0
-11 0.0
-23 0.0
-11 0.20392361917517432
-7 0.20392361917517432
-7 0.0
-9 0.0
-19 0.0
-12 0.20817202790799047
-12 0.0
-24 0.0
-12 0.0
-24 0.0
-7 0.20392361917517432
-14 0.0
-26 0.0
-14 0.0
-26 0.0
-7 0.40784723835034864
-11 0.0
-7 0.0
-11 0.0
-19 0.0
-15 0.20392361917517432
-27 0.0
-15 0.0
-27 0.0
-14 0.029738861129712923
-26 0.008496817465632264
-23 0.038235678595345185
-11 0.02124204366408066
-7 0.038235678595345185
-19 0.016993634931264528
-4 0.055229313526609716
-16 0.0
-28 0.0
-16 0.0
-28 0.0
-16 0.012745226198448395
-18 0.17843316677827753
-30 0.0
-18 0.0
-30 0.0
-19 0.19117839297672592
-31 0.0
-19 0.0
-31 0.0
-21 0.19117839297672592
-33 0.0
-21 0.0
-33 0.0
-4 0.19117839297672592
-23 0.0
-35 0.0
-23 0.0
-35 0.0
-7 0.0
-11 0.0
-19 0.0
-23 0.0
-35 0.0
-23 0.0
-23 0.008496817465632264
-19 0.008496817465632264
-16 0.0
-11 0.004248408732816132
-28 0.0
-7 0.0
-37 0.22941407157207114
-26 0.4248408732816132
-19 0.0
-23 0.0
-4 0.19542680170954208
-19 0.012745226198448395
-28 0.0
-7 0.0
-16 0.004248408732816132
-11 0.004248408732816132
-23 0.008496817465632264
-35 0.161439531847013
-26 0.41634405581598094
-19 0.004248408732816132
-23 0.004248408732816132
-19 0.20392361917517432
-4 0.0
-28 0.004248408732816132
-23 0.0
-7 0.004248408732816132
-16 0.0
-11 0.008496817465632264
-35 0.18268157551109368
-26 0.42059246454879706
-23 0.012745226198448395
-19 0.0
-28 0.1996752104423582
-4 0.004248408732816132
-7 0.008496817465632264
-19 0.0
-23 0.0
-16 0.004248408732816132
-11 0.0
-35 0.1869299842439098
-4 0.4290892820144293
-23 0.0
-28 0.0
-7 0.0
-11 0.0
-19 0.0
-23 0.0
-23 0.0
-7 0.004248408732816132
-26 0.004248408732816132
-19 0.0
-23 0.0
-11 0.0
-16 0.008496817465632264
-23 0.08921658338913876
-28 0.0
-7 0.0
-11 0.0
-19 0.0
-23 0.0
-4 0.1062102183204033
-23 0.0
-28 0.0
-7 0.0
-11 0.0
-19 0.0
-23 0.0
-23 0.0
-19 0.004248408732816132
-7 0.0
-11 0.004248408732816132
-16 0.0
-28 0.0
-23 0.008496817465632264
-11 0.18268157551109368
-2 0.0
-7 0.008496817465632264
-35 0.004248408732816132
-14 0.0
-2 0.386605194686268
-23 0.0
-28 0.0
-7 0.0
-11 0.0
-19 0.0
-23 0.0
-23 0.0
-14 0.004248408732816132
-11 0.0
-7 0.0
-26 0.012745226198448395
-19 0.004248408732816132
-23 0.0
-23 0.06372613099224197
-28 0.0
-7 0.0
-11 0.0
-19 0.0
-23 0.0
-2 0.08496817465632264
-7 0.0
-19 0.0
-11 0.0
-23 0.0
-28 0.0
-7 0.0
-11 0.0
-19 0.0
-23 0.0
-23 0.0
-14 0.004248408732816132
-28 0.0
-23 0.008496817465632264
-35 0.15294271438138074
1 0.0
-11 0.004248408732816132
-4 0.004248408732816132
-7 0.012745226198448395
1 0.28464338509868087
-23 0.0
-28 0.0
-7 0.0
-11 0.0
-19 0.0
-23 0.0
-23 0.0
-11 0.012745226198448395
-4 0.004248408732816132
-26 0.0
-7 0.004248408732816132
-19 0.0
-23 0.012745226198448395
-23 0.05098090479379358
-28 0.0
-7 0.0
-11 0.0
-19 0.0
-23 0.0
-11 0.0807197659235065
1 0.004248408732816132
-23 0.0
-28 0.0
-7 0.0
-11 0.0
-19 0.0
-23 0.0
-23 0.0
-23 0.008496817465632264
-19 0.004248408732816132
-4 0.0
-28 0.0
5 0.1571911231141969
-7 0.0
-4 0.0
1 0.0
-35 0.008496817465632264
5 0.32712747242684215
-23 0.0
-28 0.0
-7 0.0
-11 0.0
-19 0.0
-23 0.0
-23 0.0
1 0.004248408732816132
-7 0.0
-26 0.0
-4 0.008496817465632264
-19 0.004248408732816132
-23 0.0
-23 0.06797453972505811
-28 0.0
-7 0.0
-11 0.0
-19 0.0
-23 0.0
1 0.07647135719069037
-23 0.0
5 0.004248408732816132
-7 0.0
-19 0.0
-23 0.0
-28 0.0
-7 0.0
-11 0.0
-19 0.0
-23 0.0
-23 0.0
-28 0.004248408732816132
-23 0.09771340085477104
-35 0.05098090479379358
8 0.004248408732816132
-4 0.0
5 0.008496817465632264
1 0.0
10 0.3058854287627615
-23 0.0
-28 0.0
-7 0.0
-11 0.0
-19 0.0
-23 0.0
-23 0.0
5 0.004248408732816132
-2 0.0
1 0.0
-24 0.008496817465632264
-19 0.004248408732816132
-12 0.0
-23 0.07222294845787425
-28 0.0
-7 0.0
-11 0.0
-19 0.0
-23 0.0
5 0.0807197659235065
10 0.004248408732816132
1 0.0
-11 0.0
-11 0.0
-23 0.0
-23 0.0
-28 0.0
-7 0.0
-11 0.0
-19 0.0
-23 0.0
-23 0.0
-2 0.008496817465632264
-19 0.0
-23 0.0
8 0.1741847580454614
5 0.0
-35 0.0
-4 0.008496817465632264
1 0.0
5 0.3058854287627615
10 0.004248408732816132
1 0.0
-23 0.0
-28 0.0
-7 0.0
-11 0.0
-19 0.0
-23 0.0
-2 0.004248408732816132
-23 0.0
-11 0.004248408732816132
-19 0.008496817465632264
-23 0.07222294845787425
-28 0.0
-7 0.0
-11 0.0
-19 0.0
-23 0.0
5 0.06797453972505811
-12 0.008496817465632264
-23 0.0
-19 0.004248408732816132
8 0.004248408732816132
1 0.0
-12 0.0
-24 0.0
-23 0.0
-28 0.0
-7 0.0
-11 0.0
-19 0.0
-23 0.0
-23 0.0
-4 0.012745226198448395
-24 0.0
-35 0.1571911231141969
5 0.004248408732816132
-7 0.008496817465632264
1 0.0
8 0.30163702002994536
-23 0.0
-28 0.0
-7 0.0
-11 0.0
-19 0.0
-23 0.0
-23 0.0
-4 0.004248408732816132
5 0.0
1 0.0
-23 0.004248408732816132
-19 0.008496817465632264
-24 0.0
-12 0.0
-23 0.06372613099224197
-28 0.0
-7 0.0
-11 0.0
-19 0.0
-23 0.0
1 0.0934649921219549
8 0.0
-13 0.0
-25 0.0
-23 0.0
-28 0.0
-7 0.0
-11 0.0
-19 0.0
-23 0.0
-23 0.0
-4 0.012745226198448395
-23 0.0
5 0.004248408732816132
-13 0.0
-19 0.004248408732816132
-25 0.004248408732816132
1 0.161439531847013
-35 0.0
3 0.004248408732816132
-9 0.0
5 0.30163702002994536
-13 0.0
-23 0.0
-28 0.0
-7 0.0
-11 0.0
-19 0.0
-23 0.0
-23 0.0
1 0.008496817465632264
-7 0.0
-19 0.004248408732816132
-25 0.0
-23 0.0
-23 0.07647135719069037
-28 0.0
-7 0.0
-11 0.0
-19 0.0
-23 0.0
-23 0.0807197659235065
5 0.008496817465632264
-19 0.0
-14 0.0
-14 0.0
-26 0.0
-23 0.0
-26 0.0
-7 0.0
-11 0.0
-19 0.0
-23 0.0
-23 0.0
-7 0.004248408732816132
1 0.008496817465632264
-26 0.0
1 0.161439531847013
-11 0.0
-35 0.0
-7 0.004248408732816132
5 0.31013383749557766
-23 0.0
-26 0.0
-7 0.0
-11 0.0
-19 0.0
-23 0.0
-23 0.0
1 0.004248408732816132
-7 0.0
-14 0.004248408732816132
-19 0.004248408732816132
-23 0.0
-26 0.008496817465632264
-23 0.06372613099224197
-26 0.0
-7 0.0
-11 0.0
-19 0.0
-23 0.0
5 0.08496817465632264
-15 0.0
-27 0.0
-23 0.0
-27 0.0
-7 0.0
-11 0.0
-19 0.0
-23 0.0
-23 0.0
0 0.004248408732816132
-7 0.004248408732816132
-19 0.0
-15 0.004248408732816132
-23 0.0
-27 0.0
0 0.16568794057982913
-12 0.012745226198448395
-7 0.0
-35 0.004248408732816132
1 0.30163702002994536
-23 0.0
-27 0.0
-7 0.0
-11 0.0
-19 0.0
-23 0.0
-23 0.0
-11 0.004248408732816132
-19 0.0
-7 0.008496817465632264
-27 0.0
-15 0.0
-23 0.008496817465632264
-23 0.07222294845787425
-27 0.0
-7 0.0
-11 0.0
-19 0.0
-23 0.0
1 0.08921658338913876
-16 0.0
-28 0.0
13 0.0
-16 0.0
-28 0.0
-8 0.0
-11 0.0
-20 0.0
-23 0.0
-23 0.0
-20 0.004248408732816132
-16 0.0
-23 0.004248408732816132
-11 0.0
-8 0.004248408732816132
-28 0.012745226198448395
11 0.08496817465632264
-35 0.06372613099224197
-1 0.008496817465632264
-13 0.008496817465632264
-8 0.004248408732816132
8 0.029738861129712923
11 0.11045862705321943
1 0.16568794057982913
-16 0.0
-28 0.0
-8 0.0
-11 0.0
-20 0.0
-23 0.0
-23 0.0
-8 0.012745226198448395
-11 0.0
-16 0.004248408732816132
-20 0.0
-28 0.0
-23 0.0
-16 0.06797453972505811
-28 0.0
-8 0.0
-11 0.0
-20 0.0
-23 0.0
1 0.08496817465632264
-17 0.0
-17 0.0
-28 0.0
-9 0.0
-11 0.0
-21 0.0
-23 0.0
-23 0.0
-23 0.012745226198448395
-21 0.0
-11 0.004248408732816132
-17 0.0
-9 0.004248408732816132
-28 0.0
9 0.08921658338913876
-35 0.059477722259425846
-3 0.012745226198448395
-11 0.004248408732816132
-9 0.012745226198448395
3 0.02124204366408066
9 0.11045862705321943
1 0.1571911231141969
-17 0.0
-28 0.0
-9 0.0
-11 0.0
-21 0.0
-23 0.0
-23 0.0
-9 0.008496817465632264
-11 0.004248408732816132
-28 0.008496817465632264
-21 0.0
-17 0.0
-23 0.02124204366408066
-17 0.04248408732816132
-28 0.0
-9 0.0
-11 0.0
-21 0.0
-23 0.0
1 0.08496817465632264
-18 0.0
-18 0.0
-28 0.0
-9 0.0
-11 0.0
-21 0.0
-23 0.0
-23 0.0
-18 0.008496817465632264
-11 0.004248408732816132
-28 0.0
-21 0.004248408732816132
-9 0.0
-23 0.0
-23 0.012745226198448395
8 0.08921658338913876
-35 0.06797453972505811
-9 0.004248408732816132
-11 0.008496817465632264
-4 0.02124204366408066
1 0.012745226198448395
6 0.11470703578603557
1 0.11470703578603557
1 0.04248408732816132
-18 0.0
-28 0.0
-11 0.0
-23 0.0
-23 0.0
-23 0.0
-11 0.012745226198448395
-9 0.004248408732816132
-28 0.004248408732816132
-18 0.0
-21 0.004248408732816132
-23 0.0
-4 0.04673249606097745
-18 0.02124204366408066
-28 0.0
-11 0.0
-23 0.0
-23 0.0
1 0.0934649921219549
-19 0.0
-19 0.0
-28 0.0
-11 0.0
-23 0.0
-23 0.0
-23 0.0
-19 0.004248408732816132
-23 0.0
-11 0.0
-28 0.0
1 0.0
-7 0.004248408732816132
-35 0.14869430564856462
-26 0.3483695160909228
-19 0.0
-23 0.008496817465632264
-4 0.161439531847013
-11 0.008496817465632264
-16 0.0
-7 0.0
-19 0.0
-28 0.0
-23 0.012745226198448395
-35 0.14869430564856462
-26 0.33987269862529057
-19 0.004248408732816132
-23 0.016993634931264528
-4 0.14869430564856462
-28 0.004248408732816132
-19 0.004248408732816132
-7 0.0
-11 0.0
-16 0.004248408732816132
-23 0.0
-35 0.1444458969157485
-26 0.322879063694026
-19 0.008496817465632264
-23 0.004248408732816132
-4 0.1571911231141969
-19 0.008496817465632264
-23 0.0
-16 0.008496817465632264
-11 0.0
-7 0.0
-28 0.0
-35 0.14869430564856462
-4 0.33137588115965827
-26 0.0
-23 0.0
-28 0.0
-7 0.0
-11 0.0
-19 0.0
-23 0.0
-19 0.004248408732816132
-16 0.0
-23 0.0
-7 0.004248408732816132
-11 0.0
-23 0.06797453972505811
-28 0.0
-7 0.0
-11 0.0
-19 0.0
-23 0.0
-4 0.0807197659235065
-23 0.0
-28 0.0
-7 0.0
-11 0.0
-19 0.0
-23 0.0
-16 0.004248408732816132
-7 0.0
-19 0.008496817465632264
-28 0.0
-23 0.0
-11 0.008496817465632264
-35 0.15294271438138074
1 0.008496817465632264
-11 0.004248408732816132
-4 0.008496817465632264
-7 0.0
1 0.29738861129712924
-23 0.0
-28 0.0
-7 0.0
-11 0.0
-19 0.0
-23 0.0
-11 0.008496817465632264
-4 0.004248408732816132
-7 0.0
-26 0.004248408732816132
-23 0.004248408732816132
-19 0.008496817465632264
-23 0.055229313526609716
-28 0.0
-7 0.0
-11 0.0
-19 0.0
-23 0.0
-11 0.0807197659235065
1 0.004248408732816132
-23 0.0
-28 0.0
-7 0.0
-11 0.0
-19 0.0
-23 0.0
-7 0.008496817465632264
-4 0.0
-23 0.0
-19 0.004248408732816132
-28 0.0
5 0.15294271438138074
1 0.0
-35 0.004248408732816132
-4 0.0
1 0.17843316677827753
5 0.1317006707173001
1 0.0
-7 0.0
-23 0.0
-28 0.0
-7 0.0
-11 0.0
-19 0.0
-23 0.0
-4 0.004248408732816132
-19 0.0
-23 0.004248408732816132
-14 0.0
-26 0.012745226198448395
-23 0.059477722259425846
-28 0.0
-7 0.0
-11 0.0
-19 0.0
-23 0.0
1 0.08496817465632264
5 0.0
-23 0.0
-28 0.0
-7 0.0
-11 0.0
-19 0.0
-23 0.0
-7 0.004248408732816132
-23 0.004248408732816132
-16 0.0
-19 0.0
-28 0.02124204366408066
8 0.1444458969157485
-35 0.0
1 0.0
5 0.008496817465632264
-4 0.0
8 0.29738861129712924
-23 0.0
-28 0.0
-7 0.0
-11 0.0
-19 0.0
-23 0.0
1 0.008496817465632264
-4 0.0
5 0.004248408732816132
-26 0.0
-19 0.004248408732816132
-14 0.0
-23 0.07222294845787425
-28 0.0
-7 0.0
-11 0.0
-19 0.0
-23 0.0
8 0.08921658338913876
-23 0.0
-28 0.0
-7 0.0
-11 0.0
-19 0.0
-23 0.0
5 0.004248408732816132
-4 0.0
1 0.0
-19 0.004248408732816132
-23 0.004248408732816132
-16 0.0
-28 0.02124204366408066
13 0.16568794057982913
8 0.004248408732816132
1 0.0
5 0.0
-35 0.008496817465632264
12 0.288891793831497
-23 0.0
-28 0.0
-7 0.0
-11 0.0
-19 0.0
-23 0.0
0 0.008496817465632264
8 0.004248408732816132
-9 0.016993634931264528
5 0.0
-21 0.004248408732816132
-16 0.004248408732816132
-23 0.06372613099224197
-28 0.0
-7 0.0
-11 0.0
-19 0.0
-23 0.0
10 0.09771340085477104
-11 0.0
-23 0.0
-23 0.0
-28 0.0
-7 0.0
-11 0.0
-19 0.0
-23 0.0
5 0.004248408732816132
-2 0.0
-16 0.0
-11 0.004248408732816132
1 0.004248408732816132
-23 0.0
-19 0.008496817465632264
5 0.161439531847013
8 0.008496817465632264
-4 0.004248408732816132
1 0.004248408732816132
10 0.2931402025643131
-23 0.0
-28 0.0
-7 0.0
-11 0.0
-19 0.0
-23 0.0
5 0.008496817465632264
-2 0.0
1 0.008496817465632264
-18 0.004248408732816132
-11 0.004248408732816132
-22 0.016993634931264528
-19 0.016993634931264528
-23 0.033987269862529056
-28 0.0
-7 0.0
-11 0.0
-19 0.0
-23 0.0
10 0.0934649921219549
-12 0.0
-24 0.0
-23 0.0
-28 0.0
-7 0.0
-11 0.0
-19 0.0
-23 0.0
-19 0.004248408732816132
1 0.004248408732816132
-2 0.0
5 0.0
-12 0.004248408732816132
-24 0.0
-32 0.17843316677827753
5 0.004248408732816132
1 0.008496817465632264
-7 0.008496817465632264
8 0.30163702002994536
-23 0.0
-28 0.0
-7 0.0
-11 0.0
-19 0.0
-23 0.0
-4 0.004248408732816132
5 0.004248408732816132
1 0.0
-12 0.008496817465632264
-24 0.004248408732816132
-19 0.0
-23 0.008496817465632264
-23 0.06372613099224197
-28 0.0
-7 0.0
-11 0.0
-19 0.0
-23 0.0
8 0.0934649921219549
-4 0.0
1 0.0
-13 0.0
-25 0.0
-23 0.0
-28 0.0
-7 0.0
-11 0.0
-19 0.0
-23 0.0
-25 0.004248408732816132
-23 0.0
5 0.0
-19 0.016993634931264528
-13 0.0
6 0.16993634931264529
1 0.0
-6 0.0
-32 0.0
8 0.31013383749557766
-23 0.0
-28 0.0
-7 0.0
-11 0.0
-19 0.0
-23 0.0
-4 0.008496817465632264
5 0.0
1 0.0
-13 0.004248408732816132
-23 0.0
-19 0.016993634931264528
-23 0.055229313526609716
-28 0.0
-7 0.0
-11 0.0
-19 0.0
-23 0.0
8 0.08496817465632264
1 0.0
-19 0.0
-14 0.0
-26 0.0
-23 0.0
-26 0.0
-7 0.0
-11 0.0
-19 0.0
-23 0.0
-23 0.012745226198448395
-4 0.0
-26 0.0
-14 0.004248408732816132
3 0.1741847580454614
-35 0.0
-9 0.008496817465632264
1 0.0
6 0.3058854287627615
-23 0.0
-26 0.0
-6 0.0
-11 0.0
-18 0.0
-23 0.0
1 0.012745226198448395
-6 0.0
-23 0.004248408732816132
-14 0.0
-26 0.0
-23 0.0807197659235065
-26 0.0
-6 0.0
-11 0.0
-18 0.0
-23 0.0
6 0.09771340085477104
-15 0.0
-27 0.0
-23 0.0
-27 0.0
-6 0.0
-11 0.0
-18 0.0
-23 0.0
-6 0.008496817465632264
1 0.0
-15 0.0
-23 0.004248408732816132
-27 0.0
1 0.16568794057982913
-6 0.0
-11 0.004248408732816132
-35 0.004248408732816132
17 0.1571911231141969
5 0.0
15 0.11470703578603557
3 0.0
5 0.04673249606097745
-23 0.0
-27 0.0
-7 0.0
-11 0.0
-19 0.0
-23 0.0
1 0.004248408732816132
-7 0.0
-15 0.016993634931264528
-23 0.004248408732816132
9 0.04248408732816132
-3 0.0
-23 0.02124204366408066
-27 0.0
-7 0.0
-11 0.0
-19 0.0
-23 0.0
5 0.0934649921219549
-16 0.0
-28 0.0
13 0.0
1 0.0
-16 0.0
-28 0.0
-7 0.0
-11 0.0
-19 0.0
-23 0.0
0 0.004248408732816132
-23 0.0
-7 0.0
-16 0.004248408732816132
-28 0.004248408732816132
-35 0.14869430564856462
0 0.02124204366408066
-12 0.008496817465632264
-7 0.0
11 0.2549045239689679
-1 0.0
1 0.04673249606097745
-16 0.0
-28 0.0
-7 0.0
-11 0.0
-19 0.0
-23 0.0
-11 0.004248408732816132
-7 0.004248408732816132
-16 0.008496817465632264
-23 0.0
-28 0.004248408732816132
5 0.04248408732816132
-7 0.0
-16 0.02549045239689679
-28 0.0
-7 0.0
-11 0.0
-19 0.0
-23 0.0
1 0.08496817465632264
-17 0.0
11 0.0
-1 0.0
-17 0.0
-28 0.0
-8 0.0
-11 0.0
-20 0.0
-23 0.0
-11 0.012745226198448395
-23 0.0
-17 0.004248408732816132
-8 0.0
-28 0.0
-35 0.1571911231141969
-1 0.02124204366408066
-13 0.008496817465632264
-8 0.004248408732816132
9 0.259152932701784
-3 0.0
1 0.038235678595345185
-17 0.0
-28 0.0
-8 0.0
-11 0.0
-20 0.0
-23 0.0
-11 0.008496817465632264
-8 0.008496817465632264
-23 0.0
-17 0.004248408732816132
-28 0.004248408732816132
4 0.055229313526609716
-8 0.0
-17 0.012745226198448395
-28 0.0
-8 0.0
-11 0.0
-20 0.0
-23 0.0
1 0.0934649921219549
-18 0.0
-18 0.0
-18 0.0
-28 0.0
-9 0.0
-11 0.0
-21 0.0
-23 0.0
-9 0.008496817465632264
-11 0.0
-23 0.0
-28 0.0
8 0.0
8 0.0
-4 0.0
-35 0.18268157551109368
-3 0.008496817465632264
-11 0.004248408732816132
-9 0.012745226198448395
6 0.2634013414346002
-6 0.0
1 0.038235678595345185
-18 0.0
-28 0.0
-9 0.0
-11 0.0
-21 0.0
-23 0.0
-11 0.016993634931264528
-9 0.004248408732816132
-28 0.004248408732816132
-21 0.008496817465632264
-18 0.004248408732816132
-23 0.004248408732816132
1 0.038235678595345185
-11 0.0
-18 0.016993634931264528
-28 0.0
-9 0.0
-11 0.0
-21 0.0
-23 0.0
1 0.09771340085477104
-19 0.0
-19 0.0
-28 0.0
-11 0.0
-23 0.0
-23 0.0
5 0.004248408732816132
-7 0.0
-11 0.004248408732816132
-23 0.004248408732816132
-28 0.0
-19 0.004248408732816132
-7 0.0
-4 0.004248408732816132
1 0.09771340085477104
-11 0.0
-35 0.04673249606097745
-4 0.07222294845787425
-16 0.0
1 0.11470703578603557
-11 0.0
-19 0.1571911231141969
-26 0.0
-23 0.008496817465632264
-4 0.1741847580454614
-16 0.016993634931264528
-23 0.0
-28 0.0
-19 0.0
-11 0.004248408732816132
-7 0.0
-35 0.14869430564856462
-19 0.36111474228937124
-11 0.0
-28 0.0
-7 0.0
-11 0.0
-19 0.0
-23 0.0
-23 0.004248408732816132
-26 0.0
-11 0.08496817465632264
-28 0.0
-7 0.0
-11 0.0
-19 0.0
-23 0.0
-2 0.08921658338913876
-11 0.0
-28 0.0
-7 0.0
-11 0.0
-19 0.0
-23 0.0
-14 0.008496817465632264
-11 0.004248408732816132
-7 0.0
-19 0.0
-28 0.0
-23 0.004248408732816132
-35 0.16568794057982913
-19 0.36111474228937124
-26 0.0
-23 0.004248408732816132
-1 0.161439531847013
-13 0.004248408732816132
-19 0.0
-7 0.0
-23 0.0
-11 0.0
-28 0.008496817465632264
-35 0.161439531847013
-23 0.35686633355655506
-19 0.0
-16 0.004248408732816132
-11 0.0
-28 0.0
-7 0.0
-11 0.0
-19 0.0
-23 0.0
-11 0.08496817465632264
-28 0.0
-7 0.0
-11 0.0
-19 0.0
-23 0.0
0 0.08496817465632264
-12 0.0
-28 0.0
-7 0.0
-12 0.0
-19 0.0
-24 0.0
-12 0.004248408732816132
-4 0.004248408732816132
-16 0.0
-24 0.0
-7 0.008496817465632264
-19 0.004248408732816132
0 0.0934649921219549
0 0.0
-36 0.0807197659235065
0 0.038235678595345185
0 0.0
-7 0.11470703578603557
-12 0.0
-16 0.0
-24 0.0
5 0.0
5 0.0
-17 0.17843316677827753
-14 0.004248408732816132
-23 0.0
0 0.16993634931264529
-24 0.004248408732816132
-12 0.004248408732816132
-14 0.008496817465632264
-17 0.0
-2 0.0
-5 0.0
0 0.161439531847013
0 0.0
-36 0.033987269862529056
-5 0.1444458969157485
-12 0.0
-24 0.0
-14 0.0
7 0.0
7 0.0
0 0.17843316677827753
0 0.0
0 0.0
-23 0.012745226198448395
-12 0.0
-19 0.0
-4 0.004248408732816132
-16 0.0
-7 0.004248408732816132
-12 0.15294271438138074
0 0.0
-4 0.0
-16 0.0
-7 0.0
-12 0.0
-16 0.0
-19 0.0
5 0.0
5 0.0
-24 0.008496817465632264
5 0.17843316677827753
0 0.004248408732816132
-7 0.0
-4 0.0
-31 0.016993634931264528
5 0.3143822462283938
-7 0.0
-4 0.004248408732816132
0 0.0
-23 0.004248408732816132
-19 0.012745226198448395
-16 0.004248408732816132
0 0.14019748818293234
5 0.0
-24 0.004248408732816132
-7 0.0
-16 0.004248408732816132
8 0.16568794057982913
-4 0.004248408732816132
0 0.0
5 0.012745226198448395
-31 0.0
8 0.31013383749557766
-19 0.0
-24 0.0
-4 0.0
-7 0.0
-16 0.0
-19 0.0
-4 0.008496817465632264
5 0.0
0 0.004248408732816132
-23 0.0
-19 0.004248408732816132
-16 0.0
-19 0.06372613099224197
-24 0.0
-4 0.0
-7 0.0
-16 0.0
-19 0.0
-19 0.0807197659235065
-24 0.0
-4 0.0
-7 0.0
-16 0.0
-19 0.0
8 0.008496817465632264
-4 0.0
5 0.008496817465632264
-16 0.0
-24 0.0
0 0.004248408732816132
12 0.1571911231141969
0 0.0
8 0.008496817465632264
5 0.004248408732816132
-31 0.016993634931264528
12 0.288891793831497
0 0.008496817465632264
8 0.0
-11 0.0
5 0.004248408732816132
-23 0.004248408732816132
-16 0.004248408732816132
-19 0.008496817465632264
12 0.14019748818293234
8 0.008496817465632264
0 0.0
-19 0.004248408732816132
-12 0.0
-16 0.0
5 0.008496817465632264
-24 0.0
12 0.1869299842439098
17 0.004248408732816132
5 0.008496817465632264
8 0.0
-31 0.02124204366408066
15 0.30163702002994536
12 0.0
-19 0.0
-24 0.0
-4 0.0
-7 0.0
-16 0.0
-19 0.0
3 0.004248408732816132
8 0.004248408732816132
-5 0.012745226198448395
-17 0.008496817465632264
-16 0.0
-12 0.008496817465632264
-19 0.06372613099224197
-24 0.0
-4 0.0
-7 0.0
-16 0.0
-19 0.0
13 0.1062102183204033
-7 0.0
-19 0.0
-19 0.0
-24 0.0
-4 0.0
-7 0.0
-19 0.0
-19 0.0
1 0.004248408732816132
8 0.0
-12 0.004248408732816132
-16 0.0
-19 0.0
-7 0.02124204366408066
12 0.1869299842439098
8 0.0
0 0.004248408732816132
-31 0.004248408732816132
13 0.288891793831497
-19 0.0
-24 0.0
-4 0.0
-7 0.0
-16 0.0
-19 0.0
1 0.004248408732816132
8 0.012745226198448395
-7 0.0
-16 0.0
-12 0.0
-19 0.004248408732816132
-19 0.06797453972505811
-24 0.0
-4 0.0
-7 0.0
-16 0.0
-19 0.0
13 0.08921658338913876
-8 0.0
-20 0.0
-20 0.0
-24 0.0
-4 0.0
-8 0.0
-16 0.0
-19 0.0
-16 0.012745226198448395
1 0.0
-12 0.0
8 0.004248408732816132
-8 0.0
-20 0.0
8 0.1741847580454614
-4 0.008496817465632264
4 0.004248408732816132
-31 0.008496817465632264
12 0.29738861129712924
-20 0.0
-24 0.0
-4 0.0
-8 0.0
-16 0.0
-19 0.0
0 0.008496817465632264
8 0.004248408732816132
-20 0.008496817465632264
-8 0.0
4 0.008496817465632264
-16 0.004248408732816132
-12 0.0
-20 0.059477722259425846
-24 0.0
-4 0.0
-8 0.0
-16 0.0
-19 0.0
12 0.0934649921219549
-9 0.0
-21 0.0
-19 0.0
-24 0.0
-4 0.0
-9 0.0
-16 0.0
-19 0.0
0 0.012745226198448395
8 0.0
5 0.0
-9 0.004248408732816132
-16 0.0
-12 0.0
-21 0.02549045239689679
10 0.14869430564856462
10 0.004248408732816132
-2 0.008496817465632264
5 0.0
-2 0.004248408732816132
-31 0.0
12 0.322879063694026
-19 0.0
-24 0.0
-4 0.0
-9 0.0
-16 0.0
-19 0.0
-9 0.004248408732816132
-12 0.0
0 0.008496817465632264
-16 0.0
3 0.004248408732816132
8 0.0
-21 0.0
-19 0.07647135719069037
-24 0.0
-4 0.0
-9 0.0
-16 0.0
-19 0.0
12 0.0934649921219549
8 0.0
-10 0.0
-22 0.0
-19 0.0
-22 0.0
-5 0.0
-10 0.0
-17 0.0
-19 0.0
5 0.008496817465632264
0 0.0
-19 0.008496817465632264
-10 0.004248408732816132
-22 0.004248408732816132
7 0.18268157551109368
-5 0.004248408732816132
-31 0.004248408732816132
5 0.0
10 0.33562428989247445
-10 0.0
-22 0.0
-19 0.0
-22 0.0
-5 0.0
-10 0.0
-17 0.0
-19 0.0
-2 0.004248408732816132
5 0.004248408732816132
-19 0.0
-19 0.0807197659235065
-22 0.0
-5 0.0
-10 0.0
-17 0.0
-19 0.0
-19 0.0807197659235065
-11 0.004248408732816132
10 0.004248408732816132
-23 0.0
-11 0.0
-23 0.0
20 0.0
8 0.0
-19 0.0
-23 0.0
-4 0.0
-11 0.0
-16 0.0
-19 0.0
-2 0.008496817465632264
5 0.0
17 0.11470703578603557
5 0.0
5 0.0807197659235065
-31 0.0
-7 0.004248408732816132
-2 0.0
13 0.033987269862529056
1 0.0
17 0.11895544451885169
5 0.0
8 0.17843316677827753
-11 0.0
-19 0.0
-23 0.0
-4 0.0
-11 0.0
-16 0.0
-19 0.0
-23 0.004248408732816132
-4 0.0
5 0.0
-19 0.004248408732816132
-19 0.0807197659235065
-23 0.0
-4 0.0
-11 0.0
-16 0.0
-19 0.0
-19 0.08496817465632264
8 0.004248408732816132
3 0.0
-12 0.0
-12 0.0
-24 0.0
-19 0.0
-24 0.0
-4 0.0
-12 0.0
-16 0.0
-19 0.0
-4 0.004248408732816132
-24 0.012745226198448395
15 0.10196180958758716
3 0.0
3 0.08496817465632264
-9 0.004248408732816132
-4 0.004248408732816132
-31 0.0
8 0.02549045239689679
-4 0.0
12 0.11895544451885169
0 0.0
8 0.16993634931264529
-19 0.0
-24 0.0
-4 0.0
-12 0.0
-16 0.0
-19 0.0
-4 0.004248408732816132
3 0.004248408732816132
-12 0.008496817465632264
-19 0.004248408732816132
-24 0.004248408732816132
-19 0.06372613099224197
-24 0.0
-4 0.0
-12 0.0
-16 0.0
-19 0.0
8 0.08921658338913876
-13 0.0
2 0.0
-13 0.0
-19 0.0
-24 0.0
-4 0.0
-13 0.0
-16 0.0
-19 0.0
-19 0.008496817465632264
-4 0.0
-24 0.004248408732816132
11 0.11045862705321943
-1 0.0
2 0.0807197659235065
-10 0.0
-4 0.004248408732816132
-31 0.0
5 0.033987269862529056
-7 0.0
8 0.12320385325166783
8 0.0
-4 0.0
8 0.17843316677827753
-4 0.0
-19 0.0
-24 0.0
-4 0.0
-13 0.0
-16 0.0
-19 0.0
2 0.004248408732816132
-13 0.0
-24 0.004248408732816132
-19 0.008496817465632264
-19 0.07222294845787425
-24 0.0
-4 0.0
-13 0.0
-16 0.0
-19 0.0
8 0.08921658338913876
1 0.0
-14 0.0
-20 0.0
-14 0.0
-20 0.0
-24 0.0
-4 0.0
-14 0.0
-16 0.0
-19 0.0
-4 0.008496817465632264
-24 0.004248408732816132
4 0.11045862705321943
-8 0.0
1 0.08496817465632264
-11 0.0
-4 0.004248408732816132
-31 0.008496817465632264
1 0.02549045239689679
-11 0.0
4 0.12320385325166783
-8 0.0
1 0.11895544451885169
-11 0.0
5 0.05098090479379358
-7 0.0
1 0.0
-20 0.0
-24 0.0
-4 0.0
-14 0.0
-16 0.0
-19 0.0
-14 0.004248408732816132
-20 0.0
-24 0.004248408732816132
-2 0.06372613099224197
-14 0.0
-20 0.02549045239689679
-24 0.0
-4 0.0
-14 0.0
-16 0.0
-19 0.0
5 0.09771340085477104
-16 0.0
-19 0.0
0 0.0
-24 0.0
-16 0.0
5 0.0
-7 0.0
-19 0.0
-24 0.0
-4 0.0
-16 0.0
-19 0.0
-7 0.004248408732816132
-31 0.1869299842439098
-23 0.35686633355655506
0 0.0
-16 0.004248408732816132
-19 0.004248408732816132
-12 0.0
-4 0.004248408732816132
-7 0.012745226198448395
-24 0.15294271438138074
0 0.004248408732816132
-12 0.0
-4 0.0
-16 0.0
-19 0.0
-7 0.016993634931264528
5 0.161439531847013
0 0.004248408732816132
-4 0.0
-7 0.008496817465632264
-31 0.008496817465632264
8 0.3186306549612099
-19 0.0
-24 0.0
-4 0.0
-7 0.0
-16 0.0
-19 0.0
-4 0.004248408732816132
0 0.0
5 0.0
-23 0.004248408732816132
-19 0.0
-16 0.004248408732816132
-19 0.07222294845787425
-24 0.0
-4 0.0
-7 0.0
-16 0.0
-19 0.0
8 0.08496817465632264
-19 0.0
-24 0.0
-4 0.0
-7 0.0
-16 0.0
-19 0.0
-16 0.004248408732816132
-4 0.0
-24 0.0
5 0.004248408732816132
0 0.0
-19 0.0
12 0.18268157551109368
8 0.004248408732816132
0 0.0
5 0.004248408732816132
-31 0.012745226198448395
17 0.30163702002994536
-11 0.004248408732816132
5 0.004248408732816132
12 0.0
-23 0.0
8 0.008496817465632264
-16 0.004248408732816132
-19 0.016993634931264528
17 0.14869430564856462
-12 0.0
-16 0.0
-19 0.0
12 0.004248408732816132
5 0.0
8 0.004248408732816132
-24 0.0
12 0.11470703578603557
0 0.0
20 0.0807197659235065
8 0.008496817465632264
12 0.0
17 0.004248408732816132
-34 0.0
-22 0.004248408732816132
17 0.029738861129712923
5 0.0
20 0.12745226198448395
8 0.0
24 0.12320385325166783
12 0.0
19 0.059477722259425846
-19 0.0
-22 0.0
-4 0.0
-7 0.0
-12 0.0
7 0.004248408732816132
12 0.0
-4 0.012745226198448395
-7 0.0
-12 0.004248408732816132
19 0.04673249606097745
7 0.0
-19 0.029738861129712923
-22 0.0
-4 0.0
-7 0.0
-12 0.0
-4 0.0934649921219549
-12 0.004248408732816132
17 0.0
-4 0.0
-12 0.0
-16 0.0
17 0.0
5 0.0
-16 0.0
-21 0.0
-4 0.0
-9 0.0
-12 0.0
12 0.008496817465632264
8 0.004248408732816132
5 0.0
-7 0.0
15 0.11470703578603557
3 0.0
15 0.0807197659235065
3 0.004248408732816132
8 0.008496817465632264
12 0.0
-33 0.0
-21 0.012745226198448395
12 0.016993634931264528
0 0.0
15 0.12320385325166783
3 0.0
17 0.17843316677827753
-16 0.0
-21 0.0
-4 0.0
-9 0.0
-12 0.0
-12 0.008496817465632264
-4 0.0
12 0.004248408732816132
-7 0.0
5 0.0
8 0.004248408732816132
-16 0.07647135719069037
-21 0.0
-4 0.0
-9 0.0
-12 0.0
17 0.0934649921219549
-5 0.0
-15 0.0
-15 0.0
-21 0.0
-3 0.0
-5 0.0
-12 0.0
7 0.012745226198448395
12 0.0
5 0.0
-5 0.004248408732816132
-15 0.0
-12 0.004248408732816132
12 0.10196180958758716
0 0.0
12 0.08496817465632264
7 0.004248408732816132
0 0.0
-21 0.016993634931264528
7 0.016993634931264528
-5 0.0
12 0.11895544451885169
0 0.0
15 0.12320385325166783
3 0.0
15 0.06372613099224197
-15 0.0
-21 0.0
-3 0.0
-5 0.0
-12 0.0
3 0.012745226198448395
12 0.0
-15 0.0
7 0.0
-5 0.0
-12 0.004248408732816132
19 0.04248408732816132
7 0.0
-15 0.038235678595345185
-21 0.0
-3 0.0
-5 0.0
-12 0.0
15 0.0934649921219549
-6 0.0
10 0.0
6 0.0
-6 0.0
-11 0.0
-14 0.0
15 0.0
3 0.0
-14 0.0
-21 0.0
-2 0.0
-6 0.0
-11 0.0
-11 0.012745226198448395
3 0.0
-14 0.004248408732816132
13 0.1062102183204033
1 0.0
-33 0.08496817465632264
13 0.0
1 0.004248408732816132
6 0.0
10 0.0
10 0.029738861129712923
-2 0.0
13 0.12320385325166783
1 0.0
15 0.18268157551109368
10 0.0
-14 0.0
-21 0.0
-2 0.0
-6 0.0
-11 0.0
6 0.004248408732816132
-6 0.0
3 0.004248408732816132
-14 0.0
-11 0.012745226198448395
-14 0.06797453972505811
-21 0.0
-2 0.0
-6 0.0
-11 0.0
15 0.08921658338913876
-7 0.0
-17 0.0
-17 0.0
-21 0.0
-5 0.0
-7 0.0
-11 0.0
5 0.008496817465632264
3 0.004248408732816132
-11 0.0
-7 0.004248408732816132
10 0.0
-17 0.016993634931264528
10 0.08921658338913876
-2 0.0
10 0.08496817465632264
5 0.004248408732816132
-2 0.0
-21 0.02124204366408066
5 0.008496817465632264
-7 0.0
10 0.11895544451885169
-2 0.0
13 0.11895544451885169
1 0.0
13 0.06372613099224197
-17 0.0
-21 0.0
-5 0.0
-7 0.0
-11 0.0
1 0.004248408732816132
10 0.004248408732816132
5 0.0
-7 0.008496817465632264
-11 0.0
-17 0.004248408732816132
17 0.033987269862529056
5 0.0
-17 0.033987269862529056
-21 0.0
-5 0.0
-7 0.0
-11 0.0
13 0.08921658338913876
-8 0.0
-11 0.0
-16 0.0
13 0.0
1 0.0
-16 0.0
-21 0.0
-4 0.0
-8 0.0
-11 0.0
4 0.008496817465632264
1 0.0
-16 0.004248408732816132
8 0.004248408732816132
-8 0.0
-11 0.004248408732816132
12 0.09771340085477104
0 0.0
8 0.06797453972505811
-4 0.012745226198448395
-21 0.004248408732816132
4 0.004248408732816132
8 0.029738861129712923
-4 0.0
12 0.11895544451885169
0 0.0
12 0.1741847580454614
4 0.0
-16 0.0
-21 0.0
-4 0.0
-8 0.0
-11 0.0
0 0.008496817465632264
8 0.0
-8 0.0
-11 0.0
-16 0.012745226198448395
-16 0.07222294845787425
-21 0.0
-4 0.0
-8 0.0
-11 0.0
12 0.08921658338913876
-9 0.0
-12 0.0
-17 0.0
-17 0.0
-21 0.0
-9 0.0
-12 0.0
3 0.008496817465632264
7 0.0
0 0.0
-12 0.012745226198448395
-9 0.0
-17 0.0
7 0.07647135719069037
-5 0.0
7 0.10196180958758716
3 0.0
-9 0.0
-5 0.008496817465632264
3 0.004248408732816132
-21 0.004248408732816132
7 0.0807197659235065
7 0.0
-5 0.0
12 0.24215929777051953
7 0.0
-17 0.0
-21 0.0
-12 0.0
-9 0.0
0 0.008496817465632264
-9 0.0
-17 0.004248408732816132
-12 0.004248408732816132
-17 0.07647135719069037
-21 0.0
-12 0.0
-9 0.0
12 0.0934649921219549
-10 0.0
-16 0.0
-19 0.0
-16 0.0
-19 0.0
-10 0.0
-16 0.0
5 0.004248408732816132
0 0.0
-10 0.008496817465632264
-19 0.0
-16 0.004248408732816132
5 0.11045862705321943
-7 0.0
5 0.0807197659235065
2 0.004248408732816132
-33 0.012745226198448395
2 0.029738861129712923
-10 0.0
5 0.12320385325166783
-7 0.0
-19 0.17843316677827753
12 0.0
-10 0.0
-16 0.0
-19 0.0
-10 0.0
-16 0.008496817465632264
5 0.0
0 0.0
-7 0.0
-16 0.0934649921219549
-19 0.0
-10 0.0
12 0.09771340085477104
-11 0.0
-17 0.0
-21 0.0
-17 0.0
-21 0.0
-11 0.0
3 0.008496817465632264
0 0.0
-11 0.0
-17 0.012745226198448395
3 0.11045862705321943
-9 0.0
3 0.0934649921219549
1 0.008496817465632264
-21 0.004248408732816132
0 0.02549045239689679
-12 0.0
1 0.1317006707173001
-11 0.0
-4 0.13594907945011622
8 0.05098090479379358
-17 0.0
-21 0.0
-11 0.0
-11 0.004248408732816132
3 0.0
-4 0.008496817465632264
-17 0.0
-9 0.06797453972505811
-17 0.02549045239689679
-21 0.0
-11 0.0
8 0.1062102183204033
-12 0.0
-16 0.0
-28 0.0
-4 0.0
-12 0.0
-16 0.0
-21 0.0
-12 0.0
3 0.004248408732816132
-4 0.0
-12 0.016993634931264528
-16 0.004248408732816132
-16 0.3186306549612099
-9 0.1444458969157485
-12 0.11470703578603557
-28 0.0
-9 0.004248408732816132
-12 0.0
-4 0.1062102183204033
-4 0.0
-9 0.0
-12 0.0
-21 0.0
-28 0.0
-40 0.0
-7 0.004248408732816132
-19 0.012745226198448395
-5 0.10196180958758716
-9 0.0
-9 0.008496817465632264
-21 0.012745226198448395
0 0.09771340085477104
-5 0.0
-9 0.0
-12 0.10196180958758716
-28 0.02124204366408066
-4 0.004248408732816132
-9 0.0
3 0.12320385325166783
-5 0.0
-12 0.0
-2 0.004248408732816132
-12 0.008496817465632264
-7 0.1062102183204033
-12 0.0
-4 0.008496817465632264
-21 0.016993634931264528
8 0.0934649921219549
-7 0.0
-12 0.0
-28 0.10196180958758716
0 0.016993634931264528
-5 0.004248408732816132
-12 0.0
-7 0.12320385325166783
-12 0.0
5 0.004248408732816132
0 0.0
3 0.11895544451885169
-9 0.0
-12 0.0
-12 0.008496817465632264
7 0.11045862705321943
-9 0.0
-12 0.0
-21 0.10196180958758716
-5 0.012745226198448395
-2 0.0
-9 0.0
5 0.11045862705321943
0 0.0
-5 0.0
-5 0.0
0 0.008496817465632264
-12 0.0
-2 0.1062102183204033
-5 0.0
-5 0.012745226198448395
3 0.1062102183204033
-2 0.0
-5 0.0
-2 0.008496817465632264
0 0.11045862705321943
-5 0.0
-5 0.004248408732816132
-21 0.012745226198448395
5 0.08921658338913876
-2 0.012745226198448395
-6 0.0
-11 0.0
-6 0.0
-11 0.0
-2 0.012745226198448395
-11 0.004248408732816132
-3 0.10196180958758716
-6 0.0
-6 0.012745226198448395
-21 0.02124204366408066
0 0.0807197659235065
-3 0.004248408732816132
-6 0.0
-3 0.008496817465632264
-28 0.08921658338913876
-6 0.008496817465632264
-2 0.004248408732816132
-6 0.0
3 0.11045862705321943
-2 0.0
-7 0.0
-19 0.0
-28 0.0
-7 0.0
-11 0.012745226198448395
-2 0.0
-3 0.0934649921219549
-7 0.0
-7 0.012745226198448395
-19 0.09771340085477104
1 0.0
-3 0.0
-7 0.0
-3 0.008496817465632264
-7 0.1062102183204033
-2 0.0
-7 0.0
-28 0.008496817465632264
3 0.11045862705321943
-4 0.0
-8 0.0
-20 0.0
-8 0.0
-12 0.0
-12 0.004248408732816132
-4 0.004248408732816132
-20 0.1062102183204033
-8 0.0
-5 0.0
-8 0.0
-2 0.11895544451885169
-5 0.0
-8 0.0
-5 0.008496817465632264
-4 0.09771340085477104
-8 0.0
-8 0.004248408732816132
-28 0.004248408732816132
-12 0.11470703578603557
0 0.0
-4 0.0
-9 0.0
-21 0.0
-9 0.0
-4 0.008496817465632264
-5 0.09771340085477104
-9 0.0
-9 0.008496817465632264
-21 0.004248408732816132
-5 0.09771340085477104
-5 0.0
-9 0.0
-12 0.11470703578603557
-28 0.0
-7 0.012745226198448395
-9 0.0
-7 0.12745226198448395
-10 0.0
-28 0.0
-10 0.004248408732816132
-13 0.02549045239689679
-11 0.08921658338913876
-11 0.004248408732816132
-19 0.004248408732816132
-11 0.1062102183204033
-10 0.11895544451885169
-10 0.004248408732816132
-28 0.02124204366408066
-11 0.0934649921219549
-11 0.0
-26 0.0
-14 0.004248408732816132
-19 0.10196180958758716
-12 0.004248408732816132
-12 0.0
-8 0.10196180958758716
-20 0.004248408732816132
-12 0.008496817465632264
-11 0.1062102183204033
-16 0.0
-26 0.0
-11 0.004248408732816132
-9 0.11045862705321943
-11 0.0
-21 0.0
-33 0.0
-17 0.004248408732816132
-11 0.11470703578603557
-11 0.0
-10 0.0
-21 0.004248408732816132
0 0.1062102183204033
-10 0.004248408732816132
-11 0.0
-33 0.10196180958758716
-11 0.004248408732816132
-9 0.012745226198448395
-11 0.0
-4 0.11470703578603557
-12 0.0
-28 0.0
-28 0.0
-12 0.012745226198448395
-28 0.09771340085477104
-12 0.016993634931264528
-9 0.10196180958758716
3 0.016993634931264528
0 0.07647135719069037
-21 0.008496817465632264
-9 0.016993634931264528
-12 0.0
-12 0.0934649921219549
-21 0.0
-28 0.0
0 0.004248408732816132
-4 0.004248408732816132
8 0.004248408732816132
-4 0.0
-9 0.0
-40 0.0
-7 0.004248408732816132
-12 0.0
3 0.09771340085477104
-5 0.004248408732816132
-9 0.0
-9 0.008496817465632264
12 0.10196180958758716
-5 0.0
-9 0.0
0 0.008496817465632264
8 0.09771340085477104
-4 0.004248408732816132
-4 0.0
-9 0.0
-12 0.004248408732816132
-9 0.016993634931264528
15 0.08921658338913876
-5 0.0
-12 0.0
3 0.004248408732816132
10 0.0
-9 0.0
-2 0.008496817465632264
-12 0.012745226198448395
-7 0.08921658338913876
-12 0.0
8 0.004248408732816132
-4 0.008496817465632264
20 0.10196180958758716
8 0.0
-7 0.0
-12 0.0
-9 0.10196180958758716
12 0.004248408732816132
-5 0.0
-12 0.0
5 0.1062102183204033
17 0.0
0 0.004248408732816132
-7 0.0
-12 0.0
-4 0.004248408732816132
15 0.10196180958758716
3 0.004248408732816132
-9 0.0
-12 0.0
19 0.1062102183204033
-9 0.0
-12 0.0
7 0.012745226198448395
-5 0.08921658338913876
-2 0.012745226198448395
-9 0.0
17 0.11045862705321943
0 0.0
-9 0.0
-19 0.0
-31 0.0
12 0.004248408732816132
5 0.004248408732816132
8 0.0
-16 0.008496817465632264
-7 0.004248408732816132
-2 0.08921658338913876
-9 0.0
-12 0.016993634931264528
15 0.0934649921219549
-2 0.0
-9 0.0
-12 0.0
3 0.008496817465632264
12 0.004248408732816132
8 0.008496817465632264
-9 0.08496817465632264
0 0.008496817465632264
-9 0.0
17 0.11045862705321943
1 0.0
-7 0.0
-14 0.0
-26 0.0
-38 0.0
5 0.004248408732816132
13 0.0
10 0.004248408732816132
-11 0.0
-7 0.0
-14 0.008496817465632264
0 0.09771340085477104
-7 0.0
-19 0.029738861129712923
10 0.08496817465632264
0 0.0
-7 0.0
-2 0.004248408732816132
5 0.004248408732816132
-26 0.08496817465632264
1 0.016993634931264528
-7 0.0
13 0.11470703578603557
0 0.0
-7 0.0
1 0.008496817465632264
-11 0.004248408732816132
10 0.004248408732816132
5 0.0
-14 0.0
-2 0.09771340085477104
-7 0.0
-19 0.012745226198448395
17 0.1062102183204033
13 0.0
-2 0.0
-7 0.0
5 0.008496817465632264
10 0.004248408732816132
-11 0.0
-7 0.0
-14 0.004248408732816132
0 0.10196180958758716
-7 0.0
20 0.1317006707173001
16 0.0
8 0.0
-11 0.0
13 0.0
-2 0.0
-8 0.0
-16 0.0
-20 0.0
-26 0.0
-4 0.012745226198448395
-14 0.0
-8 0.0
-4 0.10196180958758716
-8 0.0
16 0.04673249606097745
24 0.004248408732816132
13 0.0
12 0.004248408732816132
0 0.0
-4 0.0
-11 0.004248408732816132
-8 0.008496817465632264
-4 0.04673249606097745
-8 0.0
22 0.0807197659235065
16 0.0
13 0.004248408732816132
10 0.0
-2 0.0
-11 0.004248408732816132
-4 0.0
-8 0.0
-2 0.029738861129712923
-8 0.0
19 0.11470703578603557
13 0.0
1 0.0
-9 0.0
-17 0.0
-33 0.0
-33 0.0
7 0.004248408732816132
-11 0.004248408732816132
-5 0.0
-14 0.012745226198448395
0 0.10196180958758716
-9 0.0
-9 0.02124204366408066
17 0.09771340085477104
0 0.0
-9 0.0
-11 0.0
5 0.008496817465632264
-7 0.1062102183204033
1 0.008496817465632264
-9 0.0
19 0.09771340085477104
3 0.0
-5 0.0
-12 0.0
-17 0.0
-24 0.0
-36 0.0
7 0.004248408732816132
15 0.0
12 0.004248408732816132
-5 0.0
-9 0.0
-12 0.0
1 0.11045862705321943
-5 0.0
-17 0.02124204366408066
12 0.09771340085477104
7 0.0
1 0.0
-5 0.0
0 0.004248408732816132
-24 0.08496817465632264
3 0.02549045239689679
-5 0.0
15 0.11895544451885169
1 0.0
-5 0.0
3 0.004248408732816132
12 0.0
7 0.004248408732816132
-12 0.0
-9 0.008496817465632264
0 0.10196180958758716
-5 0.0
-17 0.012745226198448395
19 0.1062102183204033
0 0.0
-5 0.0
7 0.004248408732816132
15 0.008496817465632264
12 0.0
-9 0.004248408732816132
-5 0.0
-12 0.008496817465632264
1 0.0934649921219549
-5 0.0
22 0.11470703578603557
18 0.0
10 0.0
0 0.0
-6 0.0
-14 0.0
-18 0.0
-24 0.0
0 0.0
-2 0.004248408732816132
15 0.0
-12 0.008496817465632264
-9 0.0
-6 0.0
1 0.1062102183204033
-6 0.0
1 0.0
25 0.11895544451885169
13 0.0
1 0.0
-6 0.0
1 0.0
18 0.008496817465632264
1 0.0
-6 0.0
-9 0.008496817465632264
3 0.10196180958758716
-6 0.0
3 0.0
24 0.11470703578603557
5 0.0
-7 0.0
-15 0.0
-19 0.0
-31 0.0
5 0.0
3 0.0
12 0.008496817465632264
21 0.0
17 0.004248408732816132
0 0.0
-7 0.004248408732816132
-9 0.0
-3 0.004248408732816132
6 0.0934649921219549
-6 0.0
6 0.0
3 0.0
27 0.11470703578603557
6 0.0
-6 0.0
6 0.0
3 0.0
15 0.004248408732816132
21 0.0
17 0.008496817465632264
3 0.0
18 0.0
-9 0.0
-3 0.0
-7 0.004248408732816132
7 0.1062102183204033
-5 0.0
7 0.0
3 0.0
25 0.12745226198448395
8 0.0
-4 0.0
-16 0.0
-26 0.0
-26 0.0
8 0.0
4 0.0
1 0.0
13 0.004248408732816132
16 0.004248408732816132
20 0.0
1 0.0
-11 0.0
-4 0.008496817465632264
-8 0.004248408732816132
7 0.0934649921219549
-5 0.0
7 0.0
4 0.0
1 0.0
7 0.11895544451885169
-5 0.0
7 0.0
4 0.0
1 0.0
8 0.11470703578603557
-4 0.0
8 0.0
4 0.0
1 0.0
-17 0.1062102183204033
-21 0.0
19 0.012745226198448395
15 0.0
7 0.0
-5 0.0
-33 0.0
7 0.0
3 0.0
1 0.0
-2 0.0
-9 0.008496817465632264
-5 0.008496817465632264
8 0.08921658338913876
-4 0.0
8 0.0
3 0.0
1 0.0
-2 0.0
29 0.11045862705321943
9 0.0
-3 0.0
9 0.0
3 0.0
1 0.0
-2 0.0
19 0.004248408732816132
17 0.0
22 0.0
-5 0.0
5 0.0
-7 0.008496817465632264
23 0.0
-2 0.0
3 0.008496817465632264
10 0.10196180958758716
-2 0.0
10 0.0
3 0.0
1 0.0
-2 0.0
27 0.12745226198448395
15 0.0
22 0.0
18 0.0
10 0.0
-2 0.0
-14 0.0
-24 0.0
-24 0.0
10 0.0
6 0.0
3 0.0
-6 0.0
-9 0.0
-6 0.0
-9 0.0
3 0.004248408732816132
-6 0.004248408732816132
-2 0.0
-9 0.0
9 0.10196180958758716
-3 0.0
9 0.0
6 0.0
3 0.0
-6 0.0
-9 0.0
-6 0.0
-9 0.0
9 0.11470703578603557
-3 0.0
9 0.0
6 0.0
3 0.0
-6 0.0
-9 0.0
-6 0.0
-9 0.0
10 0.11045862705321943
-2 0.0
10 0.0
6 0.0
3 0.0
-6 0.0
-9 0.0
-6 0.0
-9 0.0
21 0.11470703578603557
9 0.0
-3 0.0
-15 0.0
-19 0.0
-27 0.0
9 0.0
9 0.0
-3 0.0
5 0.0
3 0.0
-9 0.0
-12 0.0
-7 0.0
-9 0.0
-12 0.0
-3 0.012745226198448395
17 0.0
-7 0.004248408732816132
10 0.09771340085477104
-2 0.0
10 0.0
10 0.0
-2 0.0
5 0.0
3 0.0
-9 0.0
-12 0.0
-7 0.0
-9 0.0
-12 0.0
30 0.11470703578603557
10 0.0
-2 0.0
10 0.0
10 0.0
-2 0.0
5 0.0
3 0.0
-9 0.0
-12 0.0
-7 0.0
-9 0.0
-12 0.0
18 0.004248408732816132
6 0.0
3 0.004248408732816132
27 0.0
22 0.0
-6 0.0
-2 0.012745226198448395
12 0.10196180958758716
0 0.0
12 0.0
12 0.0
0 0.0
5 0.0
3 0.0
-9 0.0
-12 0.0
-7 0.0
-9 0.0
-12 0.0
29 0.11895544451885169
12 0.0
0 0.0
-9 0.0
-15 0.0
-19 0.0
-24 0.0
-31 0.0
-31 0.0
12 0.0
12 0.0
0 0.0
-3 0.0
-9 0.0
-15 0.0
-19 0.0
-9 0.0
-15 0.0
-19 0.0
5 0.0
3 0.0
17 0.008496817465632264
3 0.004248408732816132
21 0.0
-3 0.0
27 0.0
5 0.0
-7 0.004248408732816132
13 0.0934649921219549
1 0.0
13 0.0
13 0.0
1 0.0
-3 0.0
-9 0.0
-15 0.0
-19 0.0
-9 0.0
-15 0.0
-19 0.0
5 0.0
3 0.0
13 0.11045862705321943
1 0.0
13 0.0
13 0.0
1 0.0
-3 0.0
-9 0.0
-15 0.0
-19 0.0
-9 0.0
-15 0.0
-19 0.0
5 0.0
3 0.0
15 0.11045862705321943
3 0.0
15 0.0
15 0.0
3 0.0
-3 0.0
-9 0.0
-15 0.0
-19 0.0
-9 0.0
-15 0.0
-19 0.0
5 0.0
3 0.0
29 0.11045862705321943
13 0.0
1 0.0
-11 0.0
-14 0.0
-19 0.0
-26 0.0
-26 0.0
13 0.0
13 0.0
1 0.0
-2 0.0
-11 0.0
-19 0.0
-26 0.0
-11 0.0
-14 0.0
-19 0.0
5 0.0
1 0.0
25 0.004248408732816132
17 0.0
1 0.0
5 0.0
22 0.008496817465632264
-7 0.0
-2 0.0
12 0.0934649921219549
0 0.0
12 0.0
12 0.0
0 0.0
-2 0.0
-11 0.0
-19 0.0
-26 0.0
-11 0.0
-14 0.0
-19 0.0
5 0.0
1 0.0
31 0.059477722259425846
25 0.0
19 0.004248408732816132
22 0.0
7 0.0
-5 0.0
1 0.0
12 0.038235678595345185
0 0.0
12 0.0
12 0.0
0 0.0
-2 0.0
-11 0.0
-19 0.0
-26 0.0
-11 0.0
-14 0.0
-19 0.0
5 0.0
1 0.0
32 0.0807197659235065
25 0.0
20 0.0
22 0.004248408732816132
8 0.004248408732816132
-4 0.0
-2 0.0
1 0.004248408732816132
13 0.012745226198448395
1 0.0
13 0.0
13 0.0
1 0.0
-2 0.0
-11 0.0
-19 0.0
-26 0.0
-11 0.0
-14 0.0
-19 0.0
5 0.0
1 0.0
31 0.1062102183204033
10 0.0
-2 0.0
-11 0.0
-17 0.0
-21 0.0
-26 0.0
-33 0.0
-33 0.0
10 0.0
10 0.0
1 0.0
3 0.0
1 0.0
-17 0.0
-21 0.0
-9 0.0
-11 0.0
3 0.0
1 0.0
27 0.004248408732816132
22 0.0
19 0.0
7 0.004248408732816132
3 0.0
-2 0.0
-5 0.0
12 0.11045862705321943
0 0.0
12 0.0
3 0.0
1 0.0
-17 0.0
-21 0.0
-9 0.0
-11 0.0
29 0.11895544451885169
25 0.0
17 0.0
12 0.0
0 0.0
12 0.0
3 0.0
1 0.0
-17 0.0
-21 0.0
-9 0.0
-11 0.0
5 0.004248408732816132
1 0.0
22 0.0
-7 0.0
-2 0.008496817465632264
13 0.1062102183204033
1 0.0
13 0.0
3 0.0
1 0.0
-17 0.0
-21 0.0
-9 0.0
-11 0.0
31 0.11470703578603557
12 0.0
0 0.0
-9 0.0
-12 0.0
-17 0.0
-24 0.0
-24 0.0
12 0.0
3 0.0
0 0.0
-17 0.0
-9 0.0
-12 0.0
19 0.004248408732816132
27 0.0
24 0.008496817465632264
7 0.0
3 0.004248408732816132
-5 0.0
0 0.0
10 0.09771340085477104
-2 0.0
10 0.0
3 0.0
0 0.0
-17 0.0
-9 0.0
-12 0.0
10 0.11470703578603557
-2 0.0
10 0.0
3 0.0
0 0.0
-17 0.0
-9 0.0
-12 0.0
12 0.11895544451885169
0 0.0
12 0.0
3 0.0
0 0.0
-17 0.0
-9 0.0
-12 0.0
29 0.11470703578603557
25 0.0
13 0.0
1 0.0
-9 0.0
-15 0.0
-19 0.0
-24 0.0
-31 0.0
-31 0.0
13 0.0
5 0.0
3 0.0
5 0.0
-7 0.0
-15 0.0
-9 0.0
21 0.004248408732816132
17 0.0
5 0.0
-7 0.004248408732816132
1 0.0
-3 0.0
12 0.1062102183204033
0 0.0
12 0.0
5 0.0
3 0.0
-7 0.0
-15 0.0
-9 0.0
27 0.11895544451885169
12 0.0
0 0.0
12 0.0
5 0.0
3 0.0
-7 0.0
-15 0.0
-9 0.0
15 0.004248408732816132
24 0.0
21 0.0
3 0.004248408732816132
-3 0.0
0 0.0
-9 0.0
13 0.1062102183204033
1 0.0
13 0.0
5 0.0
3 0.0
-7 0.0
-15 0.0
-9 0.0
-11 0.07647135719069037
-14 0.0
-31 0.0
-26 0.0
29 0.04248408732816132
10 0.0
-2 0.0
-26 0.0
10 0.0
10 0.0
1 0.0
5 0.0
-14 0.0
-11 0.0
-14 0.0
25 0.004248408732816132
17 0.0
22 0.004248408732816132
1 0.0
5 0.0
-2 0.008496817465632264
-7 0.0
9 0.09771340085477104
-3 0.0
9 0.0
1 0.0
5 0.0
-14 0.0
-14 0.0
-14 0.008496817465632264
9 0.1062102183204033
-3 0.0
9 0.0
1 0.0
5 0.0
-14 0.0
10 0.11470703578603557
-2 0.0
10 0.0
1 0.0
5 0.0
-14 0.0
-14 0.0
27 0.11895544451885169
12 0.0
0 0.0
-11 0.0
-17 0.0
-21 0.0
-26 0.0
-33 0.0
-33 0.0
12 0.0
3 0.0
1 0.0
-5 0.0
-9 0.0
-11 0.0
15 0.004248408732816132
24 0.0
3 0.0
-5 0.0
19 0.004248408732816132
0 0.0
-9 0.0
10 0.1062102183204033
-2 0.0
10 0.0
3 0.0
1 0.0
-5 0.0
-9 0.0
-11 0.0
25 0.11895544451885169
13 0.0
10 0.0
-2 0.0
10 0.0
3 0.0
1 0.0
-5 0.0
-9 0.0
-11 0.0
1 0.004248408732816132
22 0.0
-2 0.0
-11 0.0
19 0.004248408732816132
-5 0.0
12 0.11045862705321943
0 0.0
12 0.0
3 0.0
1 0.0
-5 0.0
-9 0.0
-11 0.0
27 0.13594907945011622
22 0.0
15 0.0
18 0.0
10 0.0
-2 0.0
-9 0.0
-14 0.0
-18 0.0
-24 0.0
-24 0.0
10 0.0
3 0.0
0 0.0
3 0.0
0 0.0
-6 0.0
-9 0.0
-6 0.008496817465632264
3 0.0
-9 0.0
-2 0.004248408732816132
9 0.09771340085477104
-3 0.0
9 0.0
3 0.0
0 0.0
-6 0.0
-9 0.0
9 0.11045862705321943
-3 0.0
9 0.0
3 0.0
0 0.0
-6 0.0
-9 0.0
10 0.11045862705321943
-2 0.0
10 0.0
3 0.0
0 0.0
-6 0.0
-9 0.0
25 0.11470703578603557
13 0.0
1 0.0
21 0.0
-11 0.0
5 0.0
-3 0.0
-9 0.0
-15 0.0
-19 0.0
-31 0.0
9 0.0
5 0.0
3 0.0
0 0.0
-7 0.0
-3 0.004248408732816132
17 0.0
-7 0.004248408732816132
4 0.1062102183204033
-3 0.0
4 0.0
3 0.0
0 0.0
-7 0.0
24 0.11895544451885169
4 0.0
-3 0.0
4 0.0
3 0.0
0 0.0
-7 0.0
12 0.004248408732816132
0 0.0
-12 0.016993634931264528
5 0.08921658338913876
-3 0.0
5 0.0
3 0.0
0 0.0
-7 0.0
24 0.11045862705321943
1 0.0
-7 0.0
-11 0.0
-14 0.0
-19 0.0
-26 0.0
-26 0.0
1 0.0
1 0.0
-2 0.0
-2 0.0
12 0.012745226198448395
17 0.0
22 0.0
-7 0.004248408732816132
-2 0.0
0 0.0
-12 0.0
0 0.10196180958758716
-7 0.0
25 0.11470703578603557
0 0.0
-7 0.0
13 0.004248408732816132
1 0.0
-11 0.008496817465632264
1 0.1062102183204033
-7 0.0
22 0.11470703578603557
-2 0.0
-8 0.0
-24 0.0
-36 0.0
-8 0.0
-14 0.0
-17 0.0
10 0.012745226198448395
16 0.0
-8 0.0
-2 0.004248408732816132
-12 0.004248408732816132
-3 0.08921658338913876
-8 0.0
-3 0.11470703578603557
-8 0.0
-2 0.11045862705321943
-8 0.0
17 0.11045862705321943
5 0.0
-2 0.0
-23 0.0
-35 0.0
-7 0.0
-19 0.0
-11 0.012745226198448395
-7 0.0
4 0.09771340085477104
-2 0.0
24 0.1062102183204033
4 0.0
-2 0.0
12 0.008496817465632264
0 0.004248408732816132
5 0.08496817465632264
-2 0.0
20 0.1317006707173001
4 0.0
0 0.0
-4 0.0
-22 0.0
-34 0.0
0 0.0
-4 0.0
-12 0.0
-16 0.0
12 0.012745226198448395
8 0.0
-4 0.0
-10 0.004248408732816132
3 0.0934649921219549
0 0.0
-4 0.0
-4 0.0
0 0.0
-16 0.0
-12 0.0
3 0.1062102183204033
0 0.0
-4 0.0
-4 0.0
0 0.0
-16 0.0
-12 0.0
4 0.11045862705321943
0 0.0
-4 0.0
-4 0.0
0 0.0
-16 0.0
-12 0.0
0 0.10196180958758716
3 0.008496817465632264
-4 0.0
3 0.0
0 0.0
-4 0.0
-21 0.0
-33 0.0
-4 0.0
0 0.0
-16 0.0
-12 0.0
2 0.09771340085477104
0 0.0
-4 0.0
-9 0.012745226198448395
22 0.08921658338913876
2 0.0
0 0.0
-4 0.0
-4 0.0
0 0.0
-16 0.0
-12 0.0
10 0.004248408732816132
3 0.11470703578603557
0 0.0
3 0.0
0 0.0
-4 0.0
-4 0.0
0 0.0
-16 0.0
-12 0.0
19 0.11470703578603557
7 0.0
1 0.0
-2 0.0
-5 0.0
-20 0.0
-32 0.0
-5 0.0
-2 0.0
-17 0.0
-14 0.0
10 0.008496817465632264
-2 0.0
1 0.004248408732816132
0 0.10196180958758716
-2 0.0
-5 0.0
-5 0.0
-2 0.0
-17 0.0
-14 0.0
-8 0.004248408732816132
20 0.11045862705321943
0 0.0
-2 0.0
-5 0.0
-5 0.0
-2 0.0
-17 0.0
-14 0.0
8 0.004248408732816132
1 0.09771340085477104
-2 0.0
1 0.008496817465632264
-2 0.0
-5 0.0
-5 0.0
-2 0.0
-17 0.0
-14 0.0
17 0.1062102183204033
0 0.0
-4 0.0
-7 0.0
-19 0.0
-31 0.0
-7 0.0
-4 0.0
-19 0.0
-16 0.0
5 0.008496817465632264
8 0.0
0 0.008496817465632264
-4 0.0
-1 0.09771340085477104
-4 0.0
-7 0.0
-7 0.008496817465632264
-1 0.10196180958758716
-4 0.0
-7 0.0
-7 0.0
-4 0.0
-19 0.0
-16 0.0
-4 0.11045862705321943
0 0.0
-4 0.0
-7 0.0
-7 0.0
-4 0.0
-19 0.0
-16 0.0
15 0.11045862705321943
-2 0.0
-6 0.0
-12 0.0
-21 0.0
-33 0.0
-12 0.0
-6 0.0
-16 0.0
-21 0.0
-6 0.008496817465632264
6 0.0
3 0.004248408732816132
-3 0.09771340085477104
-6 0.0
-12 0.0
-12 0.012745226198448395
17 0.09771340085477104
-3 0.0
-6 0.0
-12 0.0
-28 0.0
-40 0.0
-12 0.0
-6 0.0
-16 0.0
-21 0.0
8 0.008496817465632264
5 0.0
-16 0.0
-28 0.12745226198448395
-4 0.0
-6 0.0
-12 0.0
-12 0.0
-6 0.0
-16 0.0
-21 0.0
13 0.14019748818293234
1 0.0
-7 0.0
-7 0.0
-11 0.0
-23 0.0
-35 0.0
-7 0.0
-11 0.0
-16 0.0
-23 0.0
8 0.004248408732816132
5 0.0
-35 0.02124204366408066
-28 0.11470703578603557
-19 0.008496817465632264
-23 0.0
-7 0.09771340085477104
-11 0.012745226198448395
-16 0.0
-23 0.08496817465632264
-19 0.004248408732816132
-28 0.0
-4 0.1062102183204033
-16 0.004248408732816132
-11 0.008496817465632264
-7 0.0
-19 0.0934649921219549
-28 0.0
-23 0.0
-2 0.11045862705321943
-14 0.008496817465632264
-11 0.0
-7 0.0
-16 0.08496817465632264
-23 0.004248408732816132
-19 0.0
0 0.13594907945011622
-20 0.0
-16 0.0
-26 0.0
-4 0.0
-8 0.0
-11 0.0
-4 0.008496817465632264
-12 0.0
-8 0.0
-38 0.008496817465632264
-26 0.0
-20 0.1317006707173001
-16 0.0
1 0.07647135719069037
-11 0.004248408732816132
-8 0.004248408732816132
-4 0.0
-11 0.09771340085477104
-16 0.0
-20 0.0
4 0.1062102183204033
-8 0.0
1 0.0
-4 0.004248408732816132
-8 0.11895544451885169
-16 0.004248408732816132
-11 0.0
8 0.10196180958758716
-4 0.0
4 0.0
1 0.004248408732816132
-8 0.08496817465632264
-4 0.0
-11 0.004248408732816132
12 0.1444458969157485
-19 0.0
-7 0.0
-15 0.0
-24 0.0
-31 0.0
-15 0.0
-31 0.0
-3 0.0
-7 0.0
-12 0.0
9 0.004248408732816132
0 0.0
5 0.012745226198448395
-24 0.0
-31 0.0
-19 0.12745226198448395
9 0.08496817465632264
-3 0.004248408732816132
0 0.008496817465632264
5 0.0
-15 0.08496817465632264
-19 0.012745226198448395
-24 0.0
4 0.1062102183204033
-8 0.004248408732816132
0 0.004248408732816132
-3 0.0
-15 0.10196180958758716
-12 0.0
-19 0.004248408732816132
5 0.08496817465632264
-7 0.008496817465632264
-3 0.004248408732816132
0 0.0
-15 0.07222294845787425
-12 0.0
-19 0.016993634931264528
-15 0.06372613099224197
6 0.055229313526609716
-8 0.0
-11 0.0
-15 0.0
-18 0.0
-23 0.0
-18 0.0
-30 0.0
-3 0.0
-8 0.0
-11 0.0
-6 0.004248408732816132
1 0.0
-3 0.0
-15 0.004248408732816132
-23 0.0
-30 0.004248408732816132
-23 0.13594907945011622
9 0.06372613099224197
-3 0.0
6 0.004248408732816132
4 0.004248408732816132
-11 0.09771340085477104
-15 0.004248408732816132
-18 0.0
13 0.1062102183204033
1 0.0
9 0.004248408732816132
6 0.004248408732816132
-6 0.0934649921219549
-11 0.004248408732816132
-15 0.0
16 0.08921658338913876
4 0.004248408732816132
13 0.0
9 0.0
-3 0.07222294845787425
-11 0.004248408732816132
17 0.1444458969157485
13 0.0
-7 0.0
-11 0.0
-14 0.0
-14 0.0
-26 0.0
-19 0.0
-26 0.0
-2 0.0
-7 0.0
5 0.004248408732816132
-19 0.004248408732816132
10 0.0
-26 0.0
-14 0.12320385325166783
13 0.08496817465632264
1 0.0
5 0.008496817465632264
10 0.0
-11 0.0807197659235065
-6 0.008496817465632264
-7 0.0
-11 0.0
-18 0.0
-19 0.0
-26 0.0
-19 0.008496817465632264
-14 0.0
10 0.0934649921219549
-5 0.0
-7 0.0
-11 0.0
-17 0.0
-19 0.0
-26 0.0
-2 0.008496817465632264
1 0.0
5 0.004248408732816132
-11 0.0934649921219549
-7 0.0
-14 0.0
12 0.11470703578603557
0 0.004248408732816132
10 0.004248408732816132
5 0.0
-2 0.08496817465632264
-7 0.0
-11 0.0
-3 0.004248408732816132
-7 0.0
-11 0.0
-15 0.0
-19 0.0
-26 0.0
13 0.1062102183204033
1 0.0
-2 0.0
-7 0.0
-11 0.0
-14 0.0
-19 0.0
-26 0.0
5 0.012745226198448395
10 0.008496817465632264
-5 0.09771340085477104
-7 0.0
17 0.0807197659235065
13 0.004248408732816132
5 0.0
10 0.004248408732816132
-7 0.09771340085477104
1 0.0
0 0.004248408732816132
-7 0.0
-11 0.0
-12 0.0
-19 0.0
-26 0.0
-5 0.004248408732816132
20 0.09771340085477104
1 0.0
-7 0.0
-11 0.0
-19 0.0
-23 0.0
1 0.0
-16 0.0
-23 0.0
-7 0.0
-11 0.0
8 0.004248408732816132
13 0.0
17 0.0
-19 0.10196180958758716
-23 0.004248408732816132
-28 0.0
17 0.08921658338913876
13 0.008496817465632264
5 0.004248408732816132
8 0.0
3 0.08921658338913876
1 0.0
-7 0.0
-9 0.0
-19 0.0
-23 0.0
3 0.0
1 0.0
-16 0.0
-23 0.0
-7 0.0
-11 0.0
-16 0.004248408732816132
13 0.09771340085477104
1 0.0
5 0.0
1 0.0
-7 0.0
-19 0.0
-23 0.0
5 0.0
1 0.0
-16 0.0
-23 0.0
-7 0.0
-11 0.0
8 0.008496817465632264
5 0.0
-11 0.0934649921219549
-16 0.004248408732816132
-19 0.0
10 0.0934649921219549
-2 0.008496817465632264
1 0.0
5 0.0
1 0.055229313526609716
5 0.0
10 0.0
-11 0.04248408732816132
-7 0.0
7 0.012745226198448395
1 0.0
-5 0.0
-7 0.0
-19 0.0
-23 0.0
7 0.0
1 0.0
-16 0.0
-23 0.0
-7 0.0
-11 0.0
12 0.1062102183204033
8 0.0
1 0.0
-4 0.0
-20 0.0
8 0.0
1 0.0
-16 0.0
-20 0.0
-4 0.0
-11 0.0
8 0.0
1 0.0
-11 0.0
-16 0.0
-20 0.0
0 0.004248408732816132
8 0.004248408732816132
4 0.0
-8 0.0
-12 0.008496817465632264
-4 0.004248408732816132
13 0.1869299842439098
1 0.004248408732816132
4 0.0
-11 0.004248408732816132
8 0.0
-4 0.004248408732816132
-8 0.0
10 0.0934649921219549
-2 0.0
-11 0.0
-20 0.0
10 0.0
8 0.0
1 0.0
-2 0.0
-16 0.0
-20 0.0
-4 0.0
-11 0.0
16 0.1062102183204033
12 0.0
0 0.0
-4 0.0
-11 0.0
-20 0.0
12 0.0
8 0.0
1 0.0
0 0.0
-16 0.0
-20 0.0
-4 0.0
-11 0.0
4 0.004248408732816132
13 0.004248408732816132
8 0.0
-4 0.0
-11 0.0
-8 0.004248408732816132
-14 0.0
13 0.1062102183204033
1 0.0
13 0.0
1 0.0
20 0.09771340085477104
8 0.004248408732816132
16 0.0
13 0.0
-4 0.004248408732816132
1 0.0
-11 0.0
-8 0.008496817465632264
4 0.004248408732816132
-8 0.0
4 0.0
-8 0.0
20 0.11895544451885169
8 0.0
-4 0.0
-11 0.0
-20 0.0
20 0.0
8 0.0
1 0.0
8 0.0
-16 0.0
-20 0.0
-4 0.0
-11 0.0
-12 0.11895544451885169
-7 0.0
24 0.0
20 0.0
17 0.0
12 0.0
0 0.0
-4 0.0
24 0.0
12 0.0
0 0.0
-7 0.0
-12 0.0
-19 0.0
-24 0.0
24 0.0
8 0.0
5 0.0
12 0.0
-12 0.0
-24 0.0
0 0.0
-12 0.0
12 0.0
5 0.0
-4 0.0
-7 0.0
-16 0.0
-24 0.0
-24 0.0
-23 0.038235678595345185
-24 0.038235678595345185
-23 0.04248408732816132
-24 0.038235678595345185
-23 0.038235678595345185
-24 0.04248408732816132
-23 0.038235678595345185
-24 0.04248408732816132
-23 0.038235678595345185
-24 0.038235678595345185
-23 0.04248408732816132
-24 0.038235678595345185
-23 0.038235678595345185
-24 0.04248408732816132
-23 0.038235678595345185
-24 0.04248408732816132
-23 0.038235678595345185
-24 0.038235678595345185
-26 0.033987269862529056
-14 0.0
-38 0.0
-23 0.008496817465632264
-24 0.038235678595345185
-25 0.02124204366408066
-13 0.0
-37 0.0
-23 0.016993634931264528
-24 0.04248408732816132
-24 0.008496817465632264
-12 0.0
-36 0.0
-12 0.0
0 0.0
-23 0.029738861129712923
-24 0.04248408732816132
-23 0.038235678595345185
-24 0.038235678595345185
-23 0.04248408732816132
-24 0.038235678595345185
-23 0.038235678595345185
-24 0.04248408732816132
-23 0.038235678595345185
-24 0.04248408732816132
-23 0.038235678595345185
-24 0.038235678595345185
-23 0.04248408732816132
-24 0.038235678595345185
-23 0.038235678595345185
-24 0.04248408732816132
-23 0.038235678595345185
-24 0.04248408732816132
-23 0.038235678595345185
-24 0.038235678595345185
-23 0.04248408732816132
-24 0.038235678595345185
-26 0.016993634931264528
-14 0.0
-38 0.0
-23 0.02124204366408066
-24 0.04248408732816132
-25 0.004248408732816132
-13 0.0
-37 0.0
-23 0.033987269862529056
-24 0.033987269862529056
-12 0.0
-36 0.0
-12 0.0
0 0.0
-24 0.008496817465632264
-23 0.038235678595345185
-24 0.038235678595345185
-23 0.04248408732816132
-24 0.038235678595345185
-23 0.038235678595345185
-24 0.04248408732816132
-23 0.038235678595345185
-24 0.04248408732816132
-23 0.038235678595345185
-24 0.038235678595345185
-23 0.04248408732816132
-24 0.038235678595345185
-23 0.038235678595345185
-24 0.04248408732816132
-23 0.038235678595345185
-24 0.04248408732816132
-23 0.038235678595345185
-24 0.038235678595345185
-23 0.04248408732816132
-24 0.038235678595345185
-23 0.038235678595345185
-26 0.04248408732816132
-14 0.0
-38 0.0
-24 0.0
-23 0.038235678595345185
-25 0.029738861129712923
-13 0.0
-37 0.0
-24 0.012745226198448395
-23 0.038235678595345185
-24 0.016993634931264528
-12 0.0
-36 0.0
-12 0.0
0 0.0
-24 0.02124204366408066
-23 0.04248408732816132
-24 0.038235678595345185
-23 0.038235678595345185
-24 0.04248408732816132
-23 0.038235678595345185
-24 0.04248408732816132
-23 0.038235678595345185
-24 0.038235678595345185
-23 0.04248408732816132
-24 0.038235678595345185
-23 0.038235678595345185
-24 0.04248408732816132
-23 0.038235678595345185
-24 0.04248408732816132
-23 0.038235678595345185
-24 0.038235678595345185
-23 0.04248408732816132
-24 0.038235678595345185
-23 0.038235678595345185
-24 0.04248408732816132
-23 0.038235678595345185
-26 0.02549045239689679
-14 0.0
-38 0.0
-24 0.016993634931264528
-23 0.038235678595345185
-25 0.012745226198448395
-13 0.0
-37 0.0
-24 0.02549045239689679
-24 0.04248408732816132
-12 0.0
-36 0.0
-12 0.0
0 0.0
-23 0.0
-24 0.038235678595345185
-23 0.038235678595345185
-24 0.04248408732816132
-23 0.038235678595345185
-24 0.04248408732816132
-23 0.038235678595345185
-24 0.038235678595345185
-23 0.04248408732816132
-21 0.02549045239689679
-26 0.004248408732816132
-24 0.008496817465632264
-20 0.008496817465632264
-25 0.004248408732816132
-20 0.0
-17 0.0
-20 0.02124204366408066
-23 0.004248408732816132
-25 0.012745226198448395
-24 0.029738861129712923
-16 0.033987269862529056
-24 0.004248408732816132
-23 0.0
-19 0.004248408732816132
-28 0.016993634931264528
-24 0.02124204366408066
-23 0.038235678595345185
-24 0.038235678595345185
-23 0.04248408732816132
-24 0.038235678595345185
-23 0.038235678595345185
-24 0.04248408732816132
-23 0.038235678595345185
-24 0.04248408732816132
-48 0.02124204366408066
-26 0.0
-23 0.016993634931264528
-24 0.038235678595345185
-36 0.02549045239689679
-25 0.0
-23 0.016993634931264528
-24 0.038235678595345185
-48 0.033987269862529056
-24 0.0
-23 0.004248408732816132
-24 0.04248408732816132
-23 0.038235678595345185
-24 0.04248408732816132
-23 0.038235678595345185
-24 0.038235678595345185
-23 0.04248408732816132
-24 0.038235678595345185
-21 0.038235678595345185
-23 0.0
-26 0.016993634931264528
-17 0.004248408732816132
-24 0.02124204366408066
-23 0.038235678595345185
-27 0.02124204366408066
-20 0.004248408732816132
-24 0.016993634931264528
-23 0.038235678595345185
-19 0.029738861129712923
-31 0.0
-24 0.008496817465632264
-28 0.004248408732816132
-24 0.0
-23 0.038235678595345185
-24 0.038235678595345185
-23 0.038235678595345185
-24 0.04248408732816132
-23 0.038235678595345185
-24 0.04248408732816132
-23 0.038235678595345185
-26 0.038235678595345185
-24 0.0
-48 0.012745226198448395
-23 0.029738861129712923
-25 0.038235678595345185
-24 0.0
-36 0.008496817465632264
-23 0.029738861129712923
-24 0.04248408732816132
-24 0.008496817465632264
-48 0.008496817465632264
-23 0.02124204366408066
-24 0.04248408732816132
-23 0.038235678595345185
-24 0.038235678595345185
-23 0.04248408732816132
-24 0.038235678595345185
-23 0.038235678595345185
-24 0.04248408732816132
-20 0.012745226198448395
-30 0.0
-26 0.008496817465632264
-23 0.016993634931264528
-29 0.04248408732816132
-24 0.0
-25 0.004248408732816132
-23 0.033987269862529056
-24 0.038235678595345185
-19 0.008496817465632264
-28 0.004248408732816132
-24 0.004248408732816132
-36 0.0
-23 0.02549045239689679
-24 0.038235678595345185
-23 0.038235678595345185
-24 0.04248408732816132
-23 0.038235678595345185
-24 0.04248408732816132
-23 0.038235678595345185
-24 0.038235678595345185
-23 0.04248408732816132
-48 0.004248408732816132
-26 0.0
-24 0.033987269862529056
-23 0.038235678595345185
-25 0.004248408732816132
-36 0.016993634931264528
-24 0.02124204366408066
-23 0.038235678595345185
-48 0.016993634931264528
-24 0.0
-24 0.02549045239689679
-23 0.038235678595345185
-24 0.038235678595345185
-23 0.04248408732816132
-24 0.038235678595345185
-23 0.038235678595345185
-24 0.04248408732816132
-23 0.038235678595345185
-26 0.038235678595345185
-24 0.004248408732816132
-21 0.016993634931264528
-17 0.012745226198448395
-23 0.008496817465632264
-25 0.008496817465632264
-24 0.029738861129712923
-20 0.012745226198448395
-23 0.029738861129712923
-24 0.038235678595345185
-24 0.0
-16 0.008496817465632264
-31 0.004248408732816132
-19 0.008496817465632264
-23 0.016993634931264528
-24 0.04248408732816132
-23 0.038235678595345185
-24 0.04248408732816132
-23 0.038235678595345185
-24 0.038235678595345185
-23 0.04248408732816132
-24 0.038235678595345185
-48 0.02124204366408066
-26 0.0
-23 0.016993634931264528
-24 0.04248408732816132
-25 0.02124204366408066
-23 0.016993634931264528
-36 0.016993634931264528
-24 0.02549045239689679
-48 0.016993634931264528
-24 0.012745226198448395
-23 0.008496817465632264
-24 0.038235678595345185
-23 0.04248408732816132
-24 0.038235678595345185
-23 0.038235678595345185
-24 0.04248408732816132
-23 0.038235678595345185
-24 0.04248408732816132
-23 0.008496817465632264
-14 0.029738861129712923
-23 0.0
-18 0.012745226198448395
-24 0.02549045239689679
-22 0.016993634931264528
-23 0.02549045239689679
-17 0.012745226198448395
-24 0.02549045239689679
-16 0.029738861129712923
-21 0.004248408732816132
-12 0.0
-23 0.004248408732816132
-28 0.004248408732816132
-24 0.038235678595345185
-23 0.038235678595345185
-24 0.04248408732816132
-23 0.038235678595345185
-24 0.038235678595345185
-23 0.04248408732816132
-24 0.038235678595345185
-22 0.016993634931264528
-14 0.016993634931264528
-23 0.004248408732816132
-17 0.016993634931264528
-24 0.02549045239689679
-23 0.004248408732816132
-23 0.033987269862529056
-24 0.04248408732816132
-16 0.004248408732816132
-24 0.02549045239689679
-31 0.008496817465632264
-23 0.0
-19 0.008496817465632264
-24 0.029738861129712923
-23 0.04248408732816132
-24 0.038235678595345185
-23 0.038235678595345185
-24 0.04248408732816132
-23 0.038235678595345185
-24 0.04248408732816132
-23 0.038235678595345185
-48 0.004248408732816132
-26 0.0
-24 0.033987269862529056
-23 0.04248408732816132
-36 0.004248408732816132
-25 0.0
-24 0.033987269862529056
-23 0.038235678595345185
-48 0.004248408732816132
-24 0.012745226198448395
-24 0.02549045239689679
-23 0.038235678595345185
-24 0.04248408732816132
-23 0.038235678595345185
-24 0.038235678595345185
-23 0.04248408732816132
-24 0.038235678595345185
-23 0.038235678595345185
-26 0.033987269862529056
-21 0.004248408732816132
-17 0.004248408732816132
-24 0.0
-25 0.016993634931264528
-23 0.02124204366408066
-20 0.04248408732816132
-24 0.0
-23 0.038235678595345185
-24 0.02124204366408066
-16 0.004248408732816132
-24 0.012745226198448395
-19 0.004248408732816132
-31 0.004248408732816132
-23 0.033987269862529056
-24 0.038235678595345185
-23 0.038235678595345185
-24 0.04248408732816132
-23 0.038235678595345185
-24 0.04248408732816132
-23 0.038235678595345185
-48 0.029738861129712923
-26 0.0
-24 0.008496817465632264
-23 0.04248408732816132
-36 0.02549045239689679
-25 0.004248408732816132
-24 0.008496817465632264
-23 0.038235678595345185
-48 0.033987269862529056
-24 0.008496817465632264
-24 0.0
-23 0.038235678595345185
-24 0.04248408732816132
-23 0.038235678595345185
-24 0.038235678595345185
-23 0.04248408732816132
-24 0.038235678595345185
-23 0.038235678595345185
-23 0.02549045239689679
-24 0.016993634931264528
-14 0.016993634931264528
-18 0.016993634931264528
-23 0.004248408732816132
-22 0.02549045239689679
-17 0.016993634931264528
-24 0.0
-23 0.038235678595345185
-21 0.033987269862529056
-24 0.004248408732816132
-16 0.004248408732816132
-12 0.0
-28 0.008496817465632264
-23 0.029738861129712923
-24 0.038235678595345185
-23 0.038235678595345185
-24 0.04248408732816132
-23 0.038235678595345185
-24 0.04248408732816132
-23 0.038235678595345185
-24 0.038235678595345185
-48 0.008496817465632264
-26 0.0
-23 0.033987269862529056
-24 0.038235678595345185
-25 0.008496817465632264
-36 0.02549045239689679
-23 0.004248408732816132
-24 0.04248408732816132
-48 0.016993634931264528
-24 0.0
-23 0.02124204366408066
-24 0.04248408732816132
-23 0.038235678595345185
-24 0.038235678595345185
-23 0.04248408732816132
-24 0.038235678595345185
-23 0.038235678595345185
-24 0.04248408732816132
-14 0.016993634931264528
-19 0.008496817465632264
-11 0.0
-23 0.012745226198448395
-18 0.029738861129712923
-24 0.012745226198448395
-13 0.004248408732816132
-23 0.033987269862529056
-24 0.038235678595345185
-17 0.008496817465632264
-9 0.0
-21 0.008496817465632264
-12 0.008496817465632264
-23 0.016993634931264528
-24 0.038235678595345185
-23 0.038235678595345185
-24 0.04248408732816132
-23 0.038235678595345185
-24 0.04248408732816132
-23 0.038235678595345185
-24 0.038235678595345185
-18 0.004248408732816132
-14 0.004248408732816132
-8 0.004248408732816132
-23 0.029738861129712923
-17 0.029738861129712923
-13 0.004248408732816132
-24 0.004248408732816132
-23 0.038235678595345185
-16 0.04248408732816132
-24 0.0
-7 0.004248408732816132
-12 0.0
-24 0.008496817465632264
-23 0.02549045239689679
-24 0.04248408732816132
-23 0.038235678595345185
-24 0.038235678595345185
-23 0.04248408732816132
-24 0.038235678595345185
-23 0.038235678595345185
-17 0.04248408732816132
-24 0.0
-14 0.012745226198448395
-9 0.0
-23 0.02549045239689679
-18 0.016993634931264528
-24 0.02549045239689679
-15 0.02124204366408066
-23 0.016993634931264528
-24 0.038235678595345185
-11 0.004248408732816132
-19 0.0
-16 0.004248408732816132
-31 0.02124204366408066
-23 0.012745226198448395
-24 0.038235678595345185
-23 0.038235678595345185
-24 0.04248408732816132
-23 0.038235678595345185
-24 0.04248408732816132
-23 0.038235678595345185
-12 0.02549045239689679
-21 0.0
-24 0.012745226198448395
-18 0.004248408732816132
-20 0.008496817465632264
-23 0.029738861129712923
-17 0.008496817465632264
-24 0.029738861129712923
-23 0.038235678595345185
-19 0.02549045239689679
-16 0.0
-11 0.0
-28 0.012745226198448395
-24 0.004248408732816132
-23 0.038235678595345185
-24 0.04248408732816132
-23 0.038235678595345185
-24 0.038235678595345185
-23 0.04248408732816132
-24 0.038235678595345185
-23 0.038235678595345185
-48 0.02124204366408066
-26 0.0
-24 0.02124204366408066
-23 0.038235678595345185
-25 0.02124204366408066
-36 0.008496817465632264
-24 0.012745226198448395
-23 0.038235678595345185
-48 0.012745226198448395
-24 0.016993634931264528
-24 0.008496817465632264
-23 0.04248408732816132
-24 0.038235678595345185
-23 0.038235678595345185
-24 0.04248408732816132
-23 0.038235678595345185
-24 0.04248408732816132
-9 0.038235678595345185
-23 0.0
-18 0.008496817465632264
-14 0.0
-24 0.029738861129712923
-13 0.033987269862529056
-17 0.004248408732816132
-23 0.004248408732816132
-24 0.038235678595345185
-23 0.038235678595345185
-7 0.012745226198448395
-16 0.004248408732816132
-12 0.0
-24 0.008496817465632264
-24 0.016993634931264528
-23 0.038235678595345185
-24 0.04248408732816132
-23 0.038235678595345185
-24 0.038235678595345185
-23 0.04248408732816132
-24 0.038235678595345185
-18 0.029738861129712923
-8 0.008496817465632264
-23 0.0
-14 0.004248408732816132
-24 0.038235678595345185
-13 0.038235678595345185
-23 0.0
-17 0.004248408732816132
-24 0.038235678595345185
-7 0.02549045239689679
-16 0.0
-19 0.0
-12 0.004248408732816132
-23 0.008496817465632264
-20 0.008496817465632264
-24 0.029738861129712923
-23 0.04248408732816132
-24 0.038235678595345185
-23 0.038235678595345185
-24 0.04248408732816132
-23 0.038235678595345185
-24 0.04248408732816132
-23 0.038235678595345185
-48 0.004248408732816132
-26 0.0
-24 0.033987269862529056
-23 0.04248408732816132
-25 0.004248408732816132
-36 0.008496817465632264
-24 0.02549045239689679
-23 0.038235678595345185
-48 0.004248408732816132
-24 0.012745226198448395
-24 0.02549045239689679
-23 0.038235678595345185
-24 0.04248408732816132
-23 0.038235678595345185
-24 0.038235678595345185
-23 0.04248408732816132
-24 0.038235678595345185
-23 0.038235678595345185
-9 0.004248408732816132
-14 0.012745226198448395
-5 0.004248408732816132
-13 0.02124204366408066
-24 0.0
-8 0.02124204366408066
-23 0.016993634931264528
-24 0.04248408732816132
-4 0.004248408732816132
-12 0.016993634931264528
-4 0.016993634931264528
-23 0.0
-12 0.004248408732816132
-7 0.004248408732816132
-16 0.004248408732816132
-19 0.0
-24 0.02549045239689679
-23 0.04248408732816132
-24 0.038235678595345185
-23 0.038235678595345185
-24 0.04248408732816132
-23 0.038235678595345185
-7 0.10196180958758716
-23 0.0
-7 0.0
-11 0.0
-16 0.0
-9 0.0
-16 0.004248408732816132
-31 0.0
-11 0.016993634931264528
-5 0.06372613099224197
-11 0.0
-14 0.0
-9 0.0
-4 0.08496817465632264
-4 0.0
-7 0.0
-12 0.0
-9 0.0
-24 0.0
-36 0.0
-24 0.0
-36 0.0
-24 0.0
-12 0.02124204366408066
-28 0.0
-24 0.0
-16 0.004248408732816132
-35 0.1444458969157485
-23 0.16993634931264529
-11 0.0
-11 0.0
-19 0.0
-9 0.0
-24 0.0
-31 0.012745226198448395
-19 0.0
-9 0.07647135719069037
-11 0.0
-17 0.0
-9 0.0
-24 0.0
-7 0.08921658338913876
-7 0.0
-12 0.0
-16 0.0
-9 0.0
-24 0.0
-36 0.0
-24 0.0
-24 0.004248408732816132
-16 0.0
-28 0.008496817465632264
-19 0.004248408732816132
-35 0.14869430564856462
-8 0.16993634931264529
-8 0.0
-11 0.0
-17 0.0
-9 0.0
-24 0.0
-17 0.004248408732816132
-23 0.004248408732816132
-32 0.02124204366408066
-7 0.059477722259425846
-11 0.0
-16 0.0
-9 0.0
-24 0.0
-5 0.08921658338913876
-5 0.0
-12 0.0
-14 0.0
-9 0.0
-24 0.0
-36 0.0
-24 0.0
-36 0.0
-24 0.0
-14 0.008496817465632264
-8 0.0
-24 0.004248408732816132
-29 0.0
-35 0.16568794057982913
-23 0.1571911231141969
-7 0.004248408732816132
-7 0.0
-11 0.0
-16 0.0
-9 0.0
-24 0.0
-11 0.008496817465632264
-31 0.004248408732816132
-16 0.0
-5 0.07647135719069037
-11 0.0
-14 0.0
-9 0.0
-24 0.0
-24 0.08921658338913876
-4 0.0
-4 0.0
-7 0.0
-12 0.0
-9 0.0
-24 0.0
-36 0.0
-24 0.0
-16 0.004248408732816132
-28 0.0
-12 0.004248408732816132
-7 0.0
-37 0.161439531847013
-7 0.14869430564856462
-7 0.0
-11 0.0
-16 0.0
-9 0.0
-24 0.0
-11 0.004248408732816132
-16 0.004248408732816132
-23 0.0
-5 0.07647135719069037
-11 0.0
-14 0.0
-9 0.0
-24 0.0
-28 0.08921658338913876
-4 0.0
-24 0.0
-12 0.0
-24 0.0
-4 0.0
-7 0.0
-12 0.0
-9 0.0
-24 0.0
-36 0.0
-24 0.0
-36 0.0
-24 0.0
-12 0.004248408732816132
-16 0.0
-7 0.004248408732816132
-37 0.1571911231141969
-7 0.1317006707173001
-7 0.0
-10 0.0
-16 0.0
-9 0.0
-24 0.0
-16 0.004248408732816132
-22 0.012745226198448395
-31 0.004248408732816132
-5 0.06372613099224197
-10 0.0
-14 0.0
-9 0.0
-24 0.0
-4 0.08921658338913876
-28 0.0
-12 0.0
-24 0.0
-4 0.0
-7 0.0
-12 0.0
-9 0.0
-24 0.0
-36 0.0
-24 0.0
-24 0.004248408732816132
-16 0.0
-37 0.1571911231141969
-7 0.15294271438138074
-7 0.0
-9 0.0
-16 0.0
-9 0.0
-24 0.0
-16 0.008496817465632264
-21 0.0
-9 0.008496817465632264
-31 0.012745226198448395
-5 0.055229313526609716
-9 0.0
-14 0.0
-9 0.0
-24 0.0
-4 0.08496817465632264
-24 0.0
-36 0.0
-24 0.0
-36 0.0
-24 0.004248408732816132
-28 0.0
-4 0.0
-7 0.0
-12 0.0
-9 0.0
-24 0.0
-12 0.004248408732816132
-16 0.0
-36 0.161439531847013
-38 0.004248408732816132
-8 0.1444458969157485
-8 0.0
-12 0.0
-17 0.0
-9 0.0
-24 0.0
-32 0.004248408732816132
-20 0.0
-17 0.004248408732816132
-12 0.008496817465632264
-7 0.06797453972505811
-12 0.0
-16 0.0
-9 0.0
-24 0.0
-24 0.08921658338913876
-5 0.0
-8 0.0
-5 0.0
-8 0.0
-14 0.0
-9 0.0
-24 0.0
-36 0.0
-24 0.0
-29 0.004248408732816132
-12 0.008496817465632264
-36 0.14019748818293234
-4 0.16993634931264529
-20 0.0
-4 0.0
-8 0.0
-12 0.0
-9 0.0
-24 0.0
-13 0.008496817465632264
-32 0.0
-8 0.012745226198448395
-2 0.06797453972505811
-8 0.0
-11 0.0
-9 0.0
-24 0.0
0 0.0807197659235065
-24 0.0
-36 0.0
-24 0.0
-36 0.0
-12 0.008496817465632264
-21 0.0
-9 0.0
-28 0.0
0 0.0
-4 0.0
-9 0.0
-9 0.0
-24 0.0
-4 0.012745226198448395
-36 0.14019748818293234
-8 0.1571911231141969
-8 0.0
-16 0.0
-9 0.0
-24 0.0
-20 0.008496817465632264
-16 0.004248408732816132
-32 0.004248408732816132
-12 0.012745226198448395
-6 0.059477722259425846
-8 0.0
-14 0.0
-9 0.0
-24 0.0
-4 0.08921658338913876
-4 0.0
-9 0.0
-12 0.0
-9 0.0
-24 0.0
-36 0.0
-24 0.0
-21 0.004248408732816132
-16 0.0
-9 0.004248408732816132
-28 0.0
-12 0.0
-36 0.15294271438138074
-20 0.16568794057982913
-5 0.0
-5 0.0
-8 0.0
-14 0.0
-9 0.0
-24 0.0
-32 0.004248408732816132
-8 0.008496817465632264
-14 0.0
-4 0.07647135719069037
-8 0.0
-12 0.0
-9 0.0
-24 0.0
-2 0.0807197659235065
-29 0.0
-21 0.0
-24 0.0
-36 0.0
-24 0.0
-36 0.0
-2 0.004248408732816132
-9 0.0
-11 0.0
-9 0.0
-24 0.0
-9 0.008496817465632264
-14 0.004248408732816132
-36 0.1317006707173001
-4 0.16993634931264529
-4 0.0
-8 0.0
-12 0.0
-9 0.0
-24 0.0
-32 0.004248408732816132
-13 0.0
-20 0.0
-8 0.008496817465632264
-2 0.07647135719069037
-8 0.0
-11 0.0
-9 0.0
-24 0.0
0 0.08496817465632264
-21 0.0
-28 0.0
-12 0.0
0 0.0
-4 0.0
-9 0.0
-9 0.0
-24 0.0
-36 0.0
-24 0.0
-9 0.012745226198448395
-4 0.0
-36 0.14869430564856462
-4 0.15294271438138074
-4 0.0
-8 0.0
-12 0.0
-9 0.0
-24 0.0
-8 0.004248408732816132
-12 0.008496817465632264
-20 0.004248408732816132
-32 0.0
-2 0.07222294845787425
-8 0.0
-11 0.0
-9 0.0
-24 0.0
0 0.0807197659235065
-21 0.0
-24 0.0
-36 0.0
-24 0.0
-36 0.0
-9 0.004248408732816132
-28 0.0
-12 0.0
0 0.0
-4 0.0
-9 0.0
-9 0.0
-24 0.0
-4 0.008496817465632264
-36 0.13594907945011622
-4 0.1869299842439098
-4 0.0
-7 0.0
-12 0.0
-9 0.0
-24 0.0
-31 0.008496817465632264
-30 0.0
-7 0.0
-12 0.0
-2 0.07647135719069037
-7 0.0
-10 0.0
-9 0.0
-24 0.0
-20 0.08496817465632264
-28 0.004248408732816132
0 0.0
0 0.0
-4 0.0
-8 0.0
-9 0.0
-24 0.0
-36 0.0
-24 0.0
-8 0.004248408732816132
-12 0.008496817465632264
-4 0.004248408732816132
-36 0.13594907945011622
-30 0.16568794057982913
-4 0.004248408732816132
-4 0.0
-6 0.0
-12 0.0
-9 0.0
-24 0.0
-6 0.008496817465632264
-12 0.004248408732816132
-18 0.004248408732816132
-2 0.07222294845787425
-6 0.0
-12 0.0
-9 0.0
-24 0.0
0 0.08921658338913876
0 0.0
-4 0.0
-7 0.0
-9 0.0
-24 0.0
-36 0.0
-24 0.0
-36 0.0
-24 0.0
-12 0.004248408732816132
-19 0.0
-4 0.0
-28 0.0
-7 0.004248408732816132
-36 0.15294271438138074
-4 0.1571911231141969
-4 0.0
-7 0.0
-13 0.0
-9 0.0
-24 0.0
-19 0.008496817465632264
-13 0.0
-27 0.004248408732816132
-7 0.008496817465632264
-2 0.06372613099224197
-7 0.0
-11 0.0
-9 0.0
-24 0.0
-1 0.08921658338913876
-1 0.0
-7 0.0
-10 0.0
-9 0.0
-24 0.0
-36 0.0
-24 0.0
-19 0.004248408732816132
-13 0.0
-4 0.0
-7 0.012745226198448395
-29 0.012745226198448395
-28 0.0
-38 0.1444458969157485
0 0.16568794057982913
0 0.0
-4 0.0
-9 0.0
-9 0.0
-24 0.0
-9 0.016993634931264528
-4 0.004248408732816132
-16 0.0
-28 0.004248408732816132
2 0.059477722259425846
-4 0.0
-7 0.0
-9 0.0
-24 0.0
3 0.0807197659235065
-24 0.0
-36 0.0
-17 0.0
-24 0.0
-5 0.0
-9 0.0
-12 0.0
-24 0.0
-36 0.0
3 0.008496817465632264
0 0.0
-5 0.0
-9 0.0
-24 0.0
-5 0.004248408732816132
-9 0.008496817465632264
-17 0.0
-29 0.004248408732816132
-34 0.1444458969157485
-36 0.0
-4 0.14869430564856462
-16 0.0
-4 0.0
-9 0.0
-12 0.0
-16 0.0
-9 0.0
-24 0.0
-28 0.012745226198448395
-12 0.0
-9 0.008496817465632264
-4 0.06372613099224197
-9 0.0
-12 0.0
-16 0.0
-9 0.0
-24 0.0
0 0.08496817465632264
-24 0.0
-36 0.0
-17 0.0
-24 0.0
-5 0.0
-9 0.0
-12 0.0
-36 0.0
-36 0.0
-17 0.004248408732816132
-5 0.0
-9 0.0
-5 0.0
-9 0.0
-12 0.0
-17 0.0
-9 0.0
-24 0.0
-12 0.004248408732816132
-36 0.1317006707173001
-16 0.16568794057982913
-1 0.0
-4 0.0
-7 0.0
-13 0.0
-16 0.0
-9 0.0
-24 0.0
-28 0.004248408732816132
-7 0.008496817465632264
-10 0.004248408732816132
-4 0.07222294845787425
-7 0.0
-13 0.0
-16 0.0
-9 0.0
-24 0.0
2 0.07222294845787425
-24 0.0
-36 0.0
-17 0.0
-24 0.0
-5 0.0
-7 0.0
-10 0.0
-36 0.0
-36 0.0
-17 0.008496817465632264
-10 0.004248408732816132
-7 0.0
-5 0.0
-7 0.0
-13 0.0
-17 0.0
-9 0.0
-24 0.0
-29 0.008496817465632264
0 0.004248408732816132
-34 0.13594907945011622
-36 0.012745226198448395
0 0.1317006707173001
-4 0.0
-9 0.0
-12 0.0
-16 0.0
-9 0.0
-24 0.0
-16 0.004248408732816132
-9 0.008496817465632264
-28 0.004248408732816132
-4 0.004248408732816132
-4 0.06797453972505811
-9 0.0
-12 0.0
-16 0.0
-9 0.0
-24 0.0
3 0.06372613099224197
0 0.0
-24 0.0
-36 0.0
-17 0.0
-24 0.0
-5 0.0
-9 0.0
-12 0.0
-36 0.0
-36 0.0
-9 0.008496817465632264
-5 0.004248408732816132
-17 0.004248408732816132
-29 0.004248408732816132
-5 0.0
-9 0.0
-12 0.0
-17 0.0
-9 0.0
-24 0.0
-34 0.14019748818293234
3 0.15294271438138074
3 0.0
-9 0.0
-12 0.0
-9 0.0
-24 0.0
-6 0.004248408732816132
0 0.012745226198448395
-16 0.004248408732816132
-28 0.004248408732816132
5 0.06372613099224197
-7 0.0
-9 0.0
-12 0.0
-9 0.0
-24 0.0
6 0.0807197659235065
-24 0.0
-36 0.0
-15 0.0
-24 0.0
-3 0.0
-6 0.0
-9 0.0
-36 0.0
-36 0.0
6 0.004248408732816132
-6 0.0
-9 0.0
-12 0.0
-9 0.0
-24 0.0
3 0.008496817465632264
-6 0.0
0 0.004248408732816132
-15 0.0
-27 0.004248408732816132
-36 0.16993634931264529
-24 0.004248408732816132
0 0.14019748818293234
-4 0.0
-6 0.0
-9 0.0
-16 0.0
-9 0.0
-24 0.0
-6 0.004248408732816132
-9 0.012745226198448395
-16 0.004248408732816132
-28 0.0
-5 0.008496817465632264
-4 0.055229313526609716
-6 0.0
-9 0.0
-16 0.0
-9 0.0
-24 0.0
3 0.0807197659235065
-24 0.0
-36 0.0
-15 0.0
-24 0.0
-3 0.0
-6 0.0
-9 0.0
-36 0.0
-36 0.0
-9 0.008496817465632264
-6 0.0
0 0.0
-3 0.0
-6 0.0
-9 0.0
-15 0.0
-9 0.0
-24 0.0
-17 0.02124204366408066
-29 0.016993634931264528
-36 0.14869430564856462
2 0.11470703578603557
-5 0.0
-7 0.0
-10 0.0
-17 0.0
-9 0.0
-1 0.012745226198448395
-7 0.0
-1 0.004248408732816132
-29 0.004248408732816132
-17 0.0
-7 0.008496817465632264
-5 0.055229313526609716
-7 0.0
-10 0.0
-17 0.0
-9 0.0
5 0.0807197659235065
-4 0.0
-7 0.0
-10 0.0
-16 0.0
-9 0.0
-24 0.0
-36 0.0
-15 0.0
-24 0.0
-4 0.0
-7 0.0
-10 0.0
-36 0.0
-36 0.0
2 0.004248408732816132
-1 0.0
-7 0.0
-16 0.0
-28 0.008496817465632264
-36 0.1741847580454614
-24 0.008496817465632264
3 0.13594907945011622
-4 0.0
-6 0.0
-9 0.0
-16 0.0
-9 0.0
-6 0.004248408732816132
0 0.004248408732816132
-16 0.004248408732816132
-28 0.0
-4 0.059477722259425846
-6 0.0
-9 0.0
-16 0.0
-9 0.0
6 0.07647135719069037
-3 0.0
-6 0.0
-9 0.0
-15 0.0
-9 0.0
-24 0.0
-36 0.0
-15 0.0
-24 0.0
-3 0.0
-6 0.0
-9 0.0
-36 0.0
-36 0.0
3 0.004248408732816132
-6 0.0
-15 0.004248408732816132
0 0.0
-27 0.0
-36 0.14869430564856462
-24 0.004248408732816132
6 0.14869430564856462
-6 0.0
-6 0.0
-10 0.0
-18 0.0
-9 0.0
2 0.012745226198448395
-14 0.004248408732816132
-26 0.004248408732816132
-5 0.06372613099224197
-6 0.0
-10 0.0
-17 0.0
-9 0.0
9 0.0807197659235065
-3 0.0
-6 0.0
-10 0.0
-15 0.0
-9 0.0
-24 0.0
-36 0.0
-15 0.0
-18 0.0
-3 0.0
-6 0.0
-10 0.0
-24 0.0
-36 0.0
-36 0.0
-15 0.004248408732816132
6 0.0
-3 0.0
-27 0.0
2 0.012745226198448395
-36 0.1444458969157485
-24 0.004248408732816132
2 0.1444458969157485
-5 0.0
-10 0.0
-14 0.0
-9 0.0
-10 0.004248408732816132
-1 0.0
-17 0.016993634931264528
-29 0.004248408732816132
-5 0.055229313526609716
-10 0.0
-14 0.0
-9 0.0
6 0.0807197659235065
-6 0.0
-10 0.0
-15 0.0
-9 0.0
-24 0.0
-36 0.0
-15 0.0
-18 0.0
-3 0.0
-6 0.0
-10 0.0
-24 0.0
-36 0.0
-36 0.0
-6 0.008496817465632264
-18 0.0
2 0.004248408732816132
-30 0.0
-3 0.004248408732816132
-36 0.1444458969157485
-24 0.004248408732816132
6 0.1444458969157485
-6 0.0
-10 0.0
-18 0.0
-9 0.0
-6 0.004248408732816132
2 0.004248408732816132
-25 0.008496817465632264
-13 0.004248408732816132
-4 0.06797453972505811
-6 0.0
-10 0.0
-16 0.0
-9 0.0
10 0.08921658338913876
-2 0.0
-6 0.0
-10 0.0
-14 0.0
-9 0.0
-24 0.0
-36 0.0
-14 0.0
-18 0.0
-2 0.0
-6 0.0
-10 0.0
-24 0.0
-36 0.0
-36 0.0
-2 0.008496817465632264
6 0.0
2 0.0
-14 0.004248408732816132
-26 0.008496817465632264
-36 0.1571911231141969
-24 0.004248408732816132
2 0.12745226198448395
-5 0.0
-10 0.0
-13 0.0
-9 0.0
-10 0.004248408732816132
-2 0.004248408732816132
-16 0.012745226198448395
-28 0.008496817465632264
-5 0.05098090479379358
-10 0.0
-13 0.0
-9 0.0
-18 0.08496817465632264
6 0.0
-6 0.0
-10 0.0
-14 0.0
-9 0.0
-24 0.0
-36 0.0
-14 0.0
-18 0.0
-2 0.0
-6 0.0
-10 0.0
-24 0.0
-36 0.0
-36 0.0
-6 0.004248408732816132
2 0.0
-30 0.008496817465632264
-23 0.08496817465632264
-24 0.07222294845787425
-36 0.004248408732816132
3 0.13594907945011622
7 0.008496817465632264
-5 0.0
-9 0.0
-17 0.0
-9 0.0
-13 0.004248408732816132
-5 0.0
-25 0.0
-4 0.07222294845787425
-5 0.0
-9 0.0
-16 0.0
-9 0.0
10 0.07647135719069037
-2 0.0
-5 0.0
-9 0.0
-14 0.0
-9 0.0
-24 0.0
-36 0.0
-14 0.0
-17 0.0
-2 0.0
-5 0.0
-9 0.0
-24 0.0
-36 0.0
-36 0.0
3 0.004248408732816132
-2 0.004248408732816132
7 0.0
-14 0.0
6 0.0
-26 0.008496817465632264
-36 0.15294271438138074
-1 0.13594907945011622
3 0.0
-9 0.0
-4 0.0
-9 0.0
-13 0.0
-9 0.0
-16 0.016993634931264528
-28 0.0
-4 0.059477722259425846
-9 0.0
-13 0.0
-9 0.0
7 0.0807197659235065
-5 0.0
-9 0.0
-14 0.0
-9 0.0
-24 0.0
-36 0.0
-14 0.0
-17 0.0
-2 0.0
-5 0.0
-9 0.0
-24 0.0
-36 0.0
-36 0.0
3 0.004248408732816132
-17 0.0
-5 0.004248408732816132
-29 0.004248408732816132
-36 0.1444458969157485
7 0.1444458969157485
-5 0.0
-9 0.0
-17 0.0
-9 0.0
-5 0.004248408732816132
3 0.0
-14 0.02124204366408066
-26 0.012745226198448395
-24 0.004248408732816132
-3 0.04248408732816132
-5 0.0
-9 0.0
-15 0.0
-9 0.0
11 0.07222294845787425
-24 0.0
-36 0.0
-13 0.0
-17 0.0
-1 0.0
-5 0.0
-9 0.0
-24 0.0
-36 0.0
-36 0.0
-13 0.008496817465632264
-1 0.004248408732816132
7 0.0
-25 0.0
-1 0.0
-5 0.0
-9 0.0
-13 0.0
-9 0.0
3 0.004248408732816132
-36 0.161439531847013
-24 0.012745226198448395
3 0.12320385325166783
-9 0.0
-4 0.0
-9 0.0
-12 0.0
-9 0.0
-1 0.004248408732816132
-16 0.02124204366408066
-28 0.02124204366408066
-4 0.029738861129712923
-9 0.0
-12 0.0
-9 0.0
7 0.07647135719069037
-17 0.0
-5 0.0
-9 0.0
-13 0.0
-9 0.0
-24 0.0
-36 0.0
-13 0.0
-17 0.0
-1 0.0
-5 0.0
-9 0.0
-24 0.0
-36 0.0
-36 0.0
-5 0.008496817465632264
3 0.0
-29 0.004248408732816132
-34 0.1317006707173001
8 0.16568794057982913
-4 0.0
-8 0.0
-16 0.0
-9 0.0
1 0.004248408732816132
4 0.0
-11 0.004248408732816132
-8 0.008496817465632264
-4 0.004248408732816132
-2 0.059477722259425846
-4 0.0
-8 0.0
-14 0.0
-9 0.0
-4 0.07647135719069037
12 0.0
0 0.0
-4 0.0
-8 0.0
-12 0.0
-9 0.0
-24 0.0
-36 0.0
-12 0.0
-16 0.0
0 0.0
-4 0.0
-8 0.0
-24 0.0
-36 0.0
-36 0.0
-12 0.008496817465632264
8 0.0
-8 0.0
4 0.0
0 0.004248408732816132
-16 0.1444458969157485
8 0.15294271438138074
1 0.0
-4 0.0
-7 0.0
-16 0.0
-9 0.0
-11 0.004248408732816132
-7 0.004248408732816132
5 0.0
-4 0.0
-2 0.07222294845787425
-4 0.0
-7 0.0
-2 0.0
-9 0.0
8 0.08496817465632264
12 0.0
-4 0.0
-12 0.0
-7 0.0
0 0.0
-4 0.0
-7 0.0
-12 0.0
-9 0.0
-24 0.0
-36 0.0
-12 0.0
-19 0.0
-7 0.0
-12 0.0
-16 0.0
-24 0.0
-36 0.0
-36 0.0
5 0.004248408732816132
0 0.0
-16 0.14869430564856462
9 0.1444458969157485
-3 0.0
-7 0.0
-15 0.0
-9 0.0
5 0.004248408732816132
2 0.0
-3 0.004248408732816132
-10 0.004248408732816132
-7 0.0
0 0.06372613099224197
-3 0.0
-7 0.0
-12 0.0
-9 0.0
13 0.0807197659235065
-3 0.0
1 0.0
-3 0.0
-7 0.0
-11 0.0
-9 0.0
-24 0.0
-36 0.0
-11 0.0
-19 0.0
-7 0.0
-11 0.0
-15 0.0
-24 0.0
-36 0.0
-36 0.0
1 0.012745226198448395
9 0.0
-11 0.0
5 0.0
-7 0.004248408732816132
-15 0.1317006707173001
10 0.15294271438138074
-2 0.0
-6 0.0
-14 0.0
-9 0.0
2 0.008496817465632264
-2 0.004248408732816132
-6 0.0
6 0.0
-10 0.004248408732816132
0 0.06372613099224197
-2 0.0
-6 0.0
-12 0.0
-9 0.0
13 0.0807197659235065
1 0.0
-2 0.0
-6 0.0
-11 0.0
-9 0.0
-24 0.0
-36 0.0
-11 0.0
-18 0.0
-6 0.0
-11 0.0
-14 0.0
-24 0.0
-36 0.0
-36 0.0
1 0.004248408732816132
10 0.0
6 0.004248408732816132
-2 0.0
-6 0.008496817465632264
-11 0.0
-14 0.13594907945011622
10 0.161439531847013
-2 0.0
-5 0.0
-14 0.0
-9 0.0
1 0.004248408732816132
-2 0.0
-5 0.0
-11 0.0
0 0.0807197659235065
-2 0.0
-5 0.0
-12 0.0
-9 0.0
13 0.08921658338913876
1 0.0
-2 0.0
-5 0.0
-11 0.0
-9 0.0
-24 0.0
-36 0.0
-11 0.0
-17 0.0
-5 0.0
-8 0.0
-14 0.0
-24 0.0
-36 0.0
-36 0.0
10 0.004248408732816132
1 0.0
7 0.004248408732816132
-2 0.008496817465632264
-11 0.0
-5 0.0
-14 0.004248408732816132
1 0.47157336934259064
-2 0.0
1 0.0
-11 0.0
-2 0.0
-8 0.0
1 0.11045862705321943
-2 0.012745226198448395
13 0.1062102183204033
10 0.008496817465632264
1 0.08496817465632264
0 0.02124204366408066
0 0.11470703578603557
-3 0.0
1 0.0
-12 0.0
0 0.0934649921219549
-3 0.0
9 0.12745226198448395
12 0.004248408732816132
0 0.1062102183204033
0 0.016993634931264528
-2 0.11895544451885169
-6 0.0
6 0.0
-14 0.0
-14 0.0
-23 0.0
-30 0.0
13 0.0
10 0.0
-2 0.0
-11 0.0
-6 0.0
-2 0.1062102183204033
-6 0.004248408732816132
12 0.004248408732816132
9 0.0
10 0.11045862705321943
6 0.0
13 0.008496817465632264
10 0.0
-2 0.09771340085477104
5 0.016993634931264528
12 0.0
9 0.0
-8 0.11045862705321943
-5 0.008496817465632264
1 0.0
-17 0.0
-24 0.0
13 0.0
10 0.0
-8 0.0
-12 0.004248408732816132
-5 0.10196180958758716
-12 0.0
-8 0.0
7 0.12745226198448395
4 0.0
-5 0.11470703578603557
0 0.016993634931264528
1 0.12320385325166783
1 0.0
-11 0.0
-2 0.0
-8 0.0
-2 0.008496817465632264
1 0.1062102183204033
-2 0.012745226198448395
13 0.11045862705321943
10 0.008496817465632264
1 0.08496817465632264
0 0.02549045239689679
0 0.11895544451885169
-3 0.0
1 0.0
-12 0.0
0 0.11045862705321943
-3 0.008496817465632264
9 0.11470703578603557
12 0.004248408732816132
0 0.10196180958758716
0 0.016993634931264528
-2 0.11470703578603557
6 0.0
-14 0.0
-14 0.0
-23 0.0
-30 0.0
13 0.0
10 0.0
-2 0.0
-11 0.0
-6 0.0
-6 0.008496817465632264
-2 0.1062102183204033
-6 0.004248408732816132
12 0.0
9 0.0
10 0.1062102183204033
6 0.0
13 0.008496817465632264
10 0.0
-2 0.09771340085477104
5 0.02124204366408066
12 0.0
9 0.0
-5 0.11470703578603557
4 0.0
-17 0.0
-21 0.0
13 0.0
10 0.0
-5 0.0
-9 0.008496817465632264
-5 0.1062102183204033
-9 0.0
7 0.11045862705321943
3 0.004248408732816132
-5 0.08921658338913876
3 0.02549045239689679
7 0.008496817465632264
4 0.1062102183204033
4 0.0
-8 0.0
1 0.0
-5 0.0
1 0.004248408732816132
4 0.1062102183204033
1 0.004248408732816132
16 0.12320385325166783
13 0.004248408732816132
4 0.0934649921219549
3 0.008496817465632264
3 0.11895544451885169
0 0.0
4 0.0
-9 0.0
3 0.11045862705321943
0 0.004248408732816132
15 0.11045862705321943
12 0.008496817465632264
3 0.09771340085477104
3 0.012745226198448395
-11 0.06372613099224197
-20 0.0
-27 0.0
1 0.0
-3 0.0
-8 0.0
1 0.05098090479379358
-3 0.0
9 0.0
-11 0.0
16 0.0
13 0.0
1 0.11470703578603557
-3 0.004248408732816132
15 0.0
12 0.0
13 0.11470703578603557
16 0.0
13 0.0
9 0.008496817465632264
1 0.08921658338913876
15 0.02124204366408066
12 0.0
8 0.004248408732816132
-5 0.11045862705321943
16 0.0
13 0.0
-2 0.008496817465632264
-9 0.0
4 0.0
-14 0.0
-17 0.0
-26 0.0
-5 0.0
-9 0.0
-2 0.1062102183204033
-5 0.0
-9 0.004248408732816132
10 0.11045862705321943
7 0.004248408732816132
-2 0.0807197659235065
3 0.029738861129712923
4 0.11470703578603557
4 0.0
-8 0.0
1 0.0
-5 0.0
1 0.004248408732816132
4 0.11045862705321943
1 0.012745226198448395
4 0.16993634931264529
3 0.02549045239689679
0 0.1062102183204033
3 0.0
4 0.0
-9 0.0
0 0.09771340085477104
3 0.004248408732816132
15 0.1062102183204033
12 0.004248408732816132
3 0.0807197659235065
3 0.016993634931264528
1 0.1062102183204033
-3 0.0
9 0.0
-11 0.0
-11 0.0
-20 0.0
-27 0.0
16 0.0
13 0.0
1 0.0
-8 0.0
-3 0.0
1 0.11045862705321943
-3 0.0
15 0.004248408732816132
12 0.0
13 0.11045862705321943
16 0.008496817465632264
13 0.0
9 0.008496817465632264
8 0.06797453972505811
1 0.012745226198448395
15 0.02549045239689679
12 0.0
1 0.1062102183204033
8 0.0
-18 0.0
3 0.0
-2 0.0
-8 0.0
-11 0.0
-2 0.0
-2 0.004248408732816132
-14 0.0
-6 0.008496817465632264
16 0.0
13 0.0
1 0.0934649921219549
-2 0.004248408732816132
-6 0.0
13 0.11895544451885169
4 0.004248408732816132
10 0.012745226198448395
1 0.06372613099224197
7 0.016993634931264528
7 0.0
0 0.11045862705321943
12 0.0
-5 0.0
-8 0.0
12 0.0
4 0.0
-5 0.0
-8 0.0
-12 0.0
-17 0.0
-24 0.0
19 0.0
16 0.0
12 0.0
0 0.0
-5 0.0
-12 0.0
0 0.0
-5 0.0
-8 0.0
-5 0.004248408732816132
-8 0.0
-12 0.004248408732816132
0 0.08921658338913876
-5 0.0
-8 0.0
-12 0.008496817465632264
18 0.004248408732816132
15 0.0
19 0.1062102183204033
16 0.0
19 0.016993634931264528
16 0.0
12 0.004248408732816132
7 0.08921658338913876
11 0.0
18 0.0
15 0.0
11 0.0
1 0.11045862705321943
8 0.0
-18 0.0
16 0.0
3 0.0
-2 0.0
-11 0.0
-8 0.0
-2 0.008496817465632264
-6 0.0
1 0.1062102183204033
-6 0.0
-2 0.004248408732816132
13 0.11470703578603557
4 0.016993634931264528
10 0.004248408732816132
1 0.07647135719069037
7 0.004248408732816132
7 0.0
0 0.11045862705321943
-5 0.0
12 0.0
-5 0.0
-8 0.0
12 0.0
4 0.0
-5 0.0
-8 0.0
-12 0.0
-17 0.0
-24 0.0
19 0.0
16 0.0
12 0.0
0 0.0
-5 0.0
-12 0.0
0 0.0
-5 0.0
-8 0.0
-8 0.008496817465632264
-12 0.008496817465632264
-2 0.012745226198448395
18 0.0807197659235065
15 0.0
0 0.004248408732816132
-5 0.0
-8 0.0
19 0.1062102183204033
16 0.0
16 0.012745226198448395
19 0.0
12 0.008496817465632264
7 0.08921658338913876
11 0.0
18 0.0
15 0.0
11 0.0
-1 0.11045862705321943
2 0.0
8 0.0
-17 0.0
17 0.0
14 0.0
5 0.0
-1 0.0
-10 0.0
-7 0.0
-5 0.004248408732816132
-5 0.0934649921219549
-1 0.0
2 0.004248408732816132
5 0.12320385325166783
14 0.0
11 0.004248408732816132
2 0.059477722259425846
7 0.033987269862529056
7 0.0
1 0.1062102183204033
-4 0.0
13 0.0
-7 0.0
-4 0.0
13 0.0
5 0.0
-4 0.0
-7 0.0
-11 0.0
-16 0.0
-23 0.0
20 0.0
17 0.0
13 0.0
1 0.0
-4 0.0
-11 0.0
1 0.0
-4 0.0
-7 0.0
-7 0.008496817465632264
-11 0.0
-11 0.0934649921219549
1 0.0
-4 0.004248408732816132
-7 0.0
19 0.004248408732816132
16 0.0
20 0.11045862705321943
17 0.0
20 0.004248408732816132
13 0.004248408732816132
17 0.0
8 0.08496817465632264
12 0.008496817465632264
12 0.0
19 0.008496817465632264
16 0.0
-1 0.0934649921219549
2 0.008496817465632264
8 0.0
-17 0.0
5 0.0
-1 0.0
-10 0.0
-7 0.0
-5 0.004248408732816132
17 0.004248408732816132
14 0.16993634931264529
5 0.0
11 0.0
2 0.08921658338913876
7 0.038235678595345185
7 0.0
0 0.10196180958758716
-7 0.0
-4 0.0
12 0.0
-4 0.0
-7 0.0
12 0.0
5 0.0
-4 0.0
-7 0.0
-12 0.0
-16 0.0
-24 0.0
-31 0.0
20 0.0
17 0.0
12 0.0
0 0.0
-4 0.0
-7 0.0
0 0.0
-4 0.0
-7 0.0
0 0.08921658338913876
-7 0.004248408732816132
-4 0.0
19 0.016993634931264528
16 0.0
20 0.1062102183204033
12 0.004248408732816132
17 0.0
20 0.0
17 0.0
8 0.06372613099224197
11 0.033987269862529056
11 0.0
19 0.012745226198448395
16 0.0
-8 0.0934649921219549
0 0.0
-5 0.0
-2 0.0
0 0.0
12 0.0
-5 0.0
-14 0.0
-24 0.0
7 0.0
4 0.0
0 0.0
-2 0.0
-17 0.0
-24 0.0
-5 0.0
-8 0.0
-12 0.0
-14 0.0
-24 0.0
-12 0.004248408732816132
16 0.012745226198448395
12 0.0
-8 0.11895544451885169
24 0.0
16 0.008496817465632264
-5 0.0
-2 0.0
10 0.0
0 0.0
-12 0.0
12 0.0
19 0.0
24 0.11895544451885169
16 0.0
19 0.008496817465632264
10 0.0
12 0.0
1 0.04248408732816132
13 0.0
1 0.008496817465632264
-2 0.08496817465632264
2 0.0
-5 0.0
7 0.012745226198448395
5 0.0
2 0.0
14 0.0
-7 0.0
-10 0.0
-29 0.0
7 0.0
5 0.0
2 0.0
-2 0.0
-17 0.0
-29 0.0
-5 0.0
-7 0.0
-10 0.0
-14 0.0
31 0.11895544451885169
-5 0.0
2 0.008496817465632264
26 0.0
17 0.0
19 0.0
22 0.0
-2 0.0
7 0.0
5 0.004248408732816132
31 0.11045862705321943
26 0.012745226198448395
22 0.0
17 0.004248408732816132
19 0.0
-5 0.033987269862529056
7 0.0
-5 0.08921658338913876
-8 0.004248408732816132
0 0.004248408732816132
-2 0.0
-12 0.0
0 0.0
12 0.0
-5 0.0
-14 0.0
-24 0.0
7 0.0
4 0.0
0 0.0
-2 0.0
-17 0.0
-24 0.0
-5 0.0
-8 0.0
-12 0.0
-14 0.0
-24 0.0
-8 0.12320385325166783
-12 0.004248408732816132
0 0.004248408732816132
-5 0.0
24 0.0
-2 0.0
16 0.0
12 0.0
10 0.0
19 0.008496817465632264
24 0.12745226198448395
12 0.004248408732816132
16 0.0
19 0.0
10 0.0
1 0.033987269862529056
13 0.0
1 0.008496817465632264
2 0.08921658338913876
7 0.004248408732816132
5 0.0
-5 0.0
-2 0.0
2 0.0
14 0.0
-7 0.0
-10 0.0
-29 0.0
7 0.0
5 0.0
2 0.0
-2 0.0
-17 0.0
-29 0.0
-5 0.0
-10 0.0
-14 0.0
-7 0.0
-2 0.12745226198448395
31 0.0
26 0.008496817465632264
2 0.0
22 0.0
19 0.0
5 0.0
-5 0.0
7 0.004248408732816132
17 0.0
31 0.11470703578603557
22 0.012745226198448395
26 0.0
19 0.004248408732816132
17 0.0
-5 0.033987269862529056
7 0.0
-5 0.09771340085477104
-8 0.0
-12 0.0
-2 0.0
0 0.0
0 0.0
12 0.0
-5 0.0
-14 0.0
-24 0.0
7 0.0
4 0.0
0 0.0
-2 0.0
-17 0.0
-24 0.0
-5 0.0
-12 0.0
-14 0.0
-8 0.0
-24 0.0
-8 0.12320385325166783
-5 0.004248408732816132
-12 0.0
24 0.008496817465632264
0 0.0
-2 0.0
16 0.0
19 0.0
10 0.004248408732816132
12 0.0
24 0.12320385325166783
16 0.0
19 0.0
12 0.0
10 0.008496817465632264
1 0.033987269862529056
13 0.0
2 0.0934649921219549
-5 0.004248408732816132
7 0.0
5 0.0
2 0.0
14 0.0
-7 0.0
-10 0.0
-29 0.0
7 0.0
5 0.0
2 0.0
-2 0.0
-17 0.0
-29 0.0
-5 0.0
-10 0.0
-14 0.0
-7 0.0
-2 0.008496817465632264
-2 0.11470703578603557
31 0.004248408732816132
2 0.008496817465632264
7 0.0
22 0.0
-5 0.0
26 0.0
5 0.0
17 0.004248408732816132
19 0.0
31 0.11470703578603557
26 0.012745226198448395
19 0.0
22 0.004248408732816132
17 0.0
-5 0.038235678595345185
7 0.0
-8 0.08921658338913876
-5 0.0
-12 0.004248408732816132
-2 0.0
0 0.008496817465632264
0 0.0
12 0.0
-5 0.0
-14 0.0
-24 0.0
7 0.0
4 0.0
0 0.0
-2 0.0
-17 0.0
-24 0.0
-5 0.0
-12 0.0
-14 0.0
-8 0.0
-24 0.0
-8 0.11895544451885169
-2 0.008496817465632264
-12 0.0
0 0.0
-5 0.0
16 0.004248408732816132
24 0.0
12 0.004248408732816132
19 0.0
10 0.0
24 0.1062102183204033
16 0.004248408732816132
19 0.008496817465632264
10 0.004248408732816132
12 0.0
1 0.038235678595345185
13 0.0
2 0.08921658338913876
-2 0.0
-5 0.004248408732816132
5 0.004248408732816132
7 0.0
2 0.0
14 0.0
-7 0.0
-10 0.0
-29 0.0
7 0.0
5 0.0
2 0.0
-2 0.0
-17 0.0
-29 0.0
-5 0.0
-10 0.0
-14 0.0
-7 0.0
-2 0.12320385325166783
2 0.0
31 0.004248408732816132
7 0.0
5 0.0
-5 0.0
22 0.008496817465632264
26 0.0
17 0.0
19 0.0
25 0.008496817465632264
31 0.1062102183204033
26 0.004248408732816132
22 0.008496817465632264
19 0.0
17 0.0
-5 0.04248408732816132
7 0.0
-8 0.11045862705321943
-12 0.004248408732816132
-5 0.0
-2 0.0
0 0.004248408732816132
0 0.0
12 0.0
-5 0.0
-14 0.0
-24 0.0
24 0.0
7 0.0
4 0.0
12 0.0
-17 0.0
-24 0.0
0 0.0
-2 0.0
-8 0.0
-12 0.0
0 0.0
-2 0.0
-14 0.0
-8 0.0
-24 0.0
-24 0.0
1 0.10196180958758716
13 0.0
25 0.0
13 0.0
2 0.10196180958758716
14 0.0
-7 0.0
-10 0.0
-17 0.0
26 0.0
5 0.0
7 0.0
14 0.0
-29 0.0
-17 0.0
-2 0.0
2 0.0
-7 0.0
-10 0.0
-17 0.0
-29 0.0
-19 0.0
-12 0.0
7 0.1062102183204033
19 0.0
7 0.0
0 0.10196180958758716
12 0.0
-5 0.0
-14 0.0
-24 0.0
24 0.0
7 0.0
4 0.0
12 0.0
-17 0.0
-24 0.0
0 0.0
-2 0.0
-8 0.0
-12 0.0
0 0.0
-2 0.0
-14 0.0
-8 0.0
-24 0.0
-24 0.0
1 0.10196180958758716
13 0.0
25 0.0
13 0.0
2 0.10196180958758716
14 0.0
-7 0.0
-10 0.0
-17 0.0
26 0.0
5 0.0
7 0.0
14 0.0
-29 0.0
-17 0.0
-2 0.0
2 0.0
-7 0.0
-10 0.0
-17 0.0
-29 0.0
-19 0.0
-12 0.0
7 0.10196180958758716
19 0.0
7 0.0
0 0.10196180958758716
12 0.0
-5 0.0
-14 0.0
-24 0.0
24 0.0
7 0.0
4 0.0
12 0.0
-17 0.0
-24 0.0
0 0.0
-2 0.0
-8 0.0
-12 0.0
0 0.0
-2 0.0
-14 0.0
-8 0.0
-24 0.0
-24 0.0
1 0.10196180958758716
13 0.0
25 0.0
13 0.0
2 0.10196180958758716
14 0.0
-7 0.0
-10 0.0
-17 0.0
26 0.0
5 0.0
-5 0.0
14 0.0
-17 0.0
-29 0.0
-2 0.0
2 0.0
-7 0.0
-10 0.0
-17 0.0
-29 0.0
-19 0.0
-12 0.0
7 0.10196180958758716
19 0.0
7 0.0
0 0.10196180958758716
12 0.0
-5 0.0
-14 0.0
-24 0.0
24 0.0
7 0.0
4 0.0
12 0.0
-17 0.0
-24 0.0
0 0.0
-2 0.0
-8 0.0
-12 0.0
0 0.0
-2 0.0
-14 0.0
-8 0.0
-24 0.0
-24 0.0
1 0.10196180958758716
13 0.0
25 0.0
13 0.0
2 0.10196180958758716
14 0.0
-7 0.0
-10 0.0
-17 0.0
26 0.0
5 0.0
7 0.0
14 0.0
-29 0.0
-17 0.0
-2 0.0
2 0.0
-7 0.0
-10 0.0
-17 0.0
-29 0.0
-19 0.0
-12 0.0
7 0.10196180958758716
19 0.0
7 0.0
0 0.10196180958758716
12 0.0
-5 0.0
-14 0.0
-24 0.0
24 0.0
7 0.0
4 0.0
12 0.0
-17 0.0
-24 0.0
0 0.0
-2 0.0
-8 0.0
-12 0.0
0 0.0
-2 0.0
-14 0.0
-8 0.0
-24 0.0
-24 0.0
26 0.055229313526609716
14 0.0
24 0.05098090479379358
12 0.0
26 0.055229313526609716
14 0.0
-5 0.04248408732816132
7 0.0
-17 0.0
-24 0.0
0 0.0
-2 0.0
-8 0.0
-12 0.0
-24 0.0
24 0.008496817465632264
12 0.0
26 0.055229313526609716
14 0.0
-3 0.04248408732816132
9 0.0
-24 0.0
24 0.008496817465632264
12 0.0
26 0.055229313526609716
14 0.0
-2 0.038235678595345185
10 0.0
-17 0.0
-24 0.0
-8 0.0
-8 0.0
-14 0.0
-17 0.0
-24 0.0
-36 0.0
-24 0.0
24 0.012745226198448395
12 0.0
26 0.055229313526609716
14 0.0
-3 0.033987269862529056
9 0.0
24 0.016993634931264528
12 0.0
26 0.055229313526609716
14 0.0
-2 0.029738861129712923
10 0.0
-17 0.0
-24 0.0
0 0.0
-2 0.0
-8 0.0
-12 0.0
24 0.02124204366408066
12 0.0
26 0.055229313526609716
14 0.0
-1 0.02549045239689679
11 0.0
24 0.02549045239689679
12 0.0
26 0.055229313526609716
14 0.0
0 0.02124204366408066
12 0.0
24 0.029738861129712923
12 0.0
26 0.055229313526609716
14 0.0
-5 0.016993634931264528
7 0.0
24 0.033987269862529056
12 0.0
26 0.055229313526609716
14 0.0
-3 0.012745226198448395
9 0.0
-17 0.0
-24 0.0
-17 0.0
-24 0.0
0 0.0
-2 0.0
-8 0.0
-12 0.0
-24 0.0
24 0.038235678595345185
12 0.0
26 0.055229313526609716
14 0.0
-2 0.008496817465632264
10 0.0
-17 0.0
-24 0.0
-24 0.0
24 0.04248408732816132
12 0.0
26 0.055229313526609716
14 0.0
0 0.004248408732816132
12 0.0
-17 0.0
-24 0.0
-5 0.0
-8 0.0
-5 0.0
-8 0.0
-14 0.0
-17 0.0
-24 0.0
-36 0.0
-24 0.0
24 0.04673249606097745
12 0.0
2 0.055229313526609716
14 0.0
26 0.0
14 0.0
24 0.05098090479379358
12 0.0
4 0.05098090479379358
16 0.0
-17 0.0
-24 0.0
0 0.0
-2 0.0
-8 0.0
-12 0.0
26 0.004248408732816132
14 0.0
24 0.05098090479379358
12 0.0
2 0.04673249606097745
14 0.0
26 0.008496817465632264
14 0.0
24 0.05098090479379358
12 0.0
4 0.04248408732816132
16 0.0
26 0.012745226198448395
14 0.0
24 0.05098090479379358
12 0.0
5 0.038235678595345185
17 0.0
26 0.016993634931264528
14 0.0
24 0.05098090479379358
12 0.0
7 0.033987269862529056
19 0.0
-17 0.0
-24 0.0
-2 0.0
-8 0.0
-14 0.0
-24 0.0
0 0.0
-2 0.0
-8 0.0
-12 0.0
-2 0.0
-8 0.0
-14 0.0
-17 0.0
-24 0.0
-24 0.0
26 0.02124204366408066
14 0.0
24 0.05098090479379358
12 0.0
5 0.033987269862529056
17 0.0
-24 0.0
26 0.02124204366408066
14 0.0
24 0.05098090479379358
12 0.0
7 0.029738861129712923
19 0.0
-24 0.0
26 0.02549045239689679
14 0.0
24 0.05098090479379358
12 0.0
9 0.02549045239689679
21 0.0
26 0.029738861129712923
14 0.0
24 0.05098090479379358
12 0.0
10 0.02124204366408066
22 0.0
-17 0.0
-24 0.0
0 0.0
-2 0.0
-14 0.0
-24 0.0
0 0.0
-2 0.0
-8 0.0
-12 0.0
0 0.0
-2 0.0
-8 0.0
-12 0.0
-17 0.0
-24 0.0
-24 0.0
26 0.033987269862529056
14 0.0
24 0.05098090479379358
12 0.0
9 0.016993634931264528
21 0.0
-24 0.0
26 0.038235678595345185
14 0.0
24 0.05098090479379358
12 0.0
10 0.012745226198448395
22 0.0
-24 0.0
26 0.04248408732816132
14 0.0
24 0.05098090479379358
12 0.0
6 0.008496817465632264
18 0.0
26 0.04673249606097745
14 0.0
24 0.05098090479379358
12 0.0
7 0.004248408732816132
19 0.0
-14 0.0
-24 0.0
4 0.0
-2 0.0
-8 0.0
-14 0.0
0 0.0
-2 0.0
-8 0.0
-12 0.0
4 0.0
-2 0.0
-8 0.0
-14 0.0
-24 0.0
-24 0.0
26 0.05098090479379358
14 0.0
9 0.05098090479379358
21 0.0
-14 0.0
-24 0.0
24 0.0
12 0.0
-24 0.0
26 0.055229313526609716
14 0.0
10 0.04673249606097745
22 0.0
-14 0.0
-24 0.0
7 0.0
4 0.0
-5 0.0
-8 0.0
0 0.0
-2 0.0
-8 0.0
-12 0.0
7 0.0
4 0.0
-5 0.0
-8 0.0
-14 0.0
-24 0.0
-24 0.0
24 0.004248408732816132
12 0.0
26 0.055229313526609716
14 0.0
9 0.04248408732816132
21 0.0
-14 0.0
-24 0.0
-24 0.0
24 0.008496817465632264
12 0.0
26 0.055229313526609716
14 0.0
10 0.038235678595345185
22 0.0
-14 0.0
-24 0.0
9 0.0
4 0.0
-3 0.0
-8 0.0
0 0.0
-2 0.0
-8 0.0
-12 0.0
9 0.0
4 0.0
-3 0.0
-8 0.0
-14 0.0
-24 0.0
-24 0.0
24 0.012745226198448395
12 0.0
26 0.055229313526609716
14 0.0
11 0.033987269862529056
23 0.0
-14 0.0
-24 0.0
-24 0.0
24 0.016993634931264528
12 0.0
26 0.055229313526609716
14 0.0
36 0.029738861129712923
12 0.0
24 0.0
-14 0.0
-24 0.0
10 0.0
4 0.0
-2 0.0
-8 0.0
0 0.0
-2 0.0
-8 0.0
-12 0.0
10 0.0
4 0.0
-2 0.0
-8 0.0
-14 0.0
-24 0.0
-24 0.0
-12 0.0
28 0.012745226198448395
24 0.0
12 0.0
34 0.0
0 0.004248408732816132
4 0.0
24 0.004248408732816132
12 0.0
36 0.008496817465632264
4 0.004248408732816132
12 0.0
24 0.0
10 0.004248408732816132
28 0.0
0 0.0
34 0.0
10 0.0
37 0.33987269862529057
25 0.004248408732816132
28 0.0
13 0.008496817465632264
1 0.0
34 0.0
10 0.004248408732816132
4 0.004248408732816132
38 0.38235678595345185
28 0.004248408732816132
26 0.0
34 0.008496817465632264
14 0.0
10 0.004248408732816132
2 0.0
4 0.004248408732816132
33 1.0153696871430555
21 0.004248408732816132
9 0.004248408732816132
28 0.008496817465632264
19 0.004248408732816132
16 0.02124204366408066
34 0.08921658338913876
28 0.0
22 0.004248408732816132
16 0.0
19 0.008496817465632264
10 0.0
31 0.35261792482373894
16 0.008496817465632264
19 0.0
26 0.0
7 0.004248408732816132
14 0.0
16 0.1062102183204033
33 0.0
21 0.0
14 0.0
26 0.004248408732816132
9 0.004248408732816132
28 0.3186306549612099
16 0.0
22 0.012745226198448395
4 0.0
14 0.004248408732816132
10 0.016993634931264528
22 0.07222294845787425
31 0.0
14 0.0
10 0.008496817465632264
19 0.0
7 0.004248408732816132
26 0.32712747242684215
14 0.008496817465632264
19 0.004248408732816132
10 0.008496817465632264
2 0.0
7 0.029738861129712923
19 0.055229313526609716
28 0.008496817465632264
16 0.0
10 0.004248408732816132
7 0.0
4 0.008496817465632264
22 0.3143822462283938
10 0.0
16 0.012745226198448395
7 0.008496817465632264
-2 0.0
4 0.012745226198448395
16 0.07647135719069037
26 0.008496817465632264
14 0.004248408732816132
7 0.0
4 0.0
2 0.008496817465632264
21 0.31013383749557766
9 0.0
-3 0.004248408732816132
16 0.004248408732816132
7 0.008496817465632264
4 0.004248408732816132
22 0.08496817465632264
4 0.004248408732816132
16 0.0
7 0.004248408732816132
10 0.0
-2 0.0
19 0.29738861129712924
7 0.008496817465632264
4 0.004248408732816132
2 0.0
14 0.0
-5 0.004248408732816132
4 0.09771340085477104
9 0.0
21 0.0
2 0.0
-3 0.004248408732816132
14 0.008496817465632264
16 0.2931402025643131
4 0.0
-8 0.012745226198448395
10 0.0
2 0.0
-2 0.02549045239689679
19 0.06797453972505811
-2 0.0
2 0.0
10 0.0
7 0.004248408732816132
-5 0.012745226198448395
14 0.28464338509868087
2 0.012745226198448395
7 0.0
-2 0.004248408732816132
-5 0.004248408732816132
-10 0.0
16 0.0807197659235065
7 0.004248408732816132
4 0.0
-2 0.008496817465632264
-8 0.008496817465632264
-5 0.0
10 0.27189815890023245
-2 0.004248408732816132
4 0.004248408732816132
-5 0.012745226198448395
-14 0.0
-8 0.008496817465632264
4 0.0807197659235065
14 0.0
2 0.012745226198448395
-5 0.0
-8 0.0
-10 0.004248408732816132
9 0.28464338509868087
-3 0.008496817465632264
4 0.004248408732816132
-15 0.008496817465632264
-5 0.008496817465632264
-8 0.0
10 0.07647135719069037
4 0.008496817465632264
-5 0.0
-2 0.004248408732816132
-8 0.0
-14 0.004248408732816132
7 0.2803949763658647
-5 0.008496817465632264
-10 0.0
2 0.004248408732816132
-8 0.0
-17 0.004248408732816132
1 0.0
9 0.08496817465632264
-3 0.004248408732816132
-8 0.0
-15 0.008496817465632264
-10 0.0
4 0.27614656763304857
-8 0.0
-2 0.004248408732816132
-20 0.004248408732816132
-10 0.0
-14 0.016993634931264528
7 0.08496817465632264
-2 0.0
-5 0.004248408732816132
-10 0.004248408732816132
-14 0.008496817465632264
-17 0.0
2 0.2549045239689679
-10 0.008496817465632264
-5 0.004248408732816132
-14 0.008496817465632264
-17 0.0
-22 0.004248408732816132
4 0.10196180958758716
-5 0.0
-8 0.008496817465632264
-17 0.004248408732816132
-14 0.0
-20 0.008496817465632264
-2 0.28464338509868087
-14 0.004248408732816132
-26 0.012745226198448395
2 0.16568794057982913
-22 0.004248408732816132
-10 0.0
-15 0.1741847580454614
-3 0.0
-27 0.004248408732816132
-2 0.17843316677827753
-14 0.004248408732816132
-26 0.0
-5 0.1869299842439098
-17 0.008496817465632264
-29 0.004248408732816132
-3 0.16568794057982913
-15 0.012745226198448395
-27 0.004248408732816132
-8 0.1741847580454614
-20 0.012745226198448395
-32 0.008496817465632264
-5 0.1741847580454614
-17 0.016993634931264528
-29 0.004248408732816132
-10 0.18268157551109368
-22 0.016993634931264528
-34 0.004248408732816132
-8 0.1444458969157485
-32 0.008496817465632264
-20 0.004248408732816132
-14 0.16993634931264529
-26 0.012745226198448395
-10 0.16993634931264529
-22 0.008496817465632264
-15 0.17843316677827753
-27 0.0
-26 0.1741847580454614
-14 0.004248408732816132
-29 0.1741847580454614
-17 0.008496817465632264
-27 0.1741847580454614
-15 0.0
-20 0.17843316677827753
-32 0.008496817465632264
-29 0.19117839297672592
-17 0.004248408732816132
-22 0.1869299842439098
-34 0.004248408732816132
-32 0.19542680170954208
-20 0.004248408732816132
-26 0.225165662839255
-38 0.0
-22 0.2124204366408066
-34 0.004248408732816132
-41 0.2549045239689679
-29 0.012745226198448395
-26 0.288891793831497
-38 0.008496817465632264
-36 0.3696115597550035
-48 0.0
-15 0.9898792347461588
-19 0.012745226198448395
-31 0.0
-43 0.004248408732816132
7 0.6585033535865005
-5 0.0
4 0.004248408732816132
-31 0.012745226198448395
0 0.004248408732816132
-43 0.0
9 0.27189815890023245
-3 0.008496817465632264
0 0.004248408732816132
5 0.016993634931264528
-12 0.012745226198448395
-15 0.0
-19 0.004248408732816132
-24 0.008496817465632264
-12 0.4248408732816132
-12 0.0
-15 0.0
-24 0.0
-31 0.0
-19 0.0
-12 0.1444458969157485
-19 0.0
-7 0.12320385325166783
-15 0.0
-12 0.0
-31 0.0
-24 0.0
-19 0.0
-43 0.6839938059833972
7 0.004248408732816132
4 0.008496817465632264
-31 0.0
-5 0.004248408732816132
0 0.008496817465632264
9 0.22941407157207114
-3 0.012745226198448395
0 0.0
5 0.008496817465632264
-15 0.02549045239689679
-19 0.008496817465632264
-12 0.008496817465632264
-24 0.016993634931264528
-12 0.33987269862529057
-12 0.0
-15 0.0
-24 0.0
-31 0.0
-19 0.0
-12 0.1571911231141969
-19 0.0
-7 0.0934649921219549
-12 0.0
-15 0.0
-24 0.0
-31 0.0
-19 0.0
7 0.5862804051286262
-43 0.0
-31 0.008496817465632264
4 0.0
-5 0.0
0 0.012745226198448395
9 0.27189815890023245
-3 0.012745226198448395
0 0.004248408732816132
5 0.004248408732816132
-15 0.004248408732816132
-12 0.016993634931264528
-24 0.0
-19 0.0
-12 0.35261792482373894
-15 0.0
-12 0.0
-31 0.0
-24 0.0
-19 0.0
-12 0.14869430564856462
-19 0.0
-7 0.0934649921219549
-12 0.0
-15 0.0
-24 0.0
-31 0.0
-19 0.0
7 0.5565415439989133
4 0.0
-31 0.008496817465632264
-5 0.004248408732816132
-43 0.0
0 0.016993634931264528
-20 0.18268157551109368
9 0.12320385325166783
0 0.016993634931264528
-3 0.0
5 0.004248408732816132
-15 0.016993634931264528
-12 0.004248408732816132
-24 0.012745226198448395
-19 0.008496817465632264
-12 0.3441211073581067
-12 0.0
-15 0.0
-24 0.0
-31 0.0
-19 0.0
-12 0.1444458969157485
-19 0.0
-12 0.11470703578603557
-24 0.0
-3 0.012745226198448395
-7 0.0
-3 0.0
-12 0.0
-24 0.0
-31 0.0
-15 0.0
-19 0.0
-24 0.0
-7 0.0
-15 0.0
-31 0.0
-19 0.0
0 0.5437963178004649
-12 0.0
0 0.0
-24 0.0
-3 0.008496817465632264
-12 0.004248408732816132
-7 0.008496817465632264
-31 0.033987269862529056
-43 0.0
2 0.5098090479379358
-3 0.0
-10 0.0
2 0.0
-22 0.0
-10 0.016993634931264528
-7 0.0
-24 0.033987269862529056
-31 0.008496817465632264
-15 0.36111474228937124
-7 0.02124204366408066
-19 0.004248408732816132
-3 0.3483695160909228
0 0.0
-3 0.0
0 0.0
-7 0.0
-19 0.0
-31 0.0
-12 0.0
-15 0.0
-19 0.0
-15 0.008496817465632264
-24 0.02124204366408066
-19 0.0
5 0.33137588115965827
-7 0.0
5 0.0
-19 0.0
0 0.004248408732816132
-7 0.0
-3 0.004248408732816132
-15 0.004248408732816132
-12 0.012745226198448395
-19 0.016993634931264528
9 0.3483695160909228
-3 0.0
9 0.0
-15 0.0
-3 0.004248408732816132
-15 0.012745226198448395
0 0.0
5 0.004248408732816132
-7 0.0
-15 0.33137588115965827
0 0.012745226198448395
-12 0.008496817465632264
-7 0.0
-24 0.0
-3 0.008496817465632264
-3 0.33987269862529057
5 0.004248408732816132
5 0.0
0 0.0
5 0.0
-3 0.0
-15 0.0
-31 0.0
-7 0.0
-12 0.0
-15 0.0
-7 0.012745226198448395
-15 0.0
0 0.322879063694026
12 0.004248408732816132
9 0.0
0 0.0
12 0.0
-12 0.0
5 0.008496817465632264
-3 0.004248408732816132
-12 0.016993634931264528
-7 0.008496817465632264
17 0.33987269862529057
5 0.0
17 0.0
-7 0.0
5 0.012745226198448395
12 0.0
-3 0.004248408732816132
0 0.0
9 0.0
-7 0.008496817465632264
21 0.35261792482373894
9 0.004248408732816132
12 0.004248408732816132
-3 0.0
-15 0.0
17 0.008496817465632264
-7 0.004248408732816132
-12 0.0
-3 0.3696115597550035
24 0.0
9 0.0
5 0.0
9 0.0
0 0.0
-12 0.0
-3 0.0
-7 0.0
-12 0.0
0 0.008496817465632264
12 0.0
21 0.0
-7 0.0
17 0.004248408732816132
-12 0.004248408732816132
29 0.514057456670752
17 0.012745226198448395
24 0.0
21 0.004248408732816132
0 0.004248408732816132
-3 0.008496817465632264
-7 0.004248408732816132
5 0.004248408732816132
28 1.0578537744712169
16 0.0
4 0.0
16 0.0
24 0.016993634931264528
21 0.0
0 0.004248408732816132
4 0.004248408732816132
-8 0.0
-3 0.0
16 0.2676497501674163
26 0.21666884537362274
2 0.0
14 0.0
-19 0.0
-3 0.0
-7 0.0
-15 0.0
21 0.004248408732816132
14 0.004248408732816132
17 0.008496817465632264
2 0.0
-3 0.004248408732816132
-10 0.004248408732816132
-7 0.004248408732816132
24 0.39085360341908415
0 0.0
12 0.0
21 0.008496817465632264
12 0.012745226198448395
17 0.004248408732816132
0 0.0
-12 0.004248408732816132
-3 0.004248408732816132
-7 0.012745226198448395
-20 0.27614656763304857
26 0.36111474228937124
21 0.0
2 0.0
14 0.0
14 0.008496817465632264
2 0.0
17 0.008496817465632264
-3 0.0
-7 0.004248408732816132
-10 0.008496817465632264
2 0.3483695160909228
-7 0.004248408732816132
26 0.0
2 0.0
14 0.0
-21 0.0
14 0.004248408732816132
21 0.004248408732816132
17 0.008496817465632264
-10 0.008496817465632264
9 0.322879063694026
21 0.012745226198448395
-3 0.0
-3 0.0
9 0.0
-15 0.004248408732816132
24 0.36111474228937124
0 0.0
12 0.0
-22 0.0
-14 0.0
-7 0.0
0 0.0
21 0.004248408732816132
-3 0.008496817465632264
12 0.004248408732816132
-7 0.004248408732816132
17 0.0
0 0.0
-12 0.004248408732816132
22 0.4035988296175325
10 0.0
-2 0.0
10 0.0
-2 0.0
17 0.012745226198448395
-2 0.004248408732816132
-7 0.004248408732816132
-14 0.008496817465632264
-23 0.2931402025643131
24 0.35686633355655506
0 0.0
12 0.0
-3 0.0
21 0.008496817465632264
-3 0.004248408732816132
12 0.004248408732816132
0 0.0
-12 0.004248408732816132
-7 0.0
17 0.016993634931264528
26 0.35686633355655506
2 0.0
14 0.0
-24 0.0
-2 0.0
-5 0.0
-8 0.0
-14 0.0
16 0.004248408732816132
-2 0.004248408732816132
22 0.008496817465632264
2 0.0
14 0.0
-10 0.004248408732816132
-8 0.0
19 0.36111474228937124
7 0.0
-5 0.0
7 0.0
-5 0.02549045239689679
-17 0.004248408732816132
21 0.32712747242684215
-3 0.0
9 0.0
-15 0.0
-24 0.0
-31 0.0
-3 0.0
-7 0.0
-15 0.0
9 0.012745226198448395
12 0.012745226198448395
17 0.004248408732816132
-3 0.0
-15 0.0
-7 0.016993634931264528
-12 0.016993634931264528
4 0.225165662839255
-8 0.0
-12 0.0
16 0.14019748818293234
4 0.004248408732816132
9 0.012745226198448395
-3 0.0
-7 0.004248408732816132
-12 0.0
17 0.1317006707173001
2 0.0
-10 0.0
-3 0.0
-7 0.0
-13 0.0
-29 0.0
-7 0.0
-13 0.0
5 0.012745226198448395
-3 0.0
9 0.0
-7 0.004248408732816132
-13 0.004248408732816132
13 0.3781083772206357
1 0.004248408732816132
-15 0.0
-11 0.012745226198448395
9 0.004248408732816132
-7 0.0
14 0.1317006707173001
-5 0.0
-14 0.0
-26 0.0
-5 0.0
-10 0.0
-14 0.0
10 0.004248408732816132
2 0.0
-7 0.016993634931264528
-17 0.004248408732816132
-10 0.012745226198448395
-14 0.008496817465632264
-17 0.3186306549612099
-24 0.008496817465632264
-14 0.008496817465632264
9 0.012745226198448395
-3 0.0
5 0.012745226198448395
10 0.1444458969157485
0 0.0
-12 0.0
-8 0.0
-24 0.0
-8 0.0
-12 0.0
-2 0.004248408732816132
4 0.016993634931264528
-8 0.016993634931264528
-14 0.008496817465632264
-17 0.02124204366408066
9 0.24215929777051953
-3 0.0
-3 0.0
-24 0.11895544451885169
4 0.008496817465632264
-8 0.0
-17 0.0
-14 0.004248408732816132
-2 0.008496817465632264
5 0.16568794057982913
5 0.0
-7 0.0
-19 0.0
-7 0.0
-15 0.0
-7 0.0
-15 0.0
-7 0.016993634931264528
0 0.0
-3 0.0
-15 0.016993634931264528
-12 0.008496817465632264
-19 0.004248408732816132
7 0.4333376907472455
-31 0.008496817465632264
-5 0.0
-43 0.0
4 0.004248408732816132
0 0.008496817465632264
-20 0.19542680170954208
9 0.07222294845787425
-3 0.012745226198448395
0 0.008496817465632264
5 0.0
-24 0.016993634931264528
-15 0.004248408732816132
-19 0.0
-12 0.012745226198448395
-12 0.40784723835034864
-12 0.0
-15 0.0
-24 0.0
-31 0.0
-19 0.0
-12 0.11045862705321943
-19 0.0
-7 0.11470703578603557
-12 0.0
-15 0.0
-24 0.0
-31 0.0
-19 0.0
-43 0.4290892820144293
-31 0.008496817465632264
7 0.016993634931264528
-5 0.004248408732816132
4 0.008496817465632264
0 0.008496817465632264
-20 0.1741847580454614
9 0.055229313526609716
0 0.004248408732816132
-3 0.0
5 0.004248408732816132
-24 0.029738861129712923
-15 0.0
-12 0.012745226198448395
-19 0.012745226198448395
-19 0.1996752104423582
-12 0.19117839297672592
-12 0.0
-15 0.0
-24 0.0
-31 0.0
-19 0.0
-12 0.11045862705321943
-19 0.0
-7 0.11470703578603557
-12 0.0
-15 0.0
-24 0.0
-31 0.0
-19 0.0
-31 0.40784723835034864
-43 0.0
7 0.016993634931264528
-5 0.0
4 0.0
0 0.02124204366408066
-20 0.1571911231141969
9 0.07647135719069037
-3 0.008496817465632264
0 0.0
5 0.008496817465632264
-15 0.029738861129712923
-24 0.0
-12 0.0
-19 0.012745226198448395
-19 0.11470703578603557
-12 0.2803949763658647
-12 0.0
-15 0.0
-24 0.0
-31 0.0
-19 0.0
-12 0.11045862705321943
-19 0.0
-7 0.11470703578603557
-12 0.0
-15 0.0
-24 0.0
-31 0.0
-19 0.0
-31 0.4248408732816132
7 0.0
-43 0.0
-5 0.016993634931264528
4 0.0
0 0.004248408732816132
9 0.3441211073581067
-3 0.004248408732816132
0 0.012745226198448395
5 0.004248408732816132
-15 0.016993634931264528
-19 0.004248408732816132
-12 0.0
-24 0.012745226198448395
-12 0.39085360341908415
-12 0.0
-15 0.0
-24 0.0
-31 0.0
-19 0.0
-12 0.11045862705321943
-19 0.0
-7 0.12745226198448395
-12 0.0
-15 0.0
-24 0.0
-31 0.0
-19 0.0
-31 0.1571911231141969
-3 0.0
-7 0.0
-3 0.0
-12 0.0
-24 0.0
-31 0.0
-15 0.0
-19 0.0
-24 0.0
-3 0.27614656763304857
0 0.004248408732816132
-12 0.0
0 0.0
-24 0.0
-12 0.004248408732816132
-7 0.016993634931264528
-31 0.02549045239689679
-43 0.012745226198448395
2 0.4928154130066713
-10 0.0
2 0.0
-22 0.0
-10 0.008496817465632264
-3 0.008496817465632264
-23 0.008496817465632264
-7 0.0
-31 0.04248408732816132
-24 0.038235678595345185
-15 0.3186306549612099
-7 0.016993634931264528
-19 0.012745226198448395
-3 0.32712747242684215
-31 0.0
0 0.0
-3 0.0
0 0.0
-7 0.0
-19 0.0
-31 0.0
-12 0.0
-15 0.0
-19 0.0
-15 0.029738861129712923
-24 0.016993634931264528
-19 0.0
5 0.3058854287627615
-7 0.0
5 0.0
-19 0.0
0 0.008496817465632264
-7 0.004248408732816132
-3 0.0
-12 0.008496817465632264
9 0.35686633355655506
-3 0.0
9 0.0
-15 0.0
-15 0.004248408732816132
-3 0.008496817465632264
-7 0.004248408732816132
0 0.008496817465632264
5 0.012745226198448395
-15 0.3186306549612099
-24 0.008496817465632264
-12 0.008496817465632264
0 0.0
-7 0.004248408732816132
-3 0.004248408732816132
0 0.33137588115965827
5 0.008496817465632264
-31 0.0
5 0.0
0 0.0
5 0.0
-3 0.0
-15 0.0
-31 0.0
-7 0.0
-12 0.0
-15 0.0
-3 0.004248408732816132
-7 0.008496817465632264
-15 0.0
12 0.3058854287627615
9 0.0
0 0.0
12 0.0
-12 0.0
0 0.012745226198448395
5 0.004248408732816132
-3 0.004248408732816132
-12 0.012745226198448395
-7 0.004248408732816132
17 0.3993504208847164
5 0.0
17 0.0
-7 0.0
5 0.008496817465632264
12 0.0
9 0.0
0 0.004248408732816132
-7 0.008496817465632264
-3 0.008496817465632264
21 0.35261792482373894
9 0.008496817465632264
-3 0.004248408732816132
12 0.0
17 0.008496817465632264
-7 0.0
-12 0.004248408732816132
-15 0.0
24 0.3696115597550035
21 0.0
-3 0.0
12 0.0
9 0.0
5 0.0
9 0.0
0 0.0
-12 0.0
-3 0.0
-7 0.0
-12 0.0
17 0.008496817465632264
-7 0.004248408732816132
0 0.0
-12 0.0
29 0.518305865403568
24 0.0
17 0.012745226198448395
21 0.0
-3 0.008496817465632264
0 0.008496817465632264
5 0.004248408732816132
-7 0.0
28 1.0068728696774232
4 0.0
16 0.0
-8 0.0
16 0.008496817465632264
4 0.004248408732816132
-8 0.0
21 0.0
24 0.0
-3 0.008496817465632264
0 0.0
26 0.5395479090676487
21 0.0
2 0.0
14 0.0
-10 0.0
-34 0.0
9 0.0
5 0.0
-3 0.0
-7 0.0
-7 0.0
-10 0.0
-22 0.0
-10 0.0
17 0.004248408732816132
14 0.0
2 0.0
-3 0.008496817465632264
-10 0.0
-7 0.008496817465632264
24 0.4290892820144293
0 0.0
12 0.0
-12 0.0
21 0.004248408732816132
0 0.0
-3 0.0
12 0.004248408732816132
-12 0.0
-7 0.008496817465632264
17 0.004248408732816132
-3 0.3441211073581067
21 0.36111474228937124
26 0.0
-7 0.0
-3 0.0
2 0.0
14 0.0
-10 0.0
14 0.004248408732816132
2 0.0
17 0.012745226198448395
-10 0.008496817465632264
26 0.3738599684878196
2 0.0
14 0.0
-10 0.0
-29 0.0
10 0.0
7 0.0
-2 0.0
-5 0.0
-2 0.0
-5 0.0
-29 0.0
-5 0.0
-10 0.0
-5 0.008496817465632264
-2 0.008496817465632264
14 0.0
2 0.0
22 0.0
19 0.008496817465632264
-10 0.0
22 0.4035988296175325
10 0.0
-2 0.0
-14 0.0
19 0.004248408732816132
10 0.0
-5 0.008496817465632264
-2 0.0
-14 0.02124204366408066
-10 0.6839938059833972
-5 0.0
2 0.004248408732816132
-2 0.0
26 0.0
22 0.0
14 0.0
2 0.0
-10 0.0
14 0.012745226198448395
10 0.004248408732816132
19 0.0
29 0.3781083772206357
25 0.0
17 0.0
5 0.0
-7 0.0
13 0.0
1 0.0
1 0.0
-17 0.0
-11 0.0
1 0.004248408732816132
5 0.0
17 0.004248408732816132
-2 0.0
22 0.004248408732816132
-7 0.0
22 0.2549045239689679
22 0.14019748818293234
25 0.004248408732816132
33 0.0
21 0.0
9 0.0
-3 0.0
21 0.004248408732816132
-2 0.012745226198448395
9 0.0
30 0.0
1 0.016993634931264528
-3 0.004248408732816132
-7 0.288891793831497
31 0.32712747242684215
19 0.0
7 0.0
-5 0.0
7 0.004248408732816132
25 0.004248408732816132
19 0.008496817465632264
1 0.0
-5 0.0
-2 0.0
28 0.3483695160909228
16 0.0
4 0.0
-8 0.0
-36 0.0
12 0.0
0 0.0
0 0.0
-24 0.0
-8 0.0
16 0.016993634931264528
4 0.0
22 0.004248408732816132
-2 0.0
-8 0.0
19 0.004248408732816132
-5 0.008496817465632264
26 0.32712747242684215
14 0.0
2 0.0
-10 0.0
22 0.016993634931264528
2 0.004248408732816132
14 0.0
-10 0.004248408732816132
-2 0.0
19 0.008496817465632264
-5 0.004248408732816132
-2 0.28464338509868087
28 0.32712747242684215
16 0.0
4 0.0
-8 0.0
16 0.012745226198448395
22 0.0
4 0.0
-5 0.016993634931264528
19 0.0
-2 0.004248408732816132
-8 0.0
28 0.33137588115965827
16 0.0
4 0.0
-8 0.0
-27 0.0
9 0.0
-3 0.0
-3 0.0
-20 0.0
-27 0.0
-3 0.0
-8 0.0
-12 0.0
16 0.008496817465632264
24 0.0
21 0.008496817465632264
-3 0.0
0 0.0
4 0.0
-8 0.012745226198448395
24 0.35261792482373894
12 0.0
0 0.0
-12 0.0
16 0.004248408732816132
21 0.0
12 0.004248408732816132
-3 0.0
0 0.012745226198448395
-12 0.0
-8 0.0
-8 0.5735351789301778
16 0.0
28 0.004248408732816132
4 0.0
16 0.0
4 0.0
-8 0.0
24 0.004248408732816132
21 0.012745226198448395
0 0.004248408732816132
-3 0.0
31 0.35686633355655506
27 0.0
19 0.0
7 0.0
-5 0.0
15 0.0
3 0.0
3 0.0
-15 0.0
-9 0.0
3 0.008496817465632264
19 0.0
-5 0.0
0 0.0
7 0.008496817465632264
24 0.0
34 0.36536315102218736
27 0.0
22 0.0
10 0.0
-2 0.0
24 0.004248408732816132
22 0.004248408732816132
0 0.008496817465632264
28 0.004248408732816132
-2 0.0
10 0.008496817465632264
3 0.0
-5 0.2634013414346002
33 0.288891793831497
21 0.0
9 0.0
-3 0.0
21 0.012745226198448395
27 0.004248408732816132
9 0.004248408732816132
24 0.008496817465632264
3 0.008496817465632264
0 0.0
-3 0.012745226198448395
30 0.36111474228937124
18 0.0
6 0.0
-6 0.0
-34 0.0
14 0.0
2 0.0
2 0.0
-22 0.0
-34 0.0
-6 0.0
-10 0.0
18 0.008496817465632264
6 0.004248408732816132
-6 0.008496817465632264
26 0.0
2 0.004248408732816132
0 0.0
24 0.0
31 0.4248408732816132
7 0.008496817465632264
26 0.0
19 0.008496817465632264
-5 0.0
24 0.008496817465632264
0 0.0
2 0.0
31 0.1741847580454614
19 0.0
7 0.0
-5 0.0
0 0.0
26 0.008496817465632264
0 0.0
7 0.008496817465632264
24 0.0
19 0.004248408732816132
2 0.0
-5 0.0
21 0.3186306549612099
9 0.0
-3 0.0
33 0.06372613099224197
2 0.0
21 0.008496817465632264
9 0.004248408732816132
0 0.0
-3 0.008496817465632264
33 0.2506561152361518
21 0.0
21 0.0
9 0.0
-3 0.0
-29 0.0
17 0.0
13 0.0
5 0.0
1 0.0
5 0.0
1 0.0
-29 0.0
-7 0.0
-11 0.0
-7 0.0
-11 0.0
-14 0.0
-29 0.0
25 0.012745226198448395
29 0.0
5 0.008496817465632264
9 0.0
1 0.0
-3 0.004248408732816132
36 0.3696115597550035
24 0.0
12 0.0
0 0.0
-3 0.0
29 0.004248408732816132
24 0.004248408732816132
25 0.0
0 0.016993634931264528
12 0.004248408732816132
1 0.0
5 0.004248408732816132
34 0.5310510916020165
22 0.0
10 0.0
-2 0.0
-2 0.0
22 0.012745226198448395
10 0.0
1 0.0
5 0.004248408732816132
-2 0.004248408732816132
31 0.32712747242684215
19 0.0
7 0.0
-5 0.0
-36 0.0
16 0.0
12 0.0
4 0.0
0 0.0
4 0.0
0 0.0
-24 0.0
-2 0.0
-5 0.0
-12 0.0
-8 0.0
-12 0.0
-24 0.0
28 0.008496817465632264
19 0.004248408732816132
24 0.0
4 0.008496817465632264
7 0.004248408732816132
-5 0.0
0 0.004248408732816132
9 0.42059246454879706
4 0.0
33 0.004248408732816132
28 0.0
0 0.0
21 0.004248408732816132
-3 0.008496817465632264
24 0.0
-3 0.14019748818293234
33 0.0
21 0.0
9 0.0
28 0.0
21 0.0
9 0.0
-3 0.0
-5 0.0
-8 0.0
0 0.008496817465632264
4 0.004248408732816132
24 0.004248408732816132
22 0.322879063694026
10 0.0
-2 0.0
2 0.0
34 0.12320385325166783
22 0.0
31 0.004248408732816132
10 0.008496817465632264
28 0.0
-2 0.0
35 0.20392361917517432
31 0.0
23 0.0
11 0.0
-1 0.0
-27 0.0
15 0.0
3 0.0
3 0.0
-27 0.0
-5 0.0
-9 0.0
-9 0.0
-17 0.0
-12 0.0
-27 0.0
23 0.008496817465632264
27 0.0
11 0.008496817465632264
7 0.004248408732816132
-1 0.0
3 0.008496817465632264
28 0.20392361917517432
38 0.17843316677827753
31 0.0
26 0.0
14 0.0
2 0.0
19 0.0
7 0.0
7 0.0
-1 0.0
27 0.008496817465632264
26 0.004248408732816132
2 0.008496817465632264
28 0.004248408732816132
14 0.004248408732816132
7 0.0
3 0.02124204366408066
4 0.012745226198448395
0 0.4885670042738552
36 0.008496817465632264
24 0.0
31 0.0
27 0.0
24 0.0
12 0.0
0 0.0
0 0.0
24 0.004248408732816132
12 0.008496817465632264
7 0.004248408732816132
3 0.004248408732816132
33 0.3441211073581067
9 0.0
-3 0.0
21 0.0
21 0.0
9 0.0
-3 0.0
-30 0.0
21 0.0
14 0.0
9 0.0
2 0.0
9 0.0
2 0.0
-30 0.0
0 0.0
-3 0.0
-10 0.0
-10 0.0
-12 0.0
-15 0.0
-30 0.0
6 0.008496817465632264
30 0.0
2 0.008496817465632264
26 0.004248408732816132
6 0.3058854287627615
10 0.02124204366408066
2 0.004248408732816132
34 0.004248408732816132
22 0.0
-2 0.0
26 0.0
30 0.0
22 0.0
10 0.0
-2 0.0
36 0.35261792482373894
9 0.0
33 0.0
24 0.0
12 0.0
0 0.0
24 0.004248408732816132
12 0.004248408732816132
5 0.0
29 0.004248408732816132
0 0.008496817465632264
13 0.3441211073581067
5 0.004248408732816132
9 0.0
25 0.004248408732816132
30 0.0
36 0.0
1 0.008496817465632264
37 0.0
25 0.0
13 0.0
1 0.0
1 0.0
38 0.4290892820144293
26 0.0
14 0.0
2 0.0
-34 0.0
22 0.0
18 0.0
10 0.0
6 0.0
10 0.0
6 0.0
-22 0.0
-34 0.0
2 0.0
-2 0.0
-6 0.0
-12 0.0
-22 0.0
-34 0.0
26 0.004248408732816132
30 0.0
34 0.004248408732816132
10 0.008496817465632264
14 0.0
6 0.0
2 0.0
15 0.4333376907472455
12 0.0
6 0.0
3 0.0
39 0.038235678595345185
36 0.0
27 0.0
15 0.0
3 0.0
3 0.0
30 0.008496817465632264
27 0.008496817465632264
36 0.004248408732816132
3 0.008496817465632264
12 0.0
15 0.008496817465632264
6 0.0
-3 0.35686633355655506
21 0.004248408732816132
9 0.0
9 0.0
38 0.39085360341908415
26 0.0
14 0.0
2 0.0
2 0.0
26 0.012745226198448395
14 0.012745226198448395
2 0.008496817465632264
6 0.004248408732816132
12 0.004248408732816132
36 0.004248408732816132
38 0.47582177807540676
26 0.0
14 0.0
2 0.0
-41 0.0
22 0.0
19 0.0
10 0.0
7 0.0
10 0.0
7 0.0
-29 0.0
2 0.0
-2 0.0
-5 0.0
-14 0.0
-22 0.0
-29 0.0
26 0.008496817465632264
31 0.012745226198448395
34 0.0
2 0.0
10 0.004248408732816132
14 0.0
7 0.0
9 0.5352995003348326
33 0.012745226198448395
21 0.0
7 0.0
-3 0.0
2 0.008496817465632264
26 0.004248408732816132
31 0.008496817465632264
34 0.161439531847013
7 0.0
2 0.008496817465632264
26 0.0
31 0.0
10 0.004248408732816132
22 0.008496817465632264
-2 0.0
28 0.016993634931264528
16 0.0
4 0.0
10 0.0
-2 0.0
29 0.3993504208847164
17 0.0
5 0.0
-5 0.07222294845787425
2 0.008496817465632264
31 0.004248408732816132
7 0.0
19 0.004248408732816132
26 0.0
33 0.1869299842439098
28 0.004248408732816132
26 0.0
21 0.0
2 0.004248408732816132
9 0.012745226198448395
-3 0.008496817465632264
28 0.06372613099224197
16 0.0
4 0.0
-36 0.0
21 0.0
16 0.0
9 0.0
4 0.0
9 0.0
4 0.0
-24 0.0
9 0.0
-3 0.0
-8 0.0
-24 0.0
-36 0.0
26 0.4885670042738552
22 0.0
-10 0.0
2 0.0
-2 0.0
14 0.016993634931264528
28 0.20392361917517432
26 0.0
22 0.0
4 0.004248408732816132
2 0.0
-2 0.0
16 0.0
-8 0.004248408732816132
26 0.0807197659235065
14 0.0
2 0.0
4 0.0
28 0.3993504208847164
16 0.0
4 0.0
19 0.0
7 0.0
7 0.0
7 0.0
-5 0.0
-2 0.06797453972505811
4 0.0
34 0.0
10 0.0
7 0.004248408732816132
31 0.004248408732816132
22 0.0
28 0.008496817465632264
36 0.322879063694026
24 0.0
12 0.0
0 0.0
-39 0.0
21 0.0
16 0.0
9 0.0
4 0.0
9 0.0
4 0.0
-20 0.0
-27 0.0
0 0.0
-3 0.0
9 0.0
-3 0.0
-8 0.0
-12 0.0
-20 0.0
-27 0.0
24 0.008496817465632264
28 0.0
33 0.012745226198448395
9 0.0
12 0.004248408732816132
0 0.012745226198448395
4 0.0
19 0.8156944767006973
7 0.0
7 0.0
-5 0.0
38 0.4035988296175325
26 0.0
14 0.0
2 0.0
33 0.004248408732816132
14 0.008496817465632264
26 0.0
28 0.0
9 0.004248408732816132
2 0.004248408732816132
4 0.0
34 0.4248408732816132
22 0.0
10 0.0
-2 0.0
-34 0.0
19 0.0
15 0.0
7 0.0
3 0.0
7 0.0
3 0.0
-22 0.0
-2 0.0
7 0.0
-5 0.0
-9 0.0
-12 0.0
-22 0.0
-34 0.0
22 0.012745226198448395
31 0.008496817465632264
-2 0.0
10 0.0
3 0.0
7 0.0
27 0.004248408732816132
36 0.3483695160909228
12 0.0
24 0.0
12 0.0
0 0.0
31 0.008496817465632264
0 0.0
24 0.004248408732816132
7 0.0
27 0.008496817465632264
3 0.004248408732816132
33 0.386605194686268
21 0.0
9 0.0
-3 0.0
14 0.0
2 0.0
2 0.0
-3 0.0
-10 0.0
7 0.016993634931264528
21 0.0
31 0.004248408732816132
9 0.004248408732816132
2 0.0
26 0.008496817465632264
-3 0.008496817465632264
18 0.36111474228937124
6 0.0
6 0.0
6 0.0
-6 0.0
6 0.02124204366408066
30 0.02124204366408066
9 0.35686633355655506
33 0.004248408732816132
7 0.0
-3 0.0
21 0.0
9 0.0
-3 0.0
-29 0.0
19 0.0
14 0.0
7 0.0
2 0.0
7 0.0
2 0.0
-29 0.0
-2 0.0
-5 0.0
7 0.0
-5 0.0
-14 0.0
-29 0.0
21 0.004248408732816132
31 0.016993634931264528
26 0.0
2 0.004248408732816132
10 0.3483695160909228
7 0.0
2 0.004248408732816132
34 0.0
22 0.0
10 0.0
-2 0.0
17 0.0
5 0.0
5 0.0
-2 0.008496817465632264
22 0.008496817465632264
31 0.0
26 0.0
31 0.3738599684878196
19 0.0
7 0.0
-5 0.0
-27 0.0
13 0.0
1 0.0
-27 0.0
-11 0.0
-17 0.0
-27 0.0
29 0.012745226198448395
25 0.004248408732816132
19 0.0
5 0.0
1 0.0
-5 0.004248408732816132
7 0.012745226198448395
4 0.09771340085477104
4 0.24640770650333566
28 0.004248408732816132
16 0.012745226198448395
4 0.0
31 0.32712747242684215
-26 0.0
-10 0.0
-26 0.0
-5 0.008496817465632264
5 0.004248408732816132
2 0.004248408732816132
19 0.004248408732816132
7 0.0
29 0.0
26 0.008496817465632264
19 0.038235678595345185
14 0.0
2 0.0
-2 0.0
-5 0.0
-10 0.0
-26 0.0
-10 0.0
2 0.0
33 0.2676497501674163
21 0.0
9 0.0
-3 0.0
5 0.02124204366408066
9 0.0
29 0.012745226198448395
21 0.0
26 0.004248408732816132
2 0.016993634931264528
-3 0.004248408732816132
29 0.3058854287627615
5 0.0
17 0.0
-7 0.0
-25 0.0
9 0.0
-3 0.0
-7 0.0
-25 0.0
-3 0.0
-7 0.0
-7 0.0
-15 0.0
-25 0.0
21 0.012745226198448395
17 0.004248408732816132
26 0.004248408732816132
-3 0.0
2 0.016993634931264528
-7 0.0
5 0.0
25 0.33137588115965827
13 0.0
1 0.0
-11 0.0
-11 0.0
1 0.0
-7 0.004248408732816132
1 0.0
29 0.33987269862529057
17 0.0
5 0.0
-7 0.0
-24 0.0
12 0.0
0 0.0
-12 0.0
-24 0.0
-12 0.0
0 0.0
-24 0.0
17 0.004248408732816132
-3 0.004248408732816132
24 0.0
21 0.008496817465632264
0 0.0
5 0.004248408732816132
-7 0.0
31 0.3143822462283938
19 0.0
7 0.0
-5 0.0
7 0.004248408732816132
-3 0.004248408732816132
-5 0.004248408732816132
19 0.008496817465632264
0 0.0
24 0.02124204366408066
28 0.28464338509868087
16 0.0
4 0.0
-8 0.0
-23 0.0
11 0.0
7 0.0
-1 0.0
-5 0.0
-8 0.0
-13 0.0
-23 0.0
-5 0.0
-13 0.0
-1 0.0
16 0.012745226198448395
4 0.004248408732816132
-8 0.008496817465632264
23 0.008496817465632264
-4 0.0
-1 0.0
20 0.008496817465632264
29 0.30163702002994536
17 0.0
5 0.0
-7 0.0
10 0.0
-2 0.0
-14 0.0
-14 0.0
-2 0.0
-5 0.008496817465632264
5 0.0
-7 0.004248408732816132
19 0.004248408732816132
22 0.0
17 0.0
23 0.0
-2 0.02549045239689679
26 0.3186306549612099
14 0.0
2 0.0
-10 0.0
-22 0.0
9 0.0
5 0.0
-3 0.0
-7 0.0
-10 0.0
-15 0.0
-22 0.0
-7 0.0
-15 0.0
-3 0.0
21 0.012745226198448395
17 0.008496817465632264
14 0.0
-3 0.0
2 0.008496817465632264
-10 0.004248408732816132
-7 0.004248408732816132
25 0.5862804051286262
13 0.0
1 0.0
-11 0.0
-26 0.0
7 0.0
-11 0.0
-17 0.0
-26 0.0
-17 0.0
-5 0.0
13 0.004248408732816132
-7 0.0
17 0.016993634931264528
-5 0.0
-11 0.0
19 0.0
1 0.008496817465632264
-1 0.016993634931264528
-9 0.029738861129712923
27 0.2676497501674163
19 0.0
3 0.0
15 0.0
3 0.008496817465632264
-7 0.008496817465632264
17 0.0
15 0.004248408732816132
-9 0.0
-5 0.02549045239689679
24 0.2931402025643131
12 0.0
0 0.0
-7 0.0
-15 0.0
-12 0.0
-36 0.0
9 0.0
5 0.0
9 0.0
5 0.0
-12 0.0
-12 0.0
-24 0.0
-7 0.0
-12 0.0
-15 0.0
-7 0.0
-36 0.0
21 0.008496817465632264
12 0.012745226198448395
-3 0.0
0 0.0
-7 0.004248408732816132
17 0.0
-12 0.016993634931264528
-7 0.12320385325166783
-15 0.0
-7 0.16993634931264529
-15 0.0
26 0.11895544451885169
-3 0.0
-7 0.016993634931264528
17 0.0
14 0.004248408732816132
2 0.008496817465632264
21 0.008496817465632264
-7 0.008496817465632264
-15 0.0
23 0.16568794057982913
11 0.0
-1 0.0
-7 0.0
-16 0.0
-13 0.0
-36 0.0
8 0.0
-13 0.0
-7 0.0
-13 0.0
-16 0.0
-3 0.008496817465632264
11 0.0
20 0.0
-7 0.0
17 0.004248408732816132
-1 0.008496817465632264
-12 0.0
-7 0.1317006707173001
-16 0.0
13 0.14869430564856462
1 0.0
-11 0.0
-7 0.004248408732816132
-16 0.0
25 0.11470703578603557
1 0.004248408732816132
13 0.012745226198448395
-7 0.008496817465632264
-7 0.008496817465632264
-16 0.0
-12 0.008496817465632264
22 0.1444458969157485
10 0.0
-2 0.0
-7 0.0
-17 0.0
-14 0.0
-36 0.0
7 0.0
-14 0.0
-7 0.0
-14 0.0
-17 0.0
19 0.004248408732816132
10 0.0
-5 0.0
-2 0.012745226198448395
17 0.004248408732816132
-12 0.0
-7 0.0
-7 0.1317006707173001
-17 0.0
-7 0.15294271438138074
-17 0.0
24 0.11470703578603557
0 0.008496817465632264
-5 0.0
-7 0.004248408732816132
12 0.012745226198448395
-12 0.0
19 0.008496817465632264
-7 0.008496817465632264
-17 0.0
22 0.14869430564856462
-36 0.0
4 0.0
-8 0.0
-14 0.0
-17 0.0
-8 0.004248408732816132
-17 0.0
19 0.004248408732816132
16 0.0
-2 0.004248408732816132
-5 0.0
10 0.0
-12 0.008496817465632264
-8 0.0
-8 0.13594907945011622
-17 0.0
-8 0.15294271438138074
-17 0.0
24 0.11470703578603557
12 0.0
0 0.0
-12 0.0
-8 0.004248408732816132
-5 0.0
0 0.0
12 0.008496817465632264
7 0.0
4 0.0
-12 0.0
19 0.012745226198448395
-8 0.016993634931264528
-17 0.0
19 0.15294271438138074
21 0.0
9 0.0
-3 0.0
-9 0.0
-17 0.0
-15 0.0
-36 0.0
7 0.0
3 0.0
-15 0.0
-24 0.0
-9 0.0
-15 0.0
-17 0.0
-5 0.004248408732816132
9 0.004248408732816132
15 0.008496817465632264
-3 0.0
-12 0.0
-9 0.004248408732816132
-9 0.12745226198448395
-17 0.0
-9 0.14869430564856462
-17 0.0
22 0.0934649921219549
-2 0.0
-12 0.012745226198448395
10 0.008496817465632264
-9 0.033987269862529056
-17 0.0
18 0.14869430564856462
21 0.0
9 0.0
-3 0.0
-10 0.0
-18 0.0
-15 0.0
-34 0.0
6 0.0
2 0.0
-12 0.0
-18 0.0
-22 0.0
-18 0.0
-10 0.0
9 0.008496817465632264
-3 0.008496817465632264
14 0.0
-12 0.004248408732816132
-6 0.0
-10 0.008496817465632264
-10 0.1317006707173001
-18 0.0
10 0.161439531847013
-2 0.0
-10 0.0
-18 0.0
-14 0.0
22 0.1062102183204033
-2 0.0
-12 0.0
10 0.012745226198448395
-6 0.004248408732816132
-10 0.033987269862529056
-18 0.0
19 0.161439531847013
7 0.0
-5 0.0
-11 0.0
-19 0.0
-17 0.0
-38 0.0
5 0.0
1 0.0
-19 0.0
-17 0.0
-26 0.0
-11 0.0
7 0.012745226198448395
17 0.008496817465632264
13 0.0
-7 0.012745226198448395
-5 0.0
-11 0.02549045239689679
-14 0.04248408732816132
-11 0.08921658338913876
-19 0.0
-11 0.19117839297672592
-19 0.0
21 0.07647135719069037
9 0.008496817465632264
-11 0.016993634931264528
-3 0.004248408732816132
-11 0.08496817465632264
-19 0.0
19 0.11895544451885169
-39 0.0
4 0.0
1 0.0
-17 0.0
-20 0.0
-27 0.0
7 0.02124204366408066
-5 0.004248408732816132
16 0.004248408732816132
13 0.0
-8 0.0
-11 0.004248408732816132
-15 0.012745226198448395
-11 0.02549045239689679
-20 0.0
-11 0.19117839297672592
-20 0.0
-11 0.19117839297672592
-20 0.0
21 0.02549045239689679
9 0.0
-3 0.0
-15 0.0
9 0.016993634931264528
-3 0.016993634931264528
-11 0.1317006707173001
-20 0.0
17 0.19117839297672592
5 0.0
-7 0.0
-10 0.0
-15 0.0
-19 0.0
-22 0.0
-34 0.0
5 0.0
2 0.0
-15 0.0
-19 0.0
-22 0.0
-7 0.0
-10 0.0
-15 0.0
-19 0.0
9 0.012745226198448395
5 0.004248408732816132
-7 0.0
14 0.008496817465632264
-15 0.0
-17 0.016993634931264528
-3 0.004248408732816132
-19 0.033987269862529056
-17 0.038235678595345185
-10 0.008496817465632264
-19 0.033987269862529056
-17 0.038235678595345185
-19 0.038235678595345185
-17 0.04248408732816132
-19 0.038235678595345185
-17 0.04248408732816132
-19 0.038235678595345185
-17 0.038235678595345185
-19 0.04248408732816132
21 0.012745226198448395
9 0.0
-3 0.0
-15 0.0
9 0.008496817465632264
17 0.008496817465632264
-17 0.008496817465632264
14 0.004248408732816132
-3 0.02549045239689679
-7 0.008496817465632264
-19 0.0
-12 0.033987269862529056
-17 0.008496817465632264
-19 0.038235678595345185
-17 0.04248408732816132
-19 0.038235678595345185
-17 0.038235678595345185
-19 0.04248408732816132
-17 0.038235678595345185
-19 0.038235678595345185
-17 0.04248408732816132
-19 0.038235678595345185
-17 0.04248408732816132
-19 0.038235678595345185
-17 0.038235678595345185
-19 0.04248408732816132
-17 0.038235678595345185
24 0.012745226198448395
12 0.0
0 0.0
21 0.004248408732816132
12 0.0
0 0.0
-12 0.0
-3 0.008496817465632264
12 0.0
0 0.0
17 0.008496817465632264
-12 0.0
-7 0.0
-19 0.004248408732816132
-17 0.04248408732816132
-19 0.038235678595345185
-17 0.04248408732816132
-19 0.038235678595345185
-17 0.038235678595345185
-19 0.04248408732816132
-17 0.038235678595345185
-19 0.038235678595345185
-17 0.04248408732816132
13 0.033987269862529056
25 0.0
21 0.0
13 0.0
1 0.0
-11 0.0
-38 0.0
13 0.0
9 0.0
5 0.0
1 0.0
-26 0.0
-3 0.0
-7 0.0
1 0.0
-11 0.0
-19 0.0
-26 0.0
-19 0.004248408732816132
1 0.004248408732816132
-3 0.0
17 0.0
-11 0.008496817465632264
-7 0.0
-17 0.029738861129712923
-19 0.038235678595345185
-17 0.038235678595345185
-19 0.04248408732816132
-17 0.038235678595345185
-19 0.038235678595345185
-17 0.04248408732816132
-19 0.038235678595345185
-17 0.04248408732816132
-19 0.038235678595345185
-17 0.038235678595345185
29 0.012745226198448395
17 0.0
5 0.0
-7 0.0
17 0.0
5 0.0
25 0.012745226198448395
17 0.004248408732816132
21 0.0
-3 0.004248408732816132
1 0.0
5 0.0
-7 0.0
-19 0.008496817465632264
-17 0.038235678595345185
-19 0.038235678595345185
-17 0.04248408732816132
-19 0.038235678595345185
-17 0.04248408732816132
-19 0.038235678595345185
-17 0.038235678595345185
-19 0.04248408732816132
-17 0.038235678595345185
-19 0.038235678595345185
-17 0.04248408732816132
-19 0.038235678595345185
-17 0.04248408732816132
-19 0.038235678595345185
-17 0.038235678595345185
-19 0.04248408732816132
-17 0.038235678595345185
33 0.012745226198448395
21 0.0
21 0.0
9 0.0
-3 0.0
21 0.0
9 0.0
-3 0.012745226198448395
9 0.0
25 0.004248408732816132
29 0.0
5 0.0
1 0.004248408732816132
-19 0.004248408732816132
-17 0.04248408732816132
-19 0.038235678595345185
-17 0.04248408732816132
-19 0.038235678595345185
-17 0.038235678595345185
-19 0.04248408732816132
-17 0.038235678595345185
-19 0.038235678595345185
-17 0.04248408732816132
-19 0.038235678595345185
-17 0.04248408732816132
-19 0.038235678595345185
-17 0.038235678595345185
37 0.05098090479379358
25 0.0
25 0.0
13 0.0
1 0.0
-30 0.0
13 0.0
10 0.0
-23 0.0
-30 0.0
1 0.0
-2 0.0
10 0.0
6 0.0
-6 0.0
-14 0.0
-23 0.0
-30 0.0
-23 0.0
25 0.004248408732816132
13 0.0
10 0.0
34 0.008496817465632264
30 0.0
13 0.004248408732816132
1 0.004248408732816132
10 0.004248408732816132
6 0.0
-21 0.016993634931264528
-23 0.038235678595345185
-21 0.038235678595345185
-23 0.04248408732816132
-21 0.038235678595345185
-23 0.038235678595345185
-21 0.04248408732816132
-23 0.038235678595345185
-21 0.04248408732816132
-23 0.038235678595345185
-21 0.038235678595345185
-23 0.04248408732816132
-21 0.038235678595345185
-23 0.038235678595345185
-21 0.04248408732816132
-23 0.038235678595345185
-21 0.04248408732816132
-23 0.038235678595345185
-21 0.038235678595345185
-23 0.04248408732816132
-21 0.038235678595345185
-23 0.038235678595345185
-21 0.04248408732816132
34 0.012745226198448395
30 0.0
25 0.0
22 0.0
10 0.0
-2 0.0
22 0.0
22 0.004248408732816132
10 0.0
6 0.0
-2 0.0
1 0.0
-23 0.02124204366408066
-21 0.04248408732816132
-23 0.038235678595345185
-21 0.038235678595345185
-23 0.04248408732816132
-21 0.038235678595345185
-23 0.038235678595345185
-21 0.04248408732816132
-23 0.038235678595345185
-21 0.04248408732816132
-23 0.038235678595345185
-21 0.038235678595345185
-23 0.04248408732816132
30 0.004248408732816132
18 0.0
6 0.0
-6 0.0
18 0.0
6 0.004248408732816132
18 0.0
-6 0.012745226198448395
-21 0.016993634931264528
-23 0.038235678595345185
-21 0.04248408732816132
-23 0.038235678595345185
-21 0.04248408732816132
-23 0.038235678595345185
-21 0.038235678595345185
-23 0.04248408732816132
-21 0.038235678595345185
-23 0.038235678595345185
-21 0.04248408732816132
29 0.038235678595345185
17 0.0
5 0.0
-7 0.0
-29 0.0
17 0.0
5 0.0
1 0.0
-11 0.0
-29 0.0
5 0.0
1 0.0
-7 0.0
-14 0.0
-11 0.0
-29 0.0
-23 0.0
25 0.012745226198448395
17 0.0
1 0.0
5 0.004248408732816132
22 0.004248408732816132
-7 0.0
-2 0.004248408732816132
-21 0.016993634931264528
-23 0.038235678595345185
-21 0.038235678595345185
-19 0.04248408732816132
-17 0.038235678595345185
-19 0.038235678595345185
-17 0.04248408732816132
16 0.033987269862529056
-19 0.004248408732816132
-17 0.04248408732816132
-19 0.038235678595345185
-17 0.038235678595345185
-19 0.04248408732816132
-17 0.038235678595345185
24 0.038235678595345185
12 0.0
0 0.0
-12 0.0
12 0.0
-19 0.0
12 0.012745226198448395
17 0.004248408732816132
0 0.004248408732816132
-7 0.008496817465632264
-12 0.004248408732816132
-17 0.008496817465632264
-19 0.038235678595345185
-17 0.04248408732816132
-19 0.038235678595345185
-17 0.038235678595345185
-19 0.04248408732816132
-17 0.038235678595345185
-19 0.038235678595345185
-17 0.04248408732816132
-19 0.038235678595345185
-17 0.04248408732816132
-19 0.038235678595345185
-11 0.02124204366408066
-38 0.004248408732816132
-17 0.0
-26 0.0
-17 0.012745226198448395
-19 0.04248408732816132
-17 0.038235678595345185
-19 0.038235678595345185
-17 0.04248408732816132
-19 0.038235678595345185
-17 0.04248408732816132
-19 0.038235678595345185
-17 0.038235678595345185
-19 0.04248408732816132
-17 0.038235678595345185
-19 0.038235678595345185
-17 0.04248408732816132
-7 0.008496817465632264
22 0.004248408732816132
10 0.0
-2 0.0
-14 0.0
10 0.0
-2 0.004248408732816132
17 0.004248408732816132
10 0.008496817465632264
-14 0.004248408732816132
-19 0.004248408732816132
-17 0.04248408732816132
-19 0.038235678595345185
-17 0.038235678595345185
-19 0.04248408732816132
-17 0.038235678595345185
-19 0.038235678595345185
-17 0.04248408732816132
-19 0.038235678595345185
-17 0.04248408732816132
21 0.16993634931264529
9 0.0
-3 0.0
-15 0.0
-36 0.0
9 0.0
0 0.0
-15 0.0
-24 0.0
0 0.0
-3 0.0
-12 0.0
-15 0.0
-36 0.0
-24 0.0
9 0.016993634931264528
12 0.008496817465632264
-3 0.0
-15 0.008496817465632264
17 0.0
-7 0.0
-12 0.008496817465632264
-8 0.1062102183204033
4 0.0
0 0.0
4 0.0
-7 0.1444458969157485
5 0.0
2 0.0
5 0.0
-5 0.1444458969157485
7 0.0
4 0.0
-8 0.0
-27 0.0
-36 0.0
7 0.0
4 0.0
7 0.0
4 0.0
-5 0.0
-8 0.0
-15 0.0
-24 0.0
-3 0.14869430564856462
9 0.0
5 0.0
-7 0.0
-27 0.0
-36 0.0
9 0.0
5 0.0
9 0.0
5 0.0
-3 0.0
-7 0.0
-15 0.0
-24 0.0
-12 0.1444458969157485
-3 0.0
0 0.0
0 0.0
-3 0.0
-12 0.0
-15 0.0
-10 0.1444458969157485
2 0.0
-2 0.0
2 0.0
-2 0.0
-14 0.0
-10 0.0
-8 0.14869430564856462
0 0.0
4 0.0
-12 0.0
-27 0.0
-36 0.0
4 0.0
0 0.0
4 0.0
0 0.0
-8 0.0
-12 0.0
-24 0.0
-7 0.1444458969157485
5 0.0
2 0.0
-10 0.0
-27 0.0
-36 0.0
5 0.0
2 0.0
5 0.0
2 0.0
-7 0.0
-10 0.0
-24 0.0
-5 0.14869430564856462
-8 0.0
7 0.0
4 0.0
7 0.0
4 0.0
-5 0.0
-8 0.0
-7 0.1444458969157485
-3 0.0
9 0.0
5 0.0
9 0.0
5 0.0
-3 0.0
-7 0.0
-2 0.1444458969157485
-5 0.0
10 0.0
7 0.0
-24 0.0
-29 0.0
10 0.0
7 0.0
10 0.0
7 0.0
-2 0.0
-5 0.0
-12 0.0
-24 0.0
0 0.14869430564856462
-3 0.0
12 0.0
9 0.0
-24 0.0
-27 0.0
12 0.0
9 0.0
12 0.0
9 0.0
0 0.0
-3 0.0
-12 0.0
-24 0.0
-8 0.1444458969157485
4 0.0
0 0.0
4 0.0
0 0.0
-8 0.0
-12 0.0
-7 0.1444458969157485
5 0.0
2 0.0
5 0.0
2 0.0
-7 0.0
-10 0.0
-5 0.14869430564856462
7 0.0
4 0.0
-8 0.0
-27 0.0
-36 0.0
7 0.0
4 0.0
7 0.0
4 0.0
-5 0.0
-8 0.0
-24 0.0
-3 0.1444458969157485
9 0.0
5 0.0
-7 0.0
-27 0.0
-36 0.0
9 0.0
5 0.0
9 0.0
5 0.0
-3 0.0
-7 0.0
-24 0.0
0 0.14869430564856462
12 0.0
9 0.0
12 0.0
9 0.0
12 0.0
9 0.0
0 0.0
-3 0.0
2 0.1444458969157485
14 0.0
10 0.0
-6 0.0
-10 0.0
-14 0.0
-36 0.0
14 0.0
10 0.0
14 0.0
10 0.0
14 0.0
10 0.0
-6 0.0
-10 0.0
-14 0.0
2 0.0
-2 0.0
-24 0.0
-6 0.1444458969157485
6 0.0
2 0.0
6 0.0
2 0.0
-6 0.0
-10 0.0
-5 0.14869430564856462
-2 0.0
7 0.0
4 0.0
7 0.0
4 0.0
-5 0.0
-8 0.0
-3 0.1444458969157485
9 0.0
6 0.0
-36 0.0
9 0.0
6 0.0
9 0.0
6 0.0
-3 0.0
-6 0.0
-3 0.0
-6 0.0
-6 0.0
-10 0.0
-14 0.0
-3 0.0
-24 0.0
-2 0.1444458969157485
-5 0.0
10 0.0
7 0.0
-36 0.0
10 0.0
7 0.0
10 0.0
7 0.0
-2 0.0
-5 0.0
-2 0.0
-5 0.0
-5 0.0
-10 0.0
-14 0.0
-2 0.0
-24 0.0
0 0.14869430564856462
12 0.0
9 0.0
12 0.0
9 0.0
0 0.0
-3 0.0
2 0.1444458969157485
14 0.0
10 0.0
14 0.0
10 0.0
2 0.0
-2 0.0
4 0.14869430564856462
16 0.0
12 0.0
0 0.0
16 0.0
12 0.0
4 0.0
0 0.0
4 0.0
0 0.0
5 0.1444458969157485
17 0.0
14 0.0
2 0.0
-29 0.0
17 0.0
14 0.0
5 0.0
2 0.0
5 0.0
2 0.0
-14 0.0
-29 0.0
1 0.0
-2 0.0
-19 0.0
7 0.1444458969157485
4 0.0
19 0.0
16 0.0
19 0.0
16 0.0
7 0.0
4 0.0
7 0.0
4 0.0
9 0.14869430564856462
21 0.0
17 0.0
5 0.0
-23 0.0
-26 0.0
21 0.0
17 0.0
9 0.0
5 0.0
9 0.0
5 0.0
-11 0.0
-26 0.0
-3 0.0
-7 0.0
-11 0.0
5 0.0
1 0.0
-19 0.0
13 0.1444458969157485
25 0.0
10 0.0
7 0.0
22 0.0
19 0.0
22 0.0
19 0.0
10 0.0
7 0.0
10 0.0
7 0.0
1 0.004248408732816132
-11 0.016993634931264528
12 0.22941407157207114
0 0.0
16 0.0
24 0.0
-12 0.0
-24 0.0
-2 0.0
-8 0.0
-12 0.0
4 0.0
0 0.0
27 0.008496817465632264
-24 0.0
-26 0.0
24 0.0
10 0.0
12 0.0
10 0.0
12 0.0
-24 0.0
15 0.008496817465632264
-9 0.02124204366408066
3 0.004248408732816132
28 0.23791088903770338
16 0.0
4 0.004248408732816132
-8 0.016993634931264528
29 0.23791088903770338
17 0.0
12 0.0
9 0.0
0 0.0
-7 0.0
17 0.0
12 0.0
9 0.0
12 0.0
9 0.0
-19 0.0
-31 0.0
0 0.0
-12 0.0
5 0.0
-3 0.0
-19 0.0
-12 0.0
17 0.012745226198448395
24 0.0
21 0.004248408732816132
5 0.004248408732816132
-7 0.004248408732816132
0 0.008496817465632264
-3 0.004248408732816132
27 0.1996752104423582
15 0.008496817465632264
3 0.0
-9 0.004248408732816132
5 0.10196180958758716
0 0.0
5 0.0
-3 0.0
2 0.11045862705321943
26 0.0
14 0.004248408732816132
-10 0.016993634931264528
5 0.04248408732816132
0 0.0
5 0.0
-3 0.0
25 0.1741847580454614
17 0.0
13 0.0
1 0.0
-11 0.0
5 0.0
-7 0.0
-15 0.0
-19 0.0
-23 0.0
-31 0.0
17 0.0
5 0.0
5 0.0
1 0.0
5 0.0
-4 0.0
-19 0.0
-31 0.0
-7 0.0
-11 0.0
-16 0.0
-19 0.0
-12 0.0
13 0.004248408732816132
1 0.008496817465632264
17 0.004248408732816132
-11 0.0
-4 0.004248408732816132
-7 0.004248408732816132
20 0.012745226198448395
24 0.19542680170954208
0 0.0
-12 0.004248408732816132
12 0.008496817465632264
5 0.08921658338913876
1 0.0
5 0.0
-4 0.0
-1 0.1062102183204033
23 0.0
-13 0.0
11 0.004248408732816132
5 0.055229313526609716
1 0.0
5 0.0
-4 0.0
18 0.07647135719069037
27 0.0934649921219549
17 0.0
15 0.0
5 0.0
3 0.0
-7 0.0
-9 0.0
-15 0.0
-19 0.0
-24 0.0
-31 0.0
17 0.0
5 0.0
5 0.0
3 0.0
0 0.0
-3 0.0
-19 0.0
-31 0.0
-7 0.0
-9 0.0
-12 0.0
-15 0.0
-19 0.0
-12 0.0
21 0.004248408732816132
15 0.0
17 0.004248408732816132
-3 0.0
3 0.004248408732816132
-9 0.008496817465632264
-7 0.0
25 0.1996752104423582
13 0.004248408732816132
1 0.008496817465632264
-11 0.004248408732816132
5 0.0934649921219549
3 0.0
0 0.0
-3 0.0
0 0.11470703578603557
24 0.0
12 0.008496817465632264
-12 0.004248408732816132
5 0.038235678595345185
3 0.0
0 0.0
-3 0.0
23 0.16568794057982913
17 0.0
11 0.0
5 0.0
3 0.0
-1 0.0
-7 0.0
-10 0.0
-13 0.0
-9 0.0
-19 0.0
-25 0.0
17 0.0
5 0.0
5 0.0
-1 0.0
3 0.0
-4 0.0
-19 0.0
-31 0.0
-7 0.0
-9 0.0
-13 0.0
-16 0.0
-19 0.0
-12 0.0
11 0.004248408732816132
-1 0.004248408732816132
-13 0.0
-4 0.0
17 0.008496817465632264
14 0.004248408732816132
-7 0.008496817465632264
22 0.18268157551109368
10 0.016993634931264528
-2 0.0
-14 0.004248408732816132
5 0.08921658338913876
-1 0.0
3 0.0
-4 0.0
20 0.10196180958758716
8 0.004248408732816132
-4 0.0
-16 0.012745226198448395
5 0.04248408732816132
-1 0.0
3 0.0
-4 0.0
25 0.161439531847013
13 0.0
17 0.0
13 0.0
1 0.0
5 0.0
-7 0.0
-11 0.0
-16 0.0
-19 0.0
-23 0.0
-31 0.0
17 0.0
5 0.0
5 0.0
1 0.0
5 0.0
-4 0.0
-19 0.0
-31 0.0
-7 0.0
-11 0.0
-16 0.0
-19 0.0
-12 0.0
-11 0.008496817465632264
-4 0.0
20 0.0
1 0.004248408732816132
17 0.0
-7 0.016993634931264528
24 0.19117839297672592
12 0.008496817465632264
0 0.0
-12 0.004248408732816132
5 0.0934649921219549
1 0.0
5 0.0
-4 0.0
-2 0.1062102183204033
22 0.004248408732816132
10 0.008496817465632264
-14 0.0
5 0.04673249606097745
1 0.0
5 0.0
-4 0.0
21 0.161439531847013
9 0.0
17 0.0
9 0.0
5 0.0
1 0.0
-11 0.0
-7 0.0
-15 0.0
-19 0.0
-23 0.0
-31 0.0
17 0.0
5 0.0
5 0.0
-3 0.0
5 0.0
1 0.0
-19 0.0
-31 0.0
-7 0.0
-11 0.0
-15 0.0
-19 0.0
-12 0.0
-3 0.004248408732816132
13 0.0
-15 0.008496817465632264
-11 0.0
20 0.20392361917517432
-4 0.008496817465632264
8 0.0
-16 0.004248408732816132
5 0.0934649921219549
-3 0.0
5 0.0
1 0.0
-5 0.1062102183204033
19 0.0
7 0.008496817465632264
-17 0.004248408732816132
5 0.038235678595345185
-3 0.0
5 0.0
1 0.0
18 0.161439531847013
6 0.0
10 0.0
1 0.0
-6 0.0
-14 0.0
-23 0.0
-30 0.0
6 0.0
-2 0.0
6 0.0
1 0.0
-18 0.0
-30 0.0
-6 0.0
-11 0.0
-14 0.0
-23 0.0
-6 0.008496817465632264
-14 0.0
10 0.004248408732816132
-18 0.004248408732816132
17 0.19542680170954208
5 0.008496817465632264
-7 0.008496817465632264
-19 0.004248408732816132
6 0.08496817465632264
1 0.0
-6 0.0
-14 0.0
-11 0.0
15 0.09771340085477104
3 0.008496817465632264
-9 0.008496817465632264
-21 0.004248408732816132
13 0.19542680170954208
5 0.0
1 0.0
-7 0.0
-11 0.0
-17 0.0
5 0.0
5 0.0
-17 0.0
-29 0.0
-7 0.0
1 0.004248408732816132
-11 0.0
-23 0.0
12 0.2124204366408066
-12 0.0
0 0.008496817465632264
-24 0.004248408732816132
4 0.0934649921219549
0 0.0
-2 0.0
-5 0.0
-14 0.0
-12 0.0
3 0.0
0 0.0
4 0.0
-2 0.0
-12 0.0
-24 0.0
-5 0.0
-8 0.0
-12 0.0
-14 0.0
-24 0.0
10 0.08496817465632264
-2 0.008496817465632264
-14 0.008496817465632264
-26 0.004248408732816132
0 0.012745226198448395
17 0.1996752104423582
5 0.0
0 0.0
-3 0.0
-7 0.0
-12 0.0
-19 0.0
5 0.0
-3 0.0
5 0.0
0 0.0
-19 0.0
-31 0.0
-7 0.0
-12 0.0
-15 0.0
-19 0.0
5 0.012745226198448395
-12 0.0
9 0.0
-7 0.004248408732816132
12 0.0
-19 0.004248408732816132
-15 0.008496817465632264
15 0.17843316677827753
3 0.012745226198448395
-9 0.0
-21 0.008496817465632264
3 0.08921658338913876
-3 0.0
-7 0.0
-12 0.0
-16 0.0
14 0.09771340085477104
2 0.004248408732816132
-10 0.004248408732816132
-22 0.008496817465632264
2 0.04248408732816132
13 0.1571911231141969
1 0.0
1 0.0
-5 0.0
-7 0.0
-11 0.0
-14 0.0
1 0.0
-14 0.0
-26 0.0
-5 0.0
-7 0.0
-11 0.0
-19 0.0
-11 0.004248408732816132
-23 0.0
12 0.1996752104423582
-12 0.008496817465632264
0 0.0
-24 0.016993634931264528
2 0.08496817465632264
-4 0.0
-7 0.0
-10 0.0
-13 0.0
2 0.0
-13 0.0
-25 0.0
-4 0.0
-7 0.0
-10 0.0
5 0.0
-19 0.0
-1 0.08921658338913876
-13 0.0
11 0.0
-25 0.004248408732816132
15 0.22091725410643887
3 0.0
-3 0.0
-7 0.0
-9 0.0
-12 0.0
3 0.0
-12 0.0
-24 0.0
-3 0.0
-7 0.0
-9 0.0
5 0.0
-19 0.0
3 0.004248408732816132
9 0.004248408732816132
-9 0.004248408732816132
-15 0.0
-21 0.008496817465632264
13 0.19542680170954208
1 0.0
-11 0.004248408732816132
-23 0.004248408732816132
1 0.08921658338913876
-7 0.0
-9 0.0
-15 0.0
-19 0.0
12 0.10196180958758716
0 0.016993634931264528
-12 0.0
-24 0.004248408732816132
0 0.033987269862529056
11 0.1571911231141969
-1 0.0
-1 0.0
-7 0.0
-11 0.0
-13 0.0
-16 0.0
-1 0.0
-16 0.0
-28 0.0
-7 0.0
-10 0.0
-13 0.0
-19 0.0
-13 0.012745226198448395
-25 0.004248408732816132
10 0.19542680170954208
-2 0.012745226198448395
-14 0.0
-26 0.008496817465632264
0 0.08496817465632264
-7 0.0
-9 0.0
-12 0.0
-15 0.0
0 0.0
-15 0.0
-27 0.0
-7 0.0
-9 0.0
-12 0.0
5 0.0
-19 0.0
9 0.10196180958758716
-15 0.0
-3 0.0
-27 0.004248408732816132
13 0.2124204366408066
1 0.0
1 0.0
-7 0.0
-11 0.0
-14 0.0
1 0.0
-14 0.0
-26 0.0
-7 0.0
-11 0.0
-14 0.0
5 0.0
-19 0.0
-11 0.008496817465632264
5 0.004248408732816132
-19 0.0
-23 0.0
12 0.19117839297672592
0 0.004248408732816132
-12 0.012745226198448395
-24 0.004248408732816132
0 0.08496817465632264
-7 0.0
-11 0.0
-16 0.0
-19 0.0
10 0.10196180958758716
-2 0.004248408732816132
-14 0.004248408732816132
-26 0.004248408732816132
-2 0.038235678595345185
9 0.15294271438138074
-3 0.0
-7 0.0
-11 0.0
-15 0.0
-18 0.0
-3 0.0
-18 0.0
-30 0.0
-7 0.0
-11 0.0
-14 0.0
-19 0.0
-3 0.008496817465632264
-27 0.008496817465632264
-15 0.004248408732816132
6 0.19117839297672592
-6 0.008496817465632264
-18 0.004248408732816132
-2 0.08921658338913876
-7 0.0
-11 0.0
-14 0.0
-17 0.0
-2 0.0
-17 0.0
-29 0.0
-7 0.0
-11 0.0
-14 0.0
-19 0.0
5 0.10196180958758716
-7 0.004248408732816132
-19 0.004248408732816132
1 0.20392361917517432
1 0.0
-7 0.0
-11 0.0
-15 0.0
1 0.0
-15 0.0
-27 0.0
-7 0.0
-11 0.0
-14 0.0
-19 0.0
-11 0.004248408732816132
-23 0.004248408732816132
0 0.20392361917517432
-12 0.004248408732816132
-24 0.004248408732816132
5 0.08496817465632264
1 0.0
-7 0.0
-11 0.0
-14 0.0
5 0.0
-7 0.0
-11 0.0
-14 0.0
-26 0.0
-2 0.0
-7 0.0
-11 0.0
-2 0.0934649921219549
-14 0.012745226198448395
-26 0.008496817465632264
-18 0.19117839297672592
-30 0.0
-6 0.0
10 0.0
5 0.0
-7 0.0
-14 0.0
-11 0.0
10 0.0
-11 0.0
-23 0.0
-7 0.20392361917517432
-19 0.008496817465632264
-31 0.008496817465632264
12 0.1062102183204033
4 0.0
0 0.0
-2 0.0
-12 0.0
12 0.0
-8 0.0
-12 0.0
-17 0.0
-24 0.0
-2 0.0
-8 0.0
-12 0.0
4 0.0
-24 0.0
-8 0.08921658338913876
-24 0.008496817465632264
-14 0.004248408732816132
-7 0.22941407157207114
5 0.0
0 0.0
-3 0.0
-7 0.0
-19 0.0
5 0.0
-7 0.0
-19 0.0
-31 0.0
-3 0.0
-7 0.0
-12 0.0
5 0.0
-19 0.0
-24 0.004248408732816132
-15 0.004248408732816132
-31 0.004248408732816132
-43 0.2549045239689679
-31 0.0
-15 0.12745226198448395
-19 0.008496817465632264
-24 0.13594907945011622
-31 0.0
-12 0.12320385325166783
-15 0.0
-19 0.11470703578603557
-24 0.0
-7 0.11895544451885169
-12 0.0
-15 0.016993634931264528
-15 0.1317006707173001
-19 0.0
-24 0.0
17 0.0
9 0.0
5 0.0
-19 0.0
-31 0.0
17 0.0
12 0.0
9 0.0
-19 0.0
-19 0.0
-12 0.0
-3 0.11045862705321943
-15 0.004248408732816132
-12 0.012745226198448395
-24 0.12745226198448395
-19 0.008496817465632264
-31 0.008496817465632264
-15 0.0934649921219549
-12 0.012745226198448395
-24 0.12745226198448395
-19 0.004248408732816132
-7 0.10196180958758716
-12 0.004248408732816132
-15 0.11045862705321943
-3 0.11895544451885169
-7 0.008496817465632264
-15 0.12320385325166783
-12 0.004248408732816132
-19 0.0
17 0.0
9 0.0
5 0.0
-19 0.0
-31 0.0
17 0.0
12 0.0
9 0.0
-19 0.0
0 0.0
-3 0.0
-7 0.0
-19 0.0
-12 0.0
-3 0.10196180958758716
0 0.008496817465632264
-7 0.0
-15 0.13594907945011622
-19 0.004248408732816132
-24 0.0
-7 0.11470703578603557
-15 0.11895544451885169
17 0.0
9 0.0
5 0.0
-19 0.0
-31 0.0
17 0.0
12 0.0
9 0.0
-19 0.0
0 0.0
-3 0.0
-7 0.0
-19 0.0
-12 0.0
-12 0.004248408732816132
-19 0.0
-3 0.1062102183204033
-7 0.016993634931264528
-15 0.14019748818293234
-19 0.004248408732816132
-12 0.0
0 0.12320385325166783
-3 0.004248408732816132
-7 0.004248408732816132
-7 0.12320385325166783
-15 0.0
-12 0.004248408732816132
0 0.11895544451885169
5 0.004248408732816132
-3 0.004248408732816132
-15 0.11895544451885169
-19 0.008496817465632264
-24 0.008496817465632264
-3 0.1062102183204033
-7 0.008496817465632264
-15 0.10196180958758716
-12 0.004248408732816132
17 0.0
9 0.0
5 0.0
-19 0.0
-31 0.0
17 0.0
12 0.0
9 0.0
-19 0.0
0 0.0
-3 0.0
-7 0.0
-19 0.0
-12 0.0
-19 0.004248408732816132
-3 0.12745226198448395
0 0.008496817465632264
-15 0.11045862705321943
-12 0.004248408732816132
-7 0.0
5 0.1062102183204033
0 0.004248408732816132
-3 0.12320385325166783
-7 0.004248408732816132
-12 0.012745226198448395
9 0.10196180958758716
0 0.004248408732816132
5 0.016993634931264528
-7 0.11045862705321943
-3 0.0
0 0.0
0 0.0
-3 0.0
-19 0.0
-31 0.0
-24 0.0
-31 0.0
-12 0.0
-15 0.0
-19 0.0
-19 0.0
12 0.11045862705321943
9 0.004248408732816132
5 0.008496817465632264
0 0.1062102183204033
-7 0.0
-3 0.0
17 0.11470703578603557
5 0.0
12 0.0
-5 0.12320385325166783
0 0.0
5 0.0
-7 0.0
0 0.0
-3 0.0
-19 0.0
-24 0.0
-19 0.0
-24 0.0
-7 0.0
-15 0.0
-19 0.0
-31 0.0
-19 0.0
19 0.11045862705321943
7 0.012745226198448395
12 0.004248408732816132
-3 0.11045862705321943
0 0.004248408732816132
5 0.0
-7 0.0
0 0.0
-3 0.0
-19 0.0
-24 0.0
21 0.0934649921219549
9 0.004248408732816132
-3 0.1317006707173001
-12 0.0
-31 0.0
0 0.0
-3 0.0
-7 0.0
-12 0.0
-19 0.0
-7 0.004248408732816132
-12 0.008496817465632264
5 0.004248408732816132
0 0.10196180958758716
9 0.004248408732816132
5 0.016993634931264528
-3 0.11895544451885169
-7 0.0
0 0.0
17 0.11470703578603557
12 0.0
12 0.008496817465632264
9 0.0
5 0.02124204366408066
-3 0.07647135719069037
5 0.0
12 0.0
0 0.0
-3 0.0
-7 0.0
-12 0.0
-31 0.0
0 0.0
-3 0.0
-7 0.0
-19 0.0
0 0.004248408732816132
21 0.11470703578603557
12 0.012745226198448395
17 0.004248408732816132
5 0.1741847580454614
24 0.0
21 0.0
0 0.0
9 0.0
12 0.0
0 0.0
-3 0.0
-7 0.0
-12 0.0
-19 0.0
12 0.004248408732816132
17 0.016993634931264528
29 0.23366248030488726
24 0.0
17 0.0
9 0.0
0 0.0
-12 0.0
-15 0.0
-19 0.0
17 0.0
12 0.0
9 0.0
-12 0.0
0 0.0
-12 0.0
5 0.0
-3 0.0
-19 0.0
17 0.004248408732816132
9 0.0
21 0.0
12 0.004248408732816132
5 0.0
0 0.012745226198448395
33 0.22941407157207114
21 0.0
21 0.0
9 0.0
0 0.0
-12 0.0
-15 0.0
-19 0.0
21 0.0
17 0.0
12 0.0
9 0.0
9 0.0
-12 0.0
0 0.0
-12 0.0
9 0.0
5 0.0
-19 0.0
24 0.004248408732816132
9 0.0
12 0.0
5 0.004248408732816132
0 0.012745226198448395
7 0.225165662839255
12 0.008496817465632264
34 0.0
10 0.0
22 0.0
10 0.0
0 0.0
-12 0.0
-14 0.0
-19 0.0
22 0.0
19 0.0
10 0.0
7 0.0
12 0.0
-12 0.0
0 0.0
-12 0.0
10 0.0
7 0.0
-19 0.0
22 0.004248408732816132
0 0.0
31 0.0
29 0.004248408732816132
36 0.2676497501674163
24 0.0
12 0.0
0 0.0
-12 0.0
-15 0.0
24 0.0
21 0.0
12 0.0
9 0.0
17 0.0
-12 0.0
-12 0.0
0 0.0
12 0.0
9 0.0
-24 0.0
-12 0.0
24 0.004248408732816132
9 0.0
33 0.0
29 0.004248408732816132
12 0.0
5 0.0
0 0.004248408732816132
0 0.4928154130066713
-12 0.0
24 0.038235678595345185
16 0.0
10 0.0
0 0.0
-8 0.0
-17 0.0
-24 0.0
16 0.0
12 0.0
10 0.0
10 0.0
-24 0.0
4 0.0
-2 0.0
-24 0.0
-12 0.0
19 0.008496817465632264
10 0.004248408732816132
12 0.0
16 0.0
-5 0.004248408732816132
-8 0.0
0 0.0
-12 0.0
-2 0.0
29 0.5268026828692004
-3 0.016993634931264528
17 0.0
9 0.0
5 0.0
0 0.0
-7 0.0
-7 0.0
-15 0.0
-19 0.0
-24 0.0
-31 0.0
17 0.0
12 0.0
9 0.0
9 0.0
-31 0.0
0 0.0
-12 0.0
5 0.0
-3 0.0
-19 0.0
-12 0.0
24 0.004248408732816132
5 0.0
0 0.0
21 0.0
17 0.0
-7 0.008496817465632264
-3 0.4800701868082229
-8 0.0
-3 0.0
-8 0.0
-24 0.0
-3 0.0
-8 0.0
-12 0.0
-14 0.0
-3 0.0
-8 0.0
-24 0.0
-14 0.008496817465632264
-12 0.0
-24 0.0
-36 0.008496817465632264
-24 0.24215929777051953
-12 0.004248408732816132
-5 0.0
-8 0.0
-24 0.0
-5 0.0
-8 0.0
-12 0.0
-14 0.0
-5 0.0
-8 0.0
-24 0.0
-36 0.012745226198448395
-12 0.08496817465632264
-3 0.0
-8 0.0
-24 0.0
-3 0.0
-8 0.0
-12 0.0
-14 0.0
-3 0.0
-8 0.0
-24 0.0
-24 0.016993634931264528
-36 0.0
-7 0.13594907945011622
-15 0.0
-19 0.0
-7 0.0
-12 0.0
-19 0.0
-24 0.0
-7 0.0
-12 0.0
-15 0.0
-7 0.0
-19 0.0
-31 0.012745226198448395
-43 0.004248408732816132
-9 1.189554445188517
